registration_no,book_no,book_label,district,office,deed_type,registration_date,presentation_date,consideration_amount,old_reg_no,year,has_scan,has_pdf,source
910020500668,1,SALE,ANGUL,ATHAMALLIK,SALE IMMOVABLE,19-Sep-2005,19-Sep-2005,23000,668,2005,True,True,render_gcs_ingest
910010800382,1,SALE,ANGUL,ANGUL,SALE IMMOVABLE,25-Feb-2008,29-Jan-2008,31500,382,2008,True,True,render_gcs_ingest
910010501071,1,SALE,UNKNOWN,UNKNOWN,SALE IMMOVABLE,,,12000,,2005,True,True,render_gcs_ingest
910620400590,1,SALE,GANJAM,UNKNOWN,SALE IMMOVABLE,,,0,,2004,True,True,render_gcs_ingest
911070800174,1,SALE,KEONJHAR,TELKOI,SALE IMMOVABLE,24-Feb-2008,24-Feb-2008,3000,174,2008,True,True,render_gcs_ingest
910010702694,1,SALE,UNKNOWN,UNKNOWN,SALE IMMOVABLE,,,,,2007,True,True,render_gcs_ingest
940939500021,4,MISC,KENDRAPARA,KENDRAPARA,SALE IMMOVABLE,29-Apr-1995,28-Apr-1995,0,21,1995,True,True,render_gcs_ingest
910020000024,1,SALE,ANGUL,ATHAMALLIK,SALE IMMOVABLE,12-Jan-2000,12-Jan-2000,0,24,2000,True,True,render_gcs_ingest
910010701590,1,SALE,UNKNOWN,UNKNOWN,SALE IMMOVABLE,,,,,2007,True,True,render_gcs_ingest
910100302112,1,SALE,BALASORE,JALESWARPUR,SALE IMMOVABLE,29-Jun-2003,29-Jun-2003,160000,2112,2003,True,True,render_gcs_ingest
910010902402,1,SALE,ANGUL,UNKNOWN,SALE IMMOVABLE,,,,,2009,True,True,render_gcs_ingest
910010901616,1,SALE,ANGUL,ANGUL,SALE IMMOVABLE,03-Jun-2009,06-Apr-2009,15400,1616,2009,True,True,render_gcs_ingest
910010301142,1,SALE,UNKNOWN,ANGUL,SALE IMMOVABLE,,29-Apr-2003,24000,1142,2003,True,True,render_gcs_ingest
910010704397,1,SALE,UNKNOWN,ANGUL,SALE IMMOVABLE,08-Nov-2007,25-Sep-2007,12000,4397,2007,True,True,render_gcs_ingest
911090201191,1,SALE,KHURDA,BALIPATNA,SALE IMMOVABLE,15-Aug-2002,15-Aug-2002,4125,1191,2002,True,True,render_gcs_ingest
910010403078,1,SALE,ANGUL,ANGUL,SALE IMMOVABLE,,06-Oct-2004,,3078,2004,True,True,render_gcs_ingest
910019802244,1,SALE,ANGUL,ANGUL,SALE IMMOVABLE,02-Dec-1998,09-Nov-1998,3125,2244,1998,True,True,render_gcs_ingest
910990400039,1,SALE,KENDRAPARA,KANIKA,SALE IMMOVABLE,01-Feb-2004,01-Feb-2004,3000,39,2004,True,True,render_gcs_ingest
910020800540,1,SALE,ANGUL,ATHAMALLIK,SALE IMMOVABLE,22-Mar-2008,22-Mar-2008,81000,540,2008,True,True,render_gcs_ingest
940930200026,4,MISC,UNKNOWN,UNKNOWN,SALE IMMOVABLE,17-Jun-2002,12-Jun-2002,0,26,2002,True,True,render_gcs_ingest
910010504194,1,SALE,ANGUL,ANGUL,SALE IMMOVABLE,29-Dec-2005,,0,4194,2005,True,True,render_gcs_ingest
910200900771,1,SALE,BARGARH,BHATLI,SALE IMMOVABLE,10-Mar-2009,10-Mar-2009,33500,771,2009,True,True,render_gcs_ingest
911730500356,1,SALE,UNKNOWN,UNKNOWN,LEASE WITH ADVANCE ONLY(IMMOVABLE),,15-Jun-2005,,,2005,True,True,render_gcs_ingest
910010903011,1,SALE,ANGUL,ANGUL,SALE IMMOVABLE,01-Sep-2009,30-Jun-2009,11000,3011,2009,True,True,render_gcs_ingest
910080700048,1,SALE,UNKNOWN,BASTA,SALE IMMOVABLE,06-Jan-2007,,41105,48,2007,True,True,render_gcs_ingest
910010802174,1,SALE,UNKNOWN,UNKNOWN,SALE IMMOVABLE,,,44200,2174,2008,True,True,render_gcs_ingest
910010301307,1,SALE,ANGUL,ANGUL,RECONVEYANCE OF MORTGAGE,30-May-2003,22-May-2003,0,1307,2003,True,True,render_gcs_ingest
910069804222,1,SALE,BALASORE,BALASORE,SALE IMMOVABLE,22-Sep-1998,22-Sep-1998,6000,4222,1998,True,True,render_gcs_ingest
910010500580,1,SALE,UNKNOWN,UNKNOWN,SALE IMMOVABLE,,,,,2005,True,True,render_gcs_ingest
910010503632,1,SALE,ANGUL,ANGUL,SALE IMMOVABLE,04-Dec-2005,04-Oct-2005,168000,3632,2005,True,True,render_gcs_ingest
910350500651,1,SALE,BOLANGIR,TUSURA,SALE IMMOVABLE,30-Jan-2005,30-Jan-2005,36500,651,2005,True,True,render_gcs_ingest
911580500769,1,SALE,RAYAGADA,RAYAGADA,SALE IMMOVABLE,09-Apr-2005,,14100,769,2005,True,True,render_gcs_ingest
930880800009,3,WILL,KALAHANDI,BHAWANIPATNA,OPEN WILL,,,,,,True,True,render_gcs_ingest
930640800033,3,WILL,UNKNOWN,UNKNOWN,OPEN WILL,13-Jun-2008,13-Jun-2008,,33,2008,True,True,render_gcs_ingest
930860500102,3,WILL,UNKNOWN,UNKNOWN,OPEN WILL,,,,,2005,True,True,render_gcs_ingest
931260600102,3,WILL,MAYURBHANJ,MAYURBHANJ,OPEN WILL,05-Dec-2006,05-Dec-2006,,102,2006,True,True,render_gcs_ingest
931200500035,3,WILL,KORAPUT,KOTPAD,OPEN WILL,13-May-2005,13-May-2005,,35,2005,True,True,render_gcs_ingest
930579700007,3,WILL,GANJAM,CHHATRAPUR,OPEN WILL,,20-Feb-1997,,7,1997,True,True,render_gcs_ingest
930500400021,3,WILL,DHENKANAL,DHENKANAL,OPEN WILL,30-Apr-2004,30-Apr-2004,,21,2004,True,False,render_gcs_ingest
930610500120,3,WILL,UNKNOWN,UNKNOWN,OPEN WILL,12-Aug-2005,,,120,2005,True,True,render_gcs_ingest
930440900003,3,WILL,UNKNOWN,UNKNOWN,OPEN WILL,,,,3,2009,True,False,render_gcs_ingest
930869800011,3,WILL,UNKNOWN,UNKNOWN,OPEN WILL,,,,,1998,True,True,render_gcs_ingest
931220900004,3,WILL,KORAPUT,UNKNOWN,OPEN WILL,,,,,2009,True,True,render_gcs_ingest
930550900044,3,WILL,GAJAPATI,PARALAKHEMUNDI,OPEN WILL,26-Aug-2009,26-Aug-2009,,44,2009,True,True,render_gcs_ingest
930610500089,3,WILL,UNKNOWN,BERHAMPUR-I,OPEN WILL,,,,89,2005,True,True,render_gcs_ingest
930370500025,3,WILL,BOUDH,BOUDH,OPEN WILL,08-Jun-2005,08-Jun-2005,,25,2005,True,True,render_gcs_ingest
930319500052,3,WILL,BOLANGIR,BALANGIR,OPEN WILL,14-Nov-1995,14-Nov-1995,,52,1995,True,True,render_gcs_ingest
940850200003,4,MISC,JAJPUR,MANGALPUR,ADOPTION,03-May-2002,03-May-2002,,3,2002,True,True,render_gcs_ingest
931370900069,3,WILL,NAYAGARH,NAYAGARH,OPEN WILL,23-Dec-2009,21-Dec-2009,,69,2009,True,True,render_gcs_ingest
930390200044,3,WILL,CUTTACK,CUTTACK,OPEN WILL,20-Jun-2002,20-Jun-2002,,44,2002,True,True,render_gcs_ingest
931629700074,3,WILL,UNKNOWN,UNKNOWN,OPEN WILL,,,,,1997,True,True,render_gcs_ingest
931000900019,3,WILL,UNKNOWN,UNKNOWN,OPEN WILL,01-Jun-2009,01-Jun-2009,,19,2009,True,True,render_gcs_ingest
930860600097,3,WILL,JHARSUGUDA,JHARSUGUDA,OPEN WILL,10-Nov-2006,,,97,2006,True,True,render_gcs_ingest
930390400035,3,WILL,CUTTACK,CUTTACK,OPEN WILL,02-Jun-2004,02-Jun-2004,,35,2004,True,True,render_gcs_ingest
940689500010,4,MISC,GANJAM,PURUSOTTAMPUR,ADOPTION,03-May-1995,26-Apr-1995,,10,1995,True,True,render_gcs_ingest
930619500045,3,WILL,GANJAM,BERHAMPUR-I,OPEN WILL,,29-Jun-1995,,45,1995,True,False,render_gcs_ingest
931370500063,3,WILL,NAYAGARH,NAYAGARH,OPEN WILL,05-Oct-2005,05-Oct-2005,,63,2005,True,True,render_gcs_ingest
930830400002,3,WILL,JAJPUR,MANSADA,OPEN WILL,,,,,2004,True,True,render_gcs_ingest
940399800085,4,MISC,CUTTACK,CUTTACK,ADOPTION,06-Mar-1998,06-Mar-1998,,85,1998,True,True,render_gcs_ingest
930610400055,3,WILL,UNKNOWN,UNKNOWN,OPEN WILL,,,,,2004,True,True,render_gcs_ingest
930310600018,3,WILL,UNKNOWN,UNKNOWN,OPEN WILL,,,,,,True,True,render_gcs_ingest
930319900024,3,WILL,UNKNOWN,UNKNOWN,OPEN WILL,,,,,1999,True,False,render_gcs_ingest
930930200006,3,WILL,KENDRAPARA,KENDRAPARA,OPEN WILL,17-Sep-2002,09-Sep-2002,,6,2002,True,True,render_gcs_ingest
931330500042,3,WILL,UNKNOWN,UNKNOWN,OPEN WILL,,,,,2005,True,True,render_gcs_ingest
940420200013,4,MISC,UNKNOWN,UNKNOWN,GENERAL POA WITHOUT PROPERTY,,,,,2002,True,False,render_gcs_ingest
940390200521,4,MISC,CUTTACK,CUTTACK,OTHER DEED,,,,521,2002,True,False,render_gcs_ingest
940240200008,4,MISC,BHADRAK,BASUDEVPUR,CANCELLATION OF POA,20-Feb-2002,20-Feb-2002,,8,2002,True,True,render_gcs_ingest
940390200365,4,MISC,CUTTACK,CUTTACK,GENERAL POA WITHOUT PROPERTY,24-May-2002,24-May-2002,,365,2002,True,True,render_gcs_ingest
940390200554,4,MISC,UNKNOWN,UNKNOWN,OTHER DEED,,,,,2002,True,False,render_gcs_ingest
940019500065,4,MISC,ANGUL,ANGUL,PARTNERSHIP MORE THAN RS.500,20-Sep-1995,19-Sep-1995,,65,1995,True,True,render_gcs_ingest
940399800157,4,MISC,CUTTACK,CUTTACK,GENERAL AGREEMENT,21-Mar-1998,20-Mar-1998,146000,157,1998,True,True,render_gcs_ingest
931080900157,3,WILL,KHURDA,KHURDA(BBSR),OTHER DEED,22-Dec-2009,22-Dec-2009,,157,2009,True,True,render_gcs_ingest
940619600076,4,MISC,GANJAM,UNKNOWN,GENERAL POA WITHOUT PROPERTY,,09-Apr-1996,,76,1996,True,True,render_gcs_ingest
940619800090,4,MISC,GANJAM,BERHAMPUR-I,GENERAL AGREEMENT,,,18000,,1998,True,True,render_gcs_ingest
941080200289,4,MISC,UNKNOWN,UNKNOWN,GENERAL POA WITHOUT PROPERTY,,,,,2002,True,True,render_gcs_ingest
930609700041,3,WILL,GANJAM,BERHAMPUR-II,OTHER DEED,26-Mar-1997,14-Mar-1997,,41,1997,True,True,render_gcs_ingest
941080200058,4,MISC,KHURDA,KHURDA(BBSR),GENERAL POA WITHOUT PROPERTY,17-Jan-2002,17-Jan-2002,,58,2002,True,True,render_gcs_ingest
940069600139,4,MISC,BALASORE,BALASORE,GENERAL POA WITHOUT PROPERTY,08-Jul-1996,02-May-1996,,139,1996,True,True,render_gcs_ingest
941089700108,4,MISC,KHURDA,KHURDA(BBSR),GENERAL AGREEMENT,27-Jan-1997,27-Jan-1997,,108,1997,True,True,render_gcs_ingest
941080200417,4,MISC,UNKNOWN,UNKNOWN,GENERAL POA WITHOUT PROPERTY,,,,,2002,True,True,render_gcs_ingest
940309700003,4,MISC,BHADRAK,TIHIDI,GENERAL POA WITHOUT PROPERTY,26-Nov-1997,26-Nov-1997,,3,1997,True,True,render_gcs_ingest
940949600010,4,MISC,KENDRAPARA,UNKNOWN,PARTNERSHIP MORE THAN RS.500,24-Aug-1996,24-Aug-1996,,10,1996,True,True,render_gcs_ingest
940869700009,4,MISC,JHARSUGUDA,JHARSUGUDA,GENERAL POA WITHOUT PROPERTY,13-Feb-1997,07-Feb-1997,,9,1997,True,False,render_gcs_ingest
930640100026,3,WILL,UNKNOWN,UNKNOWN,OTHER DEED,,,,26,2001,True,True,render_gcs_ingest
940990200013,4,MISC,UNKNOWN,UNKNOWN,GENERAL POA WITHOUT PROPERTY,31-Jul-2002,31-Jul-2002,,,2002,True,False,render_gcs_ingest
941080200014,4,MISC,KHURDA,KHURDA(BBSR),TRUST,05-Jan-2002,05-Jan-2002,,14,2002,True,False,render_gcs_ingest
940390200361,4,MISC,CUTTACK,CUTTACK,GENERAL AGREEMENT,23-May-2002,23-May-2002,150000,361,2002,True,True,render_gcs_ingest
941080200325,4,MISC,UNKNOWN,UNKNOWN,GENERAL POA WITHOUT PROPERTY,,,,,2002,True,True,render_gcs_ingest
941080200096,4,MISC,KHURDA,KHURDA(BBSR),GENERAL POA WITHOUT PROPERTY,22-Jan-2002,11-Jan-2002,,96,2002,True,True,render_gcs_ingest
941009600008,4,MISC,KEONJHAR,KEONJHAR,POA WITH POSSESSION,12-Mar-1996,12-Mar-1996,,8,1996,True,True,render_gcs_ingest
940600200175,4,MISC,UNKNOWN,UNKNOWN,GENERAL POA WITHOUT PROPERTY,,,,,2002,True,True,render_gcs_ingest
940069700144,4,MISC,UNKNOWN,UNKNOWN,POA WITHOUT POSSESSION,,,,,1997,True,True,render_gcs_ingest
941480200033,4,MISC,PURI,PURI,GENERAL POA WITHOUT PROPERTY,29-Jan-2002,29-Jan-2002,,33,2002,True,True,render_gcs_ingest
941080200445,4,MISC,UNKNOWN,KHURDA(BBSR),OTHER DEED,,25-Feb-2002,,445,2002,True,True,render_gcs_ingest
941080200255,4,MISC,KHURDA,KHURDA(BBSR),CANCELLATION OF POA,,,,,2002,True,False,render_gcs_ingest
941080201301,4,MISC,UNKNOWN,UNKNOWN,OTHER DEED,,,,,,True,True,render_gcs_ingest
910010502540,1,SALE,ANGUL,ANGUL,RECONVEYANCE OF MORTGAGE,25-Aug-2005,17-Jun-2005,15000,2540,2005,True,True,render_gcs_ingest
910010200332,1,SALE,ANGUL,ANGUL,SALE IMMOVABLE,29-Jan-2002,29-Jan-2002,8000,332,2002,True,True,render_gcs_ingest
910010704603,1,SALE,ANGUL,ANGUL,SALE IMMOVABLE,,,,,2007,True,True,render_gcs_ingest
910010902609,1,SALE,ANGUL,ANGUL,SALE IMMOVABLE,,06-Jun-2009,31050,2609,2009,True,True,render_gcs_ingest
910019900792,1,SALE,ANGUL,ANGUL,SALE IMMOVABLE,01-Jul-1999,20-Mar-1999,23652,792,1999,True,True,render_gcs_ingest
930330900153,3,WILL,BOLANGIR,TITILAGARH,SALE IMMOVABLE,07-Aug-2009,07-Aug-2009,9000,153,2009,True,True,render_gcs_ingest
910010702558,1,SALE,UNKNOWN,UNKNOWN,SALE IMMOVABLE,,,,,,True,True,render_gcs_ingest
910010900791,1,SALE,ANGUL,UNKNOWN,SALE IMMOVABLE,09-Apr-2009,,,,2009,True,True,render_gcs_ingest
940670200003,4,MISC,UNKNOWN,UNKNOWN,RELEASE - MORE THAN RS.1000,13-Aug-2002,13-Aug-2002,,3,2002,True,True,render_gcs_ingest
910010502131,1,SALE,UNKNOWN,UNKNOWN,SALE IMMOVABLE,08-Aug-2005,,69000,,2005,True,True,render_gcs_ingest
910010501854,1,SALE,ANGUL,ANGUL,SALE IMMOVABLE,25-Jul-2005,29-Apr-2005,70500,1854,2005,True,True,render_gcs_ingest
910010201362,1,SALE,ANGUL,ANGUL,SALE IMMOVABLE,06-Nov-2002,03-May-2002,0,1362,2002,True,True,render_gcs_ingest
910010503776,1,SALE,ANGUL,ANGUL,SALE IMMOVABLE,01-Jan-2005,,,,2005,True,True,render_gcs_ingest
910010402025,1,SALE,ANGUL,ANGUL,SALE IMMOVABLE,25-Aug-2004,06-Jul-2004,3000,2025,2004,True,True,render_gcs_ingest
910010302430,1,SALE,ANGUL,ANGUL,SALE IMMOVABLE,05-Dec-2003,,5010,2430,2003,True,True,render_gcs_ingest
910010900718,1,SALE,ANGUL,ANGUL,SALE IMMOVABLE,07-Apr-2009,10-Feb-2009,36300,718,2009,True,True,render_gcs_ingest
910010502529,1,SALE,ANGUL,UNKNOWN,SALE IMMOVABLE,,,43100,,2005,True,True,render_gcs_ingest
910060505411,1,SALE,BALASORE,BALASORE,LEASE WITH ADVANCE ONLY(IMMOVABLE),15-Jun-2005,15-Jun-2005,1800,5411,2005,True,True,render_gcs_ingest
910010502311,1,SALE,ANGUL,ANGUL,SALE IMMOVABLE,,01-Jun-2005,,2311,2005,True,True,render_gcs_ingest
910100902967,1,SALE,UNKNOWN,UNKNOWN,RECONVEYANCE OF MORTGAGE,,,,,2009,True,False,render_gcs_ingest
910010800074,1,SALE,ANGUL,ANGUL,SALE IMMOVABLE,31-Jan-2008,07-Jan-2008,,74,2008,True,True,render_gcs_ingest
910050501268,1,SALE,UNKNOWN,TALCHER,SALE IMMOVABLE,,01-Aug-2005,25000,,2005,True,True,render_gcs_ingest
911620802097,1,SALE,SAMBALPUR,UNKNOWN,SALE IMMOVABLE,,,45640,,2008,True,True,render_gcs_ingest
910010300540,1,SALE,UNKNOWN,UNKNOWN,SALE IMMOVABLE,03-Jun-2003,,,540,2003,True,True,render_gcs_ingest
910860502486,1,SALE,JHARSUGUDA,JHARSUGUDA,SALE IMMOVABLE,31-Oct-2005,11-Oct-2005,8000,2486,2005,True,True,render_gcs_ingest
911110400552,1,SALE,KHURDA,BEGUNIA,SALE IMMOVABLE,18-Sep-2004,18-Sep-2004,14820,552,2004,True,True,render_gcs_ingest
910010501505,1,SALE,ANGUL,ANGUL,SALE IMMOVABLE,06-Jul-2005,,44100,1505,2005,True,True,render_gcs_ingest
911260700045,1,SALE,UNKNOWN,MAYURBHANJ,SALE IMMOVABLE,,07-Jan-2007,72000,45,2007,True,True,render_gcs_ingest
910450700862,1,SALE,UNKNOWN,UNKNOWN,SALE IMMOVABLE,03-Oct-2007,,85500,,2007,True,True,render_gcs_ingest
910010503492,1,SALE,UNKNOWN,UNKNOWN,SALE IMMOVABLE,01-Dec-2005,,24000,3492,2005,True,True,render_gcs_ingest
910010400648,1,SALE,ANGUL,ANGUL,SALE IMMOVABLE,23-Mar-2004,26-Feb-2004,,648,2004,True,True,render_gcs_ingest
910010503646,1,SALE,ANGUL,ANGUL,SALE IMMOVABLE,04-Dec-2005,05-Oct-2005,13650,3646,2005,True,True,render_gcs_ingest
940589500016,4,MISC,GANJAM,ASKA,ADOPTION,18-Apr-1995,,,,1995,True,True,render_gcs_ingest
930630500040,3,WILL,GANJAM,UNKNOWN,OPEN WILL,29-Oct-2005,29-Oct-2005,,,2005,True,True,render_gcs_ingest
930600900039,3,WILL,GANJAM,UNKNOWN,OPEN WILL,28-Mar-2009,28-Mar-2009,,39,2009,True,True,render_gcs_ingest
930860600096,3,WILL,JHARSUGUDA,JHARSUGUDA,OPEN WILL,,,,96,2006,True,True,render_gcs_ingest
931620000012,3,WILL,SAMBALPUR,SAMBALPUR,OPEN WILL,26-Feb-2000,26-Feb-2000,,12,2000,True,True,render_gcs_ingest
930590500055,3,WILL,GANJAM,BHANJANAGAR,OPEN WILL,22-Dec-2005,22-Dec-2005,,55,2005,True,True,render_gcs_ingest
930580700030,3,WILL,GANJAM,ASKA,OPEN WILL,05-Sep-2007,05-Sep-2007,,30,2007,True,False,render_gcs_ingest
930639700011,3,WILL,GANJAM,DIGAPAHANDI,OPEN WILL,09-Apr-1997,09-Apr-1997,,11,1997,True,False,render_gcs_ingest
931489500031,3,WILL,PURI,PURI,OPEN WILL,19-Jul-1995,19-Jul-1995,,31,1995,True,True,render_gcs_ingest
931580700046,3,WILL,RAYAGADA,UNKNOWN,OPEN WILL,23-Nov-2007,23-Nov-2007,,,2007,True,True,render_gcs_ingest
931700400152,3,WILL,SUNDARGARH,SUNDERGARH,OPEN WILL,17-Nov-2004,17-Nov-2004,,152,2004,True,True,render_gcs_ingest
930650200011,3,WILL,UNKNOWN,UNKNOWN,OPEN WILL,,,,11,2002,True,True,render_gcs_ingest
940399700528,4,MISC,CUTTACK,CUTTACK,ADOPTION,29-Dec-1997,29-Dec-1997,,528,1997,True,True,render_gcs_ingest
930600400025,3,WILL,GANJAM,BERHAMPUR-II,OPEN WILL,03-Feb-2004,03-Feb-2004,,25,2004,True,True,render_gcs_ingest
930600200237,3,WILL,UNKNOWN,UNKNOWN,OPEN WILL,,,,,,True,True,render_gcs_ingest
930600900037,3,WILL,UNKNOWN,UNKNOWN,OPEN WILL,,,,,2009,True,True,render_gcs_ingest
930379600012,3,WILL,BOUDH,BOUDH,OPEN WILL,17-May-1996,17-May-1996,,12,1996,True,False,render_gcs_ingest
930499500013,3,WILL,DEOGARH,DEOGARH,OPEN WILL,02-May-1995,02-May-1995,,13,1995,True,True,render_gcs_ingest
930609800105,3,WILL,GANJAM,BERHAMPUR-II,OPEN WILL,30-Jul-1998,30-Jul-1998,,105,1998,True,True,render_gcs_ingest
940620200006,4,MISC,UNKNOWN,UNKNOWN,ADOPTION,,,,,2002,True,True,render_gcs_ingest
930500300009,3,WILL,UNKNOWN,UNKNOWN,OPEN WILL,18-Feb-2003,18-Feb-2003,,,2003,True,True,render_gcs_ingest
930609500221,3,WILL,UNKNOWN,UNKNOWN,OPEN WILL,,,,,1995,True,True,render_gcs_ingest
931180100004,3,WILL,KORAPUT,BARIGUMA,OPEN WILL,31-Jan-2001,31-Jan-2001,,4,2001,True,True,render_gcs_ingest
931700600189,3,WILL,SUNDARGARH,SUNDERGARH,OPEN WILL,26-Oct-2006,,,189,2006,True,True,render_gcs_ingest
930619600081,3,WILL,UNKNOWN,UNKNOWN,OPEN WILL,,,,,1996,True,True,render_gcs_ingest
930310400006,3,WILL,UNKNOWN,BALANGIR,OPEN WILL,,21-Jan-2004,,6,2004,True,True,render_gcs_ingest
930880700049,3,WILL,KALAHANDI,BHAWANIPATNA,OPEN WILL,15-Nov-2007,15-Nov-2007,5229000,49,2007,True,True,render_gcs_ingest
930310800016,3,WILL,BOLANGIR,BALANGIR,OPEN WILL,19-Mar-2008,19-Mar-2008,,16,2008,True,True,render_gcs_ingest
930550600001,3,WILL,GAJAPATI,PARALAKHEMUNDI,OPEN WILL,05-Jan-2006,05-Jan-2006,,1,2006,True,True,render_gcs_ingest
931260200031,3,WILL,MAYURBHANJ,MAYURBHANJ,OPEN WILL,,,,,2002,True,True,render_gcs_ingest
930609600169,3,WILL,GANJAM,BERHAMPUR-II,OPEN WILL,,30-Aug-1996,,169,1996,True,True,render_gcs_ingest
931690800006,3,WILL,SUBARNAPUR,RAMPUR,ADOPTION,01-Jul-2008,01-Jul-2008,,,2008,True,True,render_gcs_ingest
930619800110,3,WILL,UNKNOWN,UNKNOWN,OTHER DEED,,,,,1998,True,True,render_gcs_ingest
940390200074,4,MISC,CUTTACK,CUTTACK,GENERAL AGREEMENT,,,81000,74,2002,True,True,render_gcs_ingest
940600200314,4,MISC,GANJAM,BERHAMPUR-II,GENERAL POA WITHOUT PROPERTY,29-Jul-2002,29-Jul-2002,,314,2002,True,True,render_gcs_ingest
940889700029,4,MISC,UNKNOWN,BHAWANIPATNA,GENERAL AGREEMENT,11-Aug-1997,11-Aug-1997,,29,1997,True,True,render_gcs_ingest
941080200062,4,MISC,KHURDA,KHURDA(BBSR),GENERAL POA WITHOUT PROPERTY,18-Jan-2002,18-Jan-2002,,62,2002,True,True,render_gcs_ingest
941080200590,4,MISC,UNKNOWN,KHURDA(BBSR),GENERAL POA WITHOUT PROPERTY,20-Feb-2002,14-Mar-2002,,590,2002,True,False,render_gcs_ingest
940399600140,4,MISC,CUTTACK,CUTTACK,GENERAL AGREEMENT,26-Mar-1996,26-Mar-1996,111000,140,1996,True,True,render_gcs_ingest
940610200072,4,MISC,GANJAM,BERHAMPUR-I,GENERAL POA WITHOUT PROPERTY,16-Apr-2002,27-Mar-2002,,72,2002,True,False,render_gcs_ingest
940579700145,4,MISC,UNKNOWN,UNKNOWN,GENERAL POA WITHOUT PROPERTY,,,,,1997,True,True,render_gcs_ingest
940600200228,4,MISC,GANJAM,UNKNOWN,GENERAL POA WITHOUT PROPERTY,,05-Jun-2002,,228,2002,True,True,render_gcs_ingest
940619700085,4,MISC,UNKNOWN,UNKNOWN,GENERAL POA WITHOUT PROPERTY,,,,,1997,True,True,render_gcs_ingest
940399800025,4,MISC,UNKNOWN,UNKNOWN,REGISTRATION OF MARRIAGE U/S 15,,,,,1998,True,True,render_gcs_ingest
940069800063,4,MISC,UNKNOWN,UNKNOWN,GENERAL POA WITHOUT PROPERTY,,,,,1998,True,True,render_gcs_ingest
941089700778,4,MISC,KHURDA,KHURDA(BBSR),GENERAL AGREEMENT,05-Apr-1997,05-Apr-1997,80000,778,1997,True,True,render_gcs_ingest
940619500048,4,MISC,GANJAM,BERHAMPUR-I,GENERAL POA WITHOUT PROPERTY,13-Apr-1995,21-Mar-1995,,48,1995,True,True,render_gcs_ingest
940399700236,4,MISC,UNKNOWN,UNKNOWN,GENERAL POA WITHOUT PROPERTY,,,,,1997,True,False,render_gcs_ingest
930619800071,3,WILL,UNKNOWN,BERHAMPUR-I,OTHER DEED,22-Jun-1998,05-Jun-1998,,71,1998,True,True,render_gcs_ingest
940689500024,4,MISC,UNKNOWN,PURUSOTTAMPUR,TRUST,,,,,1995,True,True,render_gcs_ingest
940069600042,4,MISC,BALASORE,BALASORE,GENERAL POA WITHOUT PROPERTY,29-Mar-1996,29-Mar-1996,,42,1996,True,True,render_gcs_ingest
940249600009,4,MISC,UNKNOWN,UNKNOWN,GENERAL POA WITHOUT PROPERTY,,,,,1996,True,True,render_gcs_ingest
941080200946,4,MISC,KHURDA,KHURDA(BBSR),OTHER DEED,23-Apr-2002,08-Apr-2002,,946,2002,True,True,render_gcs_ingest
940390200177,4,MISC,CUTTACK,CUTTACK,REGISTRATION OF MARRIAGE U/S 15,07-Mar-2002,07-Mar-2002,,177,2002,True,True,render_gcs_ingest
941080200032,4,MISC,UNKNOWN,UNKNOWN,GENERAL POA WITHOUT PROPERTY,,,,,2002,True,True,render_gcs_ingest
940609700335,4,MISC,GANJAM,BERHAMPUR-II,GENERAL POA WITHOUT PROPERTY,29-Sep-1997,29-Sep-1997,,335,1997,True,False,render_gcs_ingest
940399600078,4,MISC,CUTTACK,CUTTACK,GENERAL POA WITHOUT PROPERTY,29-Feb-1996,27-Feb-1996,,78,1996,True,True,render_gcs_ingest
940829700023,4,MISC,JAJPUR,DOLIPUR,AUTHENTICATION AND REGISTRATION OF POA,26-Dec-1997,26-Dec-1997,,23,1997,True,False,render_gcs_ingest
941139700114,4,MISC,KHURDA,KHANDAGIRI,OTHER DEED,07-Feb-1997,07-Feb-1997,,114,1997,True,True,render_gcs_ingest
940390200377,4,MISC,UNKNOWN,UNKNOWN,REGISTRATION OF MARRIAGE U/S 15,,,,,2002,True,True,render_gcs_ingest
940069500066,4,MISC,BALASORE,BALASORE,GENERAL POA WITHOUT PROPERTY,17-May-1995,21-Mar-1995,,66,1995,True,True,render_gcs_ingest
941089700742,4,MISC,KHURDA,KHURDA(BBSR),GENERAL AGREEMENT,29-Mar-1997,29-Mar-1997,129000,742,1997,True,True,render_gcs_ingest
940079700002,4,MISC,BALASORE,BALIAPAL,REGISTRATION OF MARRIAGE U/S 15,22-Jan-1997,22-Jan-1997,,2,1997,True,True,render_gcs_ingest
940600200233,4,MISC,GANJAM,BERHAMPUR-II,GENERAL POA WITHOUT PROPERTY,10-Jun-2002,07-Jun-2002,,233,2002,True,True,render_gcs_ingest
910010300739,1,SALE,UNKNOWN,UNKNOWN,SALE IMMOVABLE,,21-Mar-2003,22500,,2003,True,True,render_gcs_ingest
910070901943,1,SALE,BALASORE,BALIAPAL,GIFT IMMOVABLE,11-Dec-2009,10-Dec-2009,22000,1943,2009,True,True,render_gcs_ingest
910010701636,1,SALE,ANGUL,ANGUL,SALE IMMOVABLE,11-May-2007,25-Apr-2007,57000,1636,2007,True,True,render_gcs_ingest
910680300429,1,SALE,GANJAM,PURUSOTTAMPUR,SALE IMMOVABLE,05-Mar-2003,05-Mar-2003,65994,,2003,True,True,render_gcs_ingest
910050902582,1,SALE,ANGUL,TALCHER,SALE IMMOVABLE,07-Nov-2009,07-Nov-2009,,2582,2009,True,True,render_gcs_ingest
910010502904,1,SALE,ANGUL,ANGUL,SALE IMMOVABLE,,,39000,,2005,True,True,render_gcs_ingest
911550800124,1,SALE,PURI,DELANGA,SALE IMMOVABLE,12-Jul-2008,12-Jul-2008,0,124,2008,True,True,render_gcs_ingest
910020100297,1,SALE,UNKNOWN,UNKNOWN,SALE IMMOVABLE,,,,,,True,True,render_gcs_ingest
910169600481,1,SALE,BARGARH,ATTABIRA,SALE IMMOVABLE,14-Apr-1996,14-Apr-1996,0,481,1996,True,False,render_gcs_ingest
910010705031,1,SALE,ANGUL,ANGUL,SALE IMMOVABLE,20-Dec-2007,20-Nov-2007,1144000,5031,2007,True,True,render_gcs_ingest
910010201217,1,SALE,UNKNOWN,UNKNOWN,SALE IMMOVABLE,28-Oct-2002,23-Apr-2002,,,2002,True,False,render_gcs_ingest
910060300408,1,SALE,BALASORE,UNKNOWN,LEASE ADVANCE WITH RENT IMMOVABLE,,18-Jan-2003,,,2003,True,True,render_gcs_ingest
911400700337,1,SALE,UNKNOWN,UNKNOWN,SALE IMMOVABLE,,,,,2007,True,True,render_gcs_ingest
910010902618,1,SALE,ANGUL,ANGUL,SALE IMMOVABLE,08-Jun-2009,08-Jun-2009,11550,2618,2009,True,True,render_gcs_ingest
910010601046,1,SALE,UNKNOWN,UNKNOWN,SALE IMMOVABLE,12-Jun-2006,,,,2006,True,True,render_gcs_ingest
910730700449,1,SALE,JAGATSINGHPUR,BALIKUDA,SALE IMMOVABLE,14-Jul-2007,14-Jul-2007,49775,449,2007,True,True,render_gcs_ingest
910010903378,1,SALE,ANGUL,ANGUL,SALE IMMOVABLE,06-Oct-2009,25-Jul-2009,41250,3378,2009,True,True,render_gcs_ingest
910010803631,1,SALE,ANGUL,ANGUL,SALE IMMOVABLE,31-Oct-2008,03-Oct-2008,210000,3631,2008,True,True,render_gcs_ingest
910010905497,1,SALE,UNKNOWN,UNKNOWN,SALE IMMOVABLE,,,37950,,2009,True,True,render_gcs_ingest
910060305823,1,SALE,BALASORE,BALASORE,GIFT IMMOVABLE,04-Aug-2003,04-Aug-2003,,,2003,True,True,render_gcs_ingest
910010802832,1,SALE,ANGUL,ANGUL,SALE IMMOVABLE,16-Aug-2008,21-Jul-2008,27000,2832,2008,True,True,render_gcs_ingest
911010700011,1,SALE,KEONJHAR,ANANDPUR,GIFT IMMOVABLE,,,6000,11,,True,True,render_gcs_ingest
910570503494,1,SALE,UNKNOWN,UNKNOWN,SALE IMMOVABLE,,04-Dec-2005,19570,3494,2005,True,True,render_gcs_ingest
910010903937,1,SALE,ANGUL,ANGUL,SALE IMMOVABLE,07-Nov-2009,29-Aug-2009,0,3937,2009,True,True,render_gcs_ingest
940690200067,4,MISC,UNKNOWN,UNKNOWN,SALE IMMOVABLE,,,,,2002,True,True,render_gcs_ingest
910150700495,1,SALE,UNKNOWN,UNKNOWN,SALE IMMOVABLE,07-Mar-2007,,28000,495,2007,True,True,render_gcs_ingest
910010702503,1,SALE,ANGUL,ANGUL,SALE IMMOVABLE,07-Jul-2007,19-Jun-2007,555000,2503,2007,True,True,render_gcs_ingest
910010202696,1,SALE,UNKNOWN,UNKNOWN,RECONVEYANCE OF MORTGAGE,10-Feb-2002,25-Sep-2002,0,,2002,True,True,render_gcs_ingest
910010500330,1,SALE,ANGUL,ANGUL,SALE IMMOVABLE,17-Mar-2005,24-Jan-2005,45000,330,2005,True,True,render_gcs_ingest
910060507094,1,SALE,BALASORE,BALASORE,SALE IMMOVABLE,,,,7094,2005,True,True,render_gcs_ingest
910010905492,1,SALE,ANGUL,ANGUL,SALE IMMOVABLE,,,,5492,2009,True,True,render_gcs_ingest
910010901538,1,SALE,ANGUL,ANGUL,SALE IMMOVABLE,28-May-2009,30-Mar-2009,53460,1538,2009,True,True,render_gcs_ingest
931700300080,3,WILL,SUNDARGARH,SUNDERGARH,OPEN WILL,08-Jul-2003,08-Jul-2003,,80,2003,True,True,render_gcs_ingest
931620400072,3,WILL,UNKNOWN,UNKNOWN,OPEN WILL,05-Jul-2004,,,,2004,True,True,render_gcs_ingest
930580000001,3,WILL,GANJAM,ASKA,OPEN WILL,10-Jan-2000,10-Jan-2000,,1,2000,True,True,render_gcs_ingest
930390200073,3,WILL,CUTTACK,CUTTACK,OPEN WILL,28-Nov-2002,28-Nov-2002,,73,2002,True,True,render_gcs_ingest
940479500010,4,MISC,UNKNOWN,SALIPUR,ADOPTION,03-May-1995,03-May-1995,,,1995,True,True,render_gcs_ingest
930619900049,3,WILL,GANJAM,BERHAMPUR-I,OPEN WILL,04-Jun-1999,14-May-1999,,49,1999,True,True,render_gcs_ingest
931220600008,3,WILL,UNKNOWN,UNKNOWN,OPEN WILL,,,,,,True,True,render_gcs_ingest
940939600005,4,MISC,KENDRAPARA,KENDRAPARA,ADOPTION,29-Jan-1996,29-Jan-1996,,5,1996,True,True,render_gcs_ingest
930310100059,3,WILL,BOLANGIR,BALANGIR,OPEN WILL,19-Dec-2001,19-Dec-2001,,59,2001,True,False,render_gcs_ingest
931190300005,3,WILL,KORAPUT,KORAPUT,ADOPTION,,,,,2003,True,True,render_gcs_ingest
930600500228,3,WILL,UNKNOWN,UNKNOWN,OPEN WILL,,,,,2005,True,True,render_gcs_ingest
930610400113,3,WILL,GANJAM,BERHAMPUR-I,OPEN WILL,05-Jul-2004,05-Jul-2004,,113,2004,True,False,render_gcs_ingest
930610900282,3,WILL,UNKNOWN,UNKNOWN,OPEN WILL,,,,,2009,True,True,render_gcs_ingest
930610600134,3,WILL,UNKNOWN,UNKNOWN,OPEN WILL,,,,,2006,True,True,render_gcs_ingest
930889700011,3,WILL,KALAHANDI,BHAWANIPATNA,OPEN WILL,26-Mar-1997,26-Mar-1997,,11,1997,True,True,render_gcs_ingest
930680700044,3,WILL,UNKNOWN,UNKNOWN,CANCELLATION OF OPEN WILL,,,,,2007,True,True,render_gcs_ingest
931709600049,3,WILL,UNKNOWN,UNKNOWN,OPEN WILL,,,,,1996,True,True,render_gcs_ingest
930640700003,3,WILL,GANJAM,HINJILI,OPEN WILL,08-Jan-2007,08-Jan-2007,,3,2007,True,True,render_gcs_ingest
930559500029,3,WILL,GAJAPATI,UNKNOWN,OPEN WILL,24-Nov-1995,24-Nov-1995,,,1995,True,True,render_gcs_ingest
930390900003,3,WILL,UNKNOWN,UNKNOWN,OPEN WILL,12-Jan-2009,,,,2009,True,True,render_gcs_ingest
930619700036,3,WILL,GANJAM,BERHAMPUR-I,OPEN WILL,,,,36,1997,True,True,render_gcs_ingest
930600300104,3,WILL,GANJAM,BERHAMPUR-II,OPEN WILL,,09-Jun-2003,,,2003,True,True,render_gcs_ingest
930390100059,3,WILL,CUTTACK,CUTTACK,OPEN WILL,06-Sep-2001,06-Sep-2001,,59,2001,True,True,render_gcs_ingest
930490200021,3,WILL,UNKNOWN,UNKNOWN,OPEN WILL,13-Sep-2002,,,,2002,True,True,render_gcs_ingest
930500300004,3,WILL,UNKNOWN,UNKNOWN,OPEN WILL,14-Feb-2003,14-Feb-2003,,,2003,True,True,render_gcs_ingest
931140600003,3,WILL,UNKNOWN,UNKNOWN,OPEN WILL,,,,,2006,True,False,render_gcs_ingest
930399700048,3,WILL,CUTTACK,CUTTACK,OPEN WILL,06-Oct-1997,06-Oct-1997,,48,1997,True,True,render_gcs_ingest
930610700061,3,WILL,GANJAM,BERHAMPUR-I,OPEN WILL,,26-Mar-2007,,61,2007,True,True,render_gcs_ingest
930390200019,3,WILL,UNKNOWN,UNKNOWN,OPEN WILL,,,,,2002,True,True,render_gcs_ingest
930650200015,3,WILL,UNKNOWN,UNKNOWN,OPEN WILL,,,,,2002,True,True,render_gcs_ingest
930699800008,3,WILL,GANJAM,SORADA,OPEN WILL,28-Nov-1998,20-Nov-1998,,8,1998,True,True,render_gcs_ingest
930600700131,3,WILL,UNKNOWN,UNKNOWN,OPEN WILL,31-May-2007,,,131,2007,True,True,render_gcs_ingest
940069500201,4,MISC,BALASORE,BALASORE,GENERAL AGREEMENT,27-Dec-1995,22-Dec-1995,,201,1995,True,True,render_gcs_ingest
940479500021,4,MISC,CUTTACK,SALIPUR,OTHER DEED,16-Oct-1995,16-Oct-1995,13000,21,1995,True,False,render_gcs_ingest
940089600012,4,MISC,BALASORE,BASTA,GENERAL POA WITHOUT PROPERTY,10-Oct-1996,10-Oct-1996,,12,1996,True,True,render_gcs_ingest
941080200413,4,MISC,UNKNOWN,KHURDA(BBSR),OTHER DEED,,18-Feb-2002,,,2002,True,True,render_gcs_ingest
940069500140,4,MISC,BALASORE,BALASORE,GENERAL POA WITHOUT PROPERTY,04-Aug-1995,04-Aug-1995,,140,1995,True,True,render_gcs_ingest
940280200007,4,MISC,UNKNOWN,UNKNOWN,REGISTRATION OF MARRIAGE U/S 15,,,,,2002,True,True,render_gcs_ingest
940070200067,4,MISC,BALASORE,BALIAPAL,REGISTRATION OF MARRIAGE U/S 15,05-Jul-2002,05-Jul-2002,,67,2002,True,True,render_gcs_ingest
940619800069,4,MISC,GANJAM,BERHAMPUR-I,GENERAL POA WITHOUT PROPERTY,13-Apr-1998,24-Mar-1998,,,1998,True,True,render_gcs_ingest
940939500042,4,MISC,KENDRAPARA,KENDRAPARA,GENERAL AGREEMENT,11-Aug-1995,04-Aug-1995,,42,1995,True,True,render_gcs_ingest
941080200034,4,MISC,UNKNOWN,UNKNOWN,GENERAL AGREEMENT,09-Jan-2002,04-Jan-2002,180000,34,2002,True,True,render_gcs_ingest
940750200002,4,MISC,JAGATSINGHPUR,KUJANGA,GENERAL POA WITHOUT PROPERTY,14-Jan-2002,14-Jan-2002,,2,2002,True,True,render_gcs_ingest
940610200140,4,MISC,GANJAM,BERHAMPUR-I,GENERAL POA WITHOUT PROPERTY,18-Jul-2002,24-Jun-2002,,140,2002,True,True,render_gcs_ingest
940399700107,4,MISC,CUTTACK,CUTTACK,REGISTRATION OF MARRIAGE U/S 15,19-Mar-1997,17-Mar-1997,,107,1997,True,True,render_gcs_ingest
940079700011,4,MISC,UNKNOWN,BALIAPAL,PARTNERSHIP MORE THAN RS.500,21-Mar-1997,,,11,1997,True,True,render_gcs_ingest
940399800041,4,MISC,CUTTACK,CUTTACK,REGISTRATION OF MARRIAGE U/S 15,24-Jan-1998,22-Jan-1998,,41,1998,True,False,render_gcs_ingest
940600200304,4,MISC,GANJAM,BERHAMPUR-II,GENERAL POA WITHOUT PROPERTY,19-Jul-2002,15-Jul-2002,,304,2002,True,True,render_gcs_ingest
940469600019,4,MISC,UNKNOWN,NIALI,OTHER DEED,10-Jul-1996,10-Jul-1996,,19,1996,True,True,render_gcs_ingest
940089700008,4,MISC,BALASORE,BASTA,GENERAL POA WITHOUT PROPERTY,04-Nov-1997,04-Nov-1997,,8,1997,True,False,render_gcs_ingest
940609600296,4,MISC,UNKNOWN,UNKNOWN,GENERAL POA WITHOUT PROPERTY,10-Oct-1996,,,,1996,True,True,render_gcs_ingest
930390100078,3,WILL,CUTTACK,CUTTACK,OTHER DEED,28-Nov-2001,,,78,2001,True,True,render_gcs_ingest
910050700521,1,SALE,ANGUL,TALCHER,GENERAL AGREEMENT,23-Jun-2007,26-Apr-2007,56400,521,2007,True,True,render_gcs_ingest
941080200483,4,MISC,KHURDA,KHURDA(BBSR),OTHER DEED,,02-Mar-2002,,483,2002,True,True,render_gcs_ingest
940600200048,4,MISC,GANJAM,UNKNOWN,GENERAL POA WITHOUT PROPERTY,,16-Feb-2002,,48,2002,True,True,render_gcs_ingest
941080200017,4,MISC,UNKNOWN,UNKNOWN,GENERAL AGREEMENT,,,,,2002,True,False,render_gcs_ingest
930599700030,3,WILL,GANJAM,BHANJANAGAR,OTHER DEED,27-Jun-1997,13-Jun-1997,,30,1997,True,True,render_gcs_ingest
940479500029,4,MISC,CUTTACK,SALIPUR,GENERAL POA WITHOUT PROPERTY,15-Nov-1995,15-Nov-1995,,29,1995,True,False,render_gcs_ingest
940399800189,4,MISC,UNKNOWN,CUTTACK,GENERAL POA WITHOUT PROPERTY,06-Apr-1998,06-Apr-1998,,,1998,True,True,render_gcs_ingest
941130200699,4,MISC,UNKNOWN,UNKNOWN,GENERAL POA WITHOUT PROPERTY,,,,,2002,True,True,render_gcs_ingest
940070200052,4,MISC,BALASORE,BALIAPAL,REGISTRATION OF MARRIAGE U/S 15,21-May-2002,21-May-2002,,52,2002,True,True,render_gcs_ingest
941080200479,4,MISC,KHURDA,KHURDA(BBSR),OTHER DEED,01-Mar-2002,01-Mar-2002,,,2002,True,True,render_gcs_ingest
940279500007,4,MISC,BHADRAK,CHANDBALI,GENERAL POA WITHOUT PROPERTY,01-Aug-1995,07-Apr-1995,,7,1995,True,True,render_gcs_ingest
911130902778,1,SALE,KHURDA,KHANDAGIRI,GENERAL POA WITHOUT PROPERTY,05-Apr-2009,05-Apr-2009,1000,2778,2009,True,True,render_gcs_ingest
911420201195,1,SALE,UNKNOWN,UNKNOWN,SALE IMMOVABLE,,,,,2002,True,True,render_gcs_ingest
910060502574,1,SALE,UNKNOWN,UNKNOWN,MORTGAGE WITH POSSESION,,,,,2005,True,True,render_gcs_ingest
910019500307,1,SALE,UNKNOWN,UNKNOWN,SALE IMMOVABLE,,,0,,1995,True,False,render_gcs_ingest
910060105447,1,SALE,BALASORE,BALASORE,SALE IMMOVABLE,22-Nov-2001,22-Nov-2001,4000,5447,2001,True,True,render_gcs_ingest
910880301285,1,SALE,KALAHANDI,BHAWANIPATNA,SALE IMMOVABLE,21-May-2003,15-May-2003,25000,1285,2003,True,True,render_gcs_ingest
940610200251,4,MISC,GANJAM,BERHAMPUR-I,SALE IMMOVABLE,29-Oct-2002,29-Oct-2002,0,251,2002,True,True,render_gcs_ingest
910010702408,1,SALE,UNKNOWN,UNKNOWN,MORTGAGE WITHOUT POSSESION,,11-Jun-2007,0,,2007,True,True,render_gcs_ingest
910060405398,1,SALE,BALASORE,BALASORE,LEASE ADVANCE WITH RENT IMMOVABLE,07-Aug-2004,07-Aug-2004,5175,,2004,True,True,render_gcs_ingest
910010704173,1,SALE,ANGUL,ANGUL,SALE IMMOVABLE,24-Oct-2007,24-Oct-2007,,4173,2007,True,True,render_gcs_ingest
910570400034,1,SALE,UNKNOWN,UNKNOWN,SALE IMMOVABLE,07-Jan-2004,,,34,2004,True,True,render_gcs_ingest
910010902205,1,SALE,ANGUL,UNKNOWN,SALE IMMOVABLE,18-May-2009,18-May-2009,,,2009,True,True,render_gcs_ingest
910010704631,1,SALE,UNKNOWN,UNKNOWN,SALE IMMOVABLE,,,8800,,2007,True,True,render_gcs_ingest
910010502726,1,SALE,ANGUL,ANGUL,SALE IMMOVABLE,,,,2726,2005,True,True,render_gcs_ingest
910010500076,1,SALE,ANGUL,ANGUL,SALE IMMOVABLE,23-Feb-2005,07-Jan-2005,31350,76,2005,True,True,render_gcs_ingest
910010701948,1,SALE,ANGUL,ANGUL,SALE IMMOVABLE,02-Jun-2007,15-May-2007,,1948,2007,True,True,render_gcs_ingest
910010705054,1,SALE,ANGUL,ANGUL,SALE IMMOVABLE,24-Dec-2007,22-Nov-2007,28000,5054,2007,True,True,render_gcs_ingest
910010301289,1,SALE,ANGUL,ANGUL,SALE IMMOVABLE,14-Jul-2003,20-May-2003,0,1289,2003,True,True,render_gcs_ingest
910240400553,1,SALE,BHADRAK,BASUDEVPUR,SALE IMMOVABLE,09-Mar-2004,,5350,553,2004,True,True,render_gcs_ingest
910010905134,1,SALE,UNKNOWN,ANGUL,SALE IMMOVABLE,,,82720,5134,2009,True,True,render_gcs_ingest
910020500603,1,SALE,UNKNOWN,UNKNOWN,SALE IMMOVABLE,,,0,603,,True,True,render_gcs_ingest
910010401716,1,SALE,UNKNOWN,UNKNOWN,SALE IMMOVABLE,10-Aug-2004,09-Jun-2004,80000,,2004,True,True,render_gcs_ingest
910010500512,1,SALE,ANGUL,ANGUL,SALE IMMOVABLE,05-Apr-2005,,,512,2005,True,True,render_gcs_ingest
910050800713,1,SALE,ANGUL,TALCHER,SALE IMMOVABLE,10-Apr-2008,10-Apr-2008,20000,713,2008,True,True,render_gcs_ingest
910010500994,1,SALE,ANGUL,ANGUL,SALE IMMOVABLE,24-May-2005,,6600,994,2005,True,True,render_gcs_ingest
910010603603,1,SALE,ANGUL,ANGUL,SALE IMMOVABLE,19-Oct-2006,19-Oct-2006,36000,3603,2006,True,True,render_gcs_ingest
910450900026,1,SALE,UNKNOWN,UNKNOWN,SALE IMMOVABLE,,,3500,,2009,True,True,render_gcs_ingest
910010900028,1,SALE,UNKNOWN,UNKNOWN,SALE IMMOVABLE,19-Feb-2009,,,,2009,True,True,render_gcs_ingest
910060304699,1,SALE,BALASORE,BALASORE,SALE IMMOVABLE,19-Jun-2003,12-Jun-2003,14250,4699,2003,True,True,render_gcs_ingest
910550500087,1,SALE,GAJAPATI,PARALAKHEMUNDI,SALE IMMOVABLE,18-Jan-2005,08-Jan-2005,10476,87,2005,True,True,render_gcs_ingest
910080801941,1,SALE,BALASORE,BASTA,SALE IMMOVABLE,23-Oct-2008,23-Oct-2008,18300,1941,2008,True,True,render_gcs_ingest
911630800416,1,SALE,UNKNOWN,UNKNOWN,SALE IMMOVABLE,,,18900,,,True,True,render_gcs_ingest
910010200345,1,SALE,ANGUL,ANGUL,SALE IMMOVABLE,08-Aug-2002,30-Jan-2002,18200,345,2002,True,True,render_gcs_ingest
930600700201,3,WILL,GANJAM,BERHAMPUR-II,OPEN WILL,24-Jul-2007,24-Jul-2007,,201,2007,True,True,render_gcs_ingest
931260100035,3,WILL,MAYURBHANJ,MAYURBHANJ,OPEN WILL,19-Dec-2001,19-Dec-2001,,35,2001,True,True,render_gcs_ingest
930600100185,3,WILL,UNKNOWN,UNKNOWN,OPEN WILL,,,,,2001,True,True,render_gcs_ingest
931260500065,3,WILL,MAYURBHANJ,MAYURBHANJ,OPEN WILL,03-Nov-2005,03-Nov-2005,,65,2005,True,True,render_gcs_ingest
931620200067,3,WILL,SAMBALPUR,SAMBALPUR,OPEN WILL,26-Aug-2002,26-Aug-2002,,67,2002,True,True,render_gcs_ingest
930640400012,3,WILL,GANJAM,HINJILI,OPEN WILL,03-Apr-2004,03-Apr-2004,,,2004,True,False,render_gcs_ingest
930390000024,3,WILL,CUTTACK,CUTTACK,OPEN WILL,12-May-2000,12-May-2000,,24,2000,True,True,render_gcs_ingest
931370100021,3,WILL,NAYAGARH,NAYAGARH,OPEN WILL,25-Jun-2001,25-Jun-2001,,21,2001,True,True,render_gcs_ingest
931200100009,3,WILL,KORAPUT,KOTPAD,OPEN WILL,22-May-2001,22-May-2001,,9,2001,True,True,render_gcs_ingest
930860400059,3,WILL,JHARSUGUDA,JHARSUGUDA,OPEN WILL,24-Jun-2004,24-Jun-2004,,59,2004,True,True,render_gcs_ingest
930630600040,3,WILL,UNKNOWN,UNKNOWN,OPEN WILL,,,,,2006,True,True,render_gcs_ingest
930650600035,3,WILL,UNKNOWN,UNKNOWN,OPEN WILL,,18-Oct-2006,,,2006,True,True,render_gcs_ingest
930619900032,3,WILL,GANJAM,BERHAMPUR-I,OPEN WILL,03-May-1999,03-Apr-1999,,32,1999,True,True,render_gcs_ingest
930380700013,3,WILL,BOUDH,KANTAMAL,OPEN WILL,30-May-2007,30-May-2007,,,2007,True,False,render_gcs_ingest
930490400030,3,WILL,DEOGARH,DEOGARH,OPEN WILL,01-Nov-2004,06-Aug-2004,,30,2004,True,True,render_gcs_ingest
930389700009,3,WILL,BOUDH,KANTAMAL,OPEN WILL,18-Feb-1997,15-Sep-1997,,9,1997,True,False,render_gcs_ingest
930860900104,3,WILL,JHARSUGUDA,JHARSUGUDA,OPEN WILL,25-Nov-2009,25-Nov-2009,,104,2009,True,True,render_gcs_ingest
930610900259,3,WILL,UNKNOWN,UNKNOWN,OPEN WILL,24-Oct-2009,13-Oct-2009,,259,2009,True,True,render_gcs_ingest
931200900022,3,WILL,KORAPUT,KOTPAD,OPEN WILL,30-Apr-2009,24-Apr-2009,,,2009,True,True,render_gcs_ingest
940869500014,4,MISC,JHARSUGUDA,UNKNOWN,ADOPTION,06-Feb-1995,,,14,1995,True,True,render_gcs_ingest
930600200101,3,WILL,GANJAM,UNKNOWN,OPEN WILL,17-May-2002,17-May-2002,,101,2002,True,True,render_gcs_ingest
941169500001,4,MISC,UNKNOWN,UNKNOWN,ADOPTION,,,,,1995,True,True,render_gcs_ingest
930869900072,3,WILL,JHARSUGUDA,JHARSUGUDA,CANCELLATION OF OPEN WILL,17-Nov-1999,17-Nov-1999,,72,1999,True,True,render_gcs_ingest
930630300024,3,WILL,GANJAM,DIGAPAHANDI,OPEN WILL,25-Apr-2003,,,24,2003,True,True,render_gcs_ingest
931190800007,3,WILL,UNKNOWN,UNKNOWN,OPEN WILL,02-Feb-2008,02-Feb-2008,,7,2008,True,True,render_gcs_ingest
931660700033,3,WILL,UNKNOWN,UNKNOWN,OPEN WILL,,,,,2007,True,True,render_gcs_ingest
931709600059,3,WILL,UNKNOWN,UNKNOWN,OPEN WILL,,,,,1996,True,True,render_gcs_ingest
940599700050,4,MISC,GANJAM,BHANJANAGAR,ADOPTION,09-Jun-1997,,,50,1997,True,True,render_gcs_ingest
940390200115,4,MISC,UNKNOWN,UNKNOWN,ADOPTION,,,,,2002,True,True,render_gcs_ingest
931690100014,3,WILL,SUBARNAPUR,RAMPUR,OPEN WILL,19-Oct-2001,19-Oct-2001,,14,2001,True,True,render_gcs_ingest
930610500163,3,WILL,GANJAM,BERHAMPUR-I,OPEN WILL,24-Oct-2005,21-Oct-2005,,,2005,True,False,render_gcs_ingest
930649500027,3,WILL,GANJAM,HINJILI,OPEN WILL,18-Nov-1995,18-Nov-1995,,27,1995,True,True,render_gcs_ingest
941080200643,4,MISC,KHURDA,KHURDA(BBSR),GENERAL AGREEMENT,22-Mar-2002,18-Mar-2002,120000,643,2002,True,True,render_gcs_ingest
940399500351,4,MISC,UNKNOWN,CUTTACK,GENERAL AGREEMENT,,11-Dec-1995,,,1995,True,True,render_gcs_ingest
941009700006,4,MISC,UNKNOWN,UNKNOWN,GENERAL POA WITHOUT PROPERTY,,,,,1997,True,False,render_gcs_ingest
940860200003,4,MISC,UNKNOWN,UNKNOWN,GENERAL POA WITHOUT PROPERTY,,,,,2002,True,True,render_gcs_ingest
940069800032,4,MISC,BALASORE,BALASORE,GENERAL AGREEMENT,25-Mar-1998,25-Mar-1998,,32,1998,True,True,render_gcs_ingest
941080200506,4,MISC,UNKNOWN,UNKNOWN,PARTNERSHIP MORE THAN RS.500,,,,,2002,True,True,render_gcs_ingest
940069500152,4,MISC,UNKNOWN,BALASORE,GENERAL POA WITHOUT PROPERTY,,,,,1995,True,True,render_gcs_ingest
941080200249,4,MISC,KHURDA,KHURDA(BBSR),GENERAL POA WITHOUT PROPERTY,08-Feb-2002,01-Feb-2002,,249,2002,True,True,render_gcs_ingest
941080200264,4,MISC,KHURDA,KHURDA(BBSR),GENERAL POA WITHOUT PROPERTY,08-Feb-2002,02-Feb-2002,,264,2002,True,True,render_gcs_ingest
940399600035,4,MISC,UNKNOWN,UNKNOWN,REGISTRATION OF MARRIAGE U/S 15,,,,,1996,True,True,render_gcs_ingest
940619500144,4,MISC,UNKNOWN,UNKNOWN,GENERAL POA WITHOUT PROPERTY,,,,,1995,True,True,render_gcs_ingest
930630400013,3,WILL,GANJAM,DIGAPAHANDI,OTHER DEED,31-Mar-2004,31-Mar-2004,,13,2004,True,True,render_gcs_ingest
940609700127,4,MISC,UNKNOWN,UNKNOWN,OTHER DEED,,,,,1997,True,True,render_gcs_ingest
940810200023,4,MISC,JAJPUR,DHARMASALA,REGISTRATION OF MARRIAGE U/S 15,21-Jun-2002,21-Jun-2002,,23,2002,True,True,render_gcs_ingest
930390300019,3,WILL,CUTTACK,CUTTACK,OTHER DEED,21-Mar-2003,21-Mar-2003,,19,2003,True,True,render_gcs_ingest
940090200040,4,MISC,BALASORE,JALESWAR,BOND WITH PROPERTY,14-Aug-2002,14-Aug-2002,,40,2002,True,False,render_gcs_ingest
940969700006,4,MISC,KENDRAPARA,MARSAGHAI,GENERAL POA WITHOUT PROPERTY,20-May-1997,12-May-1997,,6,1997,True,True,render_gcs_ingest
940399700277,4,MISC,CUTTACK,CUTTACK,GENERAL POA WITHOUT PROPERTY,,,,,1997,True,True,render_gcs_ingest
940609700378,4,MISC,GANJAM,BERHAMPUR-II,GENERAL POA WITHOUT PROPERTY,12-Nov-1997,12-Nov-1997,,378,1997,True,True,render_gcs_ingest
940289700003,4,MISC,UNKNOWN,UNKNOWN,GENERAL POA WITHOUT PROPERTY,,,,,1997,True,False,render_gcs_ingest
941080200378,4,MISC,KHURDA,KHURDA(BBSR),GENERAL AGREEMENT,14-Feb-2002,14-Feb-2002,,378,2002,True,True,render_gcs_ingest
940399600420,4,MISC,UNKNOWN,CUTTACK,GENERAL POA WITHOUT PROPERTY,,,,420,1996,True,True,render_gcs_ingest
930570602992,3,WILL,GANJAM,CHHATRAPUR,OTHER DEED,19-Oct-2006,19-Oct-2006,,2992,2006,True,True,render_gcs_ingest
941080201382,4,MISC,KHURDA,KHURDA(BBSR),OTHER DEED,18-Jun-2002,18-Jun-2002,,1382,2002,True,True,render_gcs_ingest
940390200616,4,MISC,CUTTACK,CUTTACK,GENERAL AGREEMENT,29-Oct-2002,29-Oct-2002,,616,2002,True,True,render_gcs_ingest
940139700004,4,MISC,BALASORE,SIMULIA,PARTNERSHIP MORE THAN RS.500,22-Mar-1997,22-Mar-1997,,4,1997,True,True,render_gcs_ingest
940399500062,4,MISC,CUTTACK,CUTTACK,GENERAL AGREEMENT,13-Mar-1995,02-Mar-1995,,,1995,True,True,render_gcs_ingest
941139700726,4,MISC,UNKNOWN,UNKNOWN,GENERAL POA WITHOUT PROPERTY,,,,726,1997,True,True,render_gcs_ingest
940399600098,4,MISC,CUTTACK,UNKNOWN,GENERAL POA WITHOUT PROPERTY,14-Mar-1996,11-Mar-1996,,98,1996,True,True,render_gcs_ingest
941080200136,4,MISC,UNKNOWN,UNKNOWN,GENERAL POA WITHOUT PROPERTY,,,,,2002,True,True,render_gcs_ingest
930609900017,3,WILL,GANJAM,BERHAMPUR-II,OTHER DEED,29-Jan-1999,28-Jan-1999,,17,1999,True,True,render_gcs_ingest
940989600008,4,MISC,UNKNOWN,UNKNOWN,PARTNERSHIP MORE THAN RS.500,,20-Nov-1996,,,1996,True,True,render_gcs_ingest
911190800718,1,SALE,UNKNOWN,UNKNOWN,SALE IMMOVABLE,,,,,,True,True,render_gcs_ingest
910010703637,1,SALE,UNKNOWN,UNKNOWN,SALE IMMOVABLE,19-Sep-2007,27-Aug-2007,,,2007,True,True,render_gcs_ingest
910010901798,1,SALE,ANGUL,ANGUL,SALE IMMOVABLE,18-Apr-2009,18-Apr-2009,80000,1798,2009,True,True,render_gcs_ingest
910540400812,1,SALE,DHENKANAL,BHUBAN,SALE IMMOVABLE,07-Mar-2004,07-Mar-2004,16250,812,2004,True,True,render_gcs_ingest
910050801561,1,SALE,ANGUL,TALCHER,SALE IMMOVABLE,,15-Sep-2008,,1561,2008,True,True,render_gcs_ingest
910039600513,1,SALE,UNKNOWN,UNKNOWN,SALE IMMOVABLE,,,,,1996,True,True,render_gcs_ingest
910010503734,1,SALE,UNKNOWN,ANGUL,SALE IMMOVABLE,,19-Oct-2005,9000,3734,2005,True,False,render_gcs_ingest
911010500295,1,SALE,KEONJHAR,ANANDPUR,SALE IMMOVABLE,27-Mar-2005,27-Mar-2005,0,295,2005,True,True,render_gcs_ingest
910020400070,1,SALE,UNKNOWN,ATHAMALLIK,SALE IMMOVABLE,,,,70,2004,True,True,render_gcs_ingest
910010901122,1,SALE,ANGUL,ANGUL,SALE IMMOVABLE,,06-Mar-2009,88000,1122,2009,True,True,render_gcs_ingest
910010902985,1,SALE,UNKNOWN,ANGUL,SALE IMMOVABLE,,29-Jun-2009,,2985,2009,True,True,render_gcs_ingest
911600300057,1,SALE,RAYAGADA,GUNUPUR,SALE IMMOVABLE,08-Feb-2003,08-Feb-2003,5000,57,2003,True,True,render_gcs_ingest
910010700087,1,SALE,UNKNOWN,UNKNOWN,SALE IMMOVABLE,,,,,2007,True,True,render_gcs_ingest
910010201637,1,SALE,UNKNOWN,UNKNOWN,SALE IMMOVABLE,,,,,2002,True,False,render_gcs_ingest
910010501942,1,SALE,ANGUL,ANGUL,LEASE WITH ADVANCE ONLY(IMMOVABLE),27-Jul-2005,31-Mar-2005,0,1942,2005,True,True,render_gcs_ingest
910010701561,1,SALE,UNKNOWN,UNKNOWN,SALE IMMOVABLE,,,,,2007,True,True,render_gcs_ingest
910010903614,1,SALE,UNKNOWN,UNKNOWN,SALE IMMOVABLE,,,17600,,2009,True,True,render_gcs_ingest
910010703239,1,SALE,ANGUL,ANGUL,SALE IMMOVABLE,27-Aug-2007,13-Aug-2007,20800,3239,2007,True,True,render_gcs_ingest
910010904105,1,SALE,UNKNOWN,ANGUL,SALE IMMOVABLE,17-Nov-2009,11-Sep-2009,,4105,2009,True,True,render_gcs_ingest
910010300932,1,SALE,ANGUL,UNKNOWN,SALE IMMOVABLE,,,3000,,2003,True,True,render_gcs_ingest
911730500163,1,SALE,SUNDARGARH,UNKNOWN,LEASE WITH ADVANCE ONLY(IMMOVABLE),,,,163,2005,True,True,render_gcs_ingest
910010301502,1,SALE,ANGUL,ANGUL,SALE IMMOVABLE,30-Jul-2003,23-Jun-2003,6250,1502,2003,True,True,render_gcs_ingest
910010905131,1,SALE,ANGUL,UNKNOWN,SALE IMMOVABLE,,16-Nov-2009,30800,,2009,True,True,render_gcs_ingest
910100300796,1,SALE,BALASORE,JALESWARPUR,SALE IMMOVABLE,15-Mar-2003,14-Mar-2003,12000,796,2003,True,False,render_gcs_ingest
910010501430,1,SALE,UNKNOWN,UNKNOWN,SALE IMMOVABLE,30-Jun-2005,04-Apr-2005,,,2005,True,True,render_gcs_ingest
910020300755,1,SALE,ANGUL,ATHAMALLIK,SALE IMMOVABLE,23-Apr-2003,23-Apr-2003,1700,755,2003,True,True,render_gcs_ingest
910460501975,1,SALE,CUTTACK,NIALI,SALE IMMOVABLE,23-Oct-2005,23-Oct-2005,,1975,2005,True,True,render_gcs_ingest
910360800607,1,SALE,BOLANGIR,LUISINGA,SALE IMMOVABLE,26-Oct-2008,26-Oct-2008,30000,607,2008,True,True,render_gcs_ingest
910010503447,1,SALE,ANGUL,ANGUL,SALE IMMOVABLE,01-Dec-2005,16-Sep-2005,75000,3447,2005,True,True,render_gcs_ingest
910300500136,1,SALE,BHADRAK,TIHIDI,LEASE WITH ADVANCE ONLY(IMMOVABLE),08-Jan-2005,08-Jan-2005,1018,136,2005,True,True,render_gcs_ingest
910060300610,1,SALE,BALASORE,BALASORE,LEASE WITH ADVANCE ONLY(IMMOVABLE),31-Jan-2003,25-Jan-2003,1500,610,2003,True,False,render_gcs_ingest
910020300544,1,SALE,ANGUL,ATHAMALLIK,SALE IMMOVABLE,04-Mar-2003,04-Mar-2003,4000,544,2003,True,True,render_gcs_ingest
930559800005,3,WILL,GAJAPATI,PARALAKHEMUNDI,OPEN WILL,,,,5,1998,True,True,render_gcs_ingest
930769500004,3,WILL,UNKNOWN,UNKNOWN,OPEN WILL,,,,,1995,True,True,render_gcs_ingest
930860400027,3,WILL,JHARSUGUDA,JHARSUGUDA,OPEN WILL,09-Mar-2004,09-Mar-2004,,27,2004,True,True,render_gcs_ingest
930399500066,3,WILL,CUTTACK,CUTTACK,OPEN WILL,,,,66,1995,True,True,render_gcs_ingest
930860200040,3,WILL,UNKNOWN,UNKNOWN,OPEN WILL,08-May-2002,08-May-2002,,40,2002,True,True,render_gcs_ingest
931179900019,3,WILL,UNKNOWN,UNKNOWN,OPEN WILL,,,,,1999,True,True,render_gcs_ingest
930570900191,3,WILL,UNKNOWN,UNKNOWN,OPEN WILL,,,,,2009,True,True,render_gcs_ingest
931330100009,3,WILL,NABARANGPUR,NABARANGPUR,OPEN WILL,03-Sep-2001,03-Sep-2001,6000,9,2001,True,False,render_gcs_ingest
930390800015,3,WILL,CUTTACK,CUTTACK,OPEN WILL,20-Feb-2008,20-Feb-2008,,,2008,True,True,render_gcs_ingest
931230900018,3,WILL,MALKANGIRI,MALKANAGIRI,OPEN WILL,,,,18,2009,True,True,render_gcs_ingest
930600500025,3,WILL,GANJAM,UNKNOWN,OPEN WILL,08-Feb-2005,08-Feb-2005,,25,2005,True,True,render_gcs_ingest
931700500189,3,WILL,UNKNOWN,UNKNOWN,OPEN WILL,,,,,2005,True,True,render_gcs_ingest
940590200005,4,MISC,UNKNOWN,UNKNOWN,ADOPTION,,,,,2002,True,True,render_gcs_ingest
931080900007,3,WILL,KHURDA,KHURDA(BBSR),OPEN WILL,24-Jan-2009,24-Jan-2009,,7,2009,True,True,render_gcs_ingest
930639600002,3,WILL,UNKNOWN,UNKNOWN,OPEN WILL,10-Jan-1996,,,2,1996,True,False,render_gcs_ingest
940949500001,4,MISC,KENDRAPARA,UNKNOWN,ADOPTION WITH PROPERTY,,,,1,1995,True,True,render_gcs_ingest
931179800047,3,WILL,KORAPUT,KORAPUT(JEYPORE),OPEN WILL,09-Nov-1998,09-Nov-1998,,47,1998,True,True,render_gcs_ingest
931660400021,3,WILL,SUBARNAPUR,SONEPUR,OPEN WILL,29-Apr-2004,28-Apr-2004,,21,2004,True,True,render_gcs_ingest
930670700013,3,WILL,UNKNOWN,PATRAPUR,OPEN WILL,18-Apr-2007,18-Apr-2007,,13,2007,True,True,render_gcs_ingest
930860700052,3,WILL,JHARSUGUDA,JHARSUGUDA,OPEN WILL,,22-May-2007,,52,2007,True,True,render_gcs_ingest
931580800013,3,WILL,RAYAGADA,RAYAGADA,OPEN WILL,26-Mar-2008,26-Mar-2008,,13,2008,True,True,render_gcs_ingest
930770300003,3,WILL,JAGATSINGHPUR,TIRTOL,OPEN WILL,29-Mar-2003,29-Mar-2003,,3,2003,True,True,render_gcs_ingest
930620400037,3,WILL,UNKNOWN,UNKNOWN,OPEN WILL,,,,,2004,True,True,render_gcs_ingest
931669600013,3,WILL,SUBARNAPUR,SONEPUR,OPEN WILL,01-Jul-1996,01-Jul-1996,,,1996,True,True,render_gcs_ingest
930590800040,3,WILL,GANJAM,BHANJANAGAR,OPEN WILL,01-Sep-2008,01-Sep-2008,,40,2008,True,True,render_gcs_ingest
930610800315,3,WILL,GANJAM,BERHAMPUR-I,OPEN WILL,,,,315,2008,True,True,render_gcs_ingest
931570600001,3,WILL,UNKNOWN,UNKNOWN,OPEN WILL,,,,,2006,True,True,render_gcs_ingest
930069900016,3,WILL,BALASORE,BALASORE,OPEN WILL,22-Nov-1999,22-Nov-1999,,16,1999,True,True,render_gcs_ingest
931170100046,3,WILL,UNKNOWN,UNKNOWN,OPEN WILL,,,,,2001,True,True,render_gcs_ingest
931260600033,3,WILL,UNKNOWN,MAYURBHANJ,OPEN WILL,,,,,2006,True,True,render_gcs_ingest
931189800003,3,WILL,UNKNOWN,UNKNOWN,OPEN WILL,,,,,1998,True,True,render_gcs_ingest
930610400124,3,WILL,UNKNOWN,BERHAMPUR-I,OPEN WILL,23-Jul-2004,23-Jul-2004,,124,2004,True,True,render_gcs_ingest
940600200288,4,MISC,GANJAM,UNKNOWN,GENERAL POA WITHOUT PROPERTY,,,,,2002,True,True,render_gcs_ingest
940399600171,4,MISC,UNKNOWN,UNKNOWN,GENERAL AGREEMENT,,,,,1996,True,True,render_gcs_ingest
940069500184,4,MISC,UNKNOWN,UNKNOWN,GENERAL POA WITHOUT PROPERTY,10-Nov-1995,10-Nov-1995,,,1995,True,True,render_gcs_ingest
940079600046,4,MISC,BALASORE,BALIAPAL,REGISTRATION OF MARRIAGE U/S 15,13-Dec-1996,13-Dec-1996,,46,1996,True,True,render_gcs_ingest
940959600005,4,MISC,KENDRAPARA,GARADPUR,GENERAL POA WITHOUT PROPERTY,26-Sep-1996,26-Sep-1996,,5,1996,True,True,render_gcs_ingest
941080200927,4,MISC,UNKNOWN,UNKNOWN,TRUST,,,,927,2002,True,True,render_gcs_ingest
941080200045,4,MISC,KHURDA,KHURDA(BBSR),GENERAL POA WITHOUT PROPERTY,15-Jan-2002,15-Jan-2002,,45,2002,True,True,render_gcs_ingest
930390300030,3,WILL,CUTTACK,CUTTACK,OTHER DEED,19-Jun-2003,19-Jun-2003,,30,2003,True,True,render_gcs_ingest
941080201116,4,MISC,UNKNOWN,UNKNOWN,OTHER DEED,,,,,2002,True,True,render_gcs_ingest
941080200352,4,MISC,KHURDA,KHURDA(BBSR),GENERAL AGREEMENT,,,,,2002,True,True,render_gcs_ingest
940390200560,4,MISC,CUTTACK,CUTTACK,OTHER DEED,25-Sep-2002,25-Sep-2002,,560,2002,True,True,render_gcs_ingest
940399700477,4,MISC,CUTTACK,CUTTACK,REGISTRATION OF MARRIAGE U/S 15,12-Dec-1997,12-Dec-1997,,477,1997,True,True,render_gcs_ingest
940399800378,4,MISC,CUTTACK,CUTTACK,GENERAL POA WITHOUT PROPERTY,,,,378,1998,True,True,render_gcs_ingest
940869500063,4,MISC,JHARSUGUDA,JHARSUGUDA,REGISTRATION OF MARRIAGE U/S 15,05-Oct-1995,26-Sep-1995,,63,1995,True,True,render_gcs_ingest
940609500230,4,MISC,UNKNOWN,BERHAMPUR-II,GENERAL POA WITHOUT PROPERTY,15-Sep-1995,15-Sep-1995,,230,1995,True,True,render_gcs_ingest
940610200099,4,MISC,GANJAM,BERHAMPUR-I,GENERAL POA WITHOUT PROPERTY,18-May-2002,01-May-2002,,,2002,True,True,render_gcs_ingest
941080200236,4,MISC,KHURDA,KHURDA(BBSR),OTHER DEED,08-Feb-2002,01-Feb-2002,,236,2002,True,True,render_gcs_ingest
930649900007,3,WILL,GANJAM,HINJILI,OTHER DEED,,,,,1999,True,True,render_gcs_ingest
940399800531,4,MISC,CUTTACK,CUTTACK,GENERAL AGREEMENT,,,,531,1998,True,True,render_gcs_ingest
940619800176,4,MISC,GANJAM,BERHAMPUR-I,GENERAL POA WITHOUT PROPERTY,31-Jul-1998,31-Jul-1998,,176,1998,True,True,render_gcs_ingest
941080200314,4,MISC,KHURDA,KHURDA(BBSR),OTHER DEED,13-Feb-2002,06-Feb-2002,,314,2002,True,True,render_gcs_ingest
940019500032,4,MISC,ANGUL,ANGUL,GENERAL POA WITHOUT PROPERTY,08-Jun-1995,03-Jun-1995,,32,1995,True,False,render_gcs_ingest
940390200379,4,MISC,UNKNOWN,UNKNOWN,REGISTRATION OF MARRIAGE U/S 15,,,,,2002,True,True,render_gcs_ingest
940439600002,4,MISC,CUTTACK,JAGATPUR,GENERAL POA WITHOUT PROPERTY,16-Jan-1996,16-Jan-1996,,2,1996,True,False,render_gcs_ingest
940069600002,4,MISC,UNKNOWN,UNKNOWN,GENERAL POA WITHOUT PROPERTY,,,,,1996,True,True,render_gcs_ingest
940399600358,4,MISC,CUTTACK,CUTTACK,REGISTRATION OF MARRIAGE U/S 15,07-Sep-1996,06-Sep-1996,,358,1996,True,False,render_gcs_ingest
940399800530,4,MISC,CUTTACK,CUTTACK,TRUST,10-Dec-1998,10-Dec-1998,10000,530,1998,True,True,render_gcs_ingest
930609600164,3,WILL,GANJAM,BERHAMPUR-II,OTHER DEED,,,,164,1996,True,True,render_gcs_ingest
941080200274,4,MISC,KHURDA,UNKNOWN,GENERAL POA WITHOUT PROPERTY,11-Feb-2002,,,274,2002,True,True,render_gcs_ingest
940390200666,4,MISC,CUTTACK,CUTTACK,BOND WITH PROPERTY,,29-Nov-2002,,666,2002,True,True,render_gcs_ingest
941080200592,4,MISC,KHURDA,UNKNOWN,GENERAL POA WITHOUT PROPERTY,,,,592,2002,True,True,render_gcs_ingest
940079700032,4,MISC,BALASORE,BALIAPAL,REGISTRATION OF MARRIAGE U/S 15,05-Jul-1997,05-Jul-1997,,32,1997,True,True,render_gcs_ingest
910180800874,1,SALE,BARGARH,SOHELLA,SALE IMMOVABLE,20-Jul-2008,20-Jul-2008,0,874,2008,True,True,render_gcs_ingest
910010905473,1,SALE,UNKNOWN,ANGUL,SALE IMMOVABLE,,,14080,5473,2009,True,True,render_gcs_ingest
940699700041,4,MISC,GANJAM,SORADA,SALE IMMOVABLE,,02-Jun-1997,4050,41,1997,True,True,render_gcs_ingest
910010503736,1,SALE,UNKNOWN,UNKNOWN,SALE IMMOVABLE,,19-Oct-2005,,,2005,True,True,render_gcs_ingest
910010603413,1,SALE,UNKNOWN,ANGUL,RECONVEYANCE OF MORTGAGE,,,0,,2006,True,True,render_gcs_ingest
940699500081,4,MISC,GANJAM,SORADA,SALE IMMOVABLE,29-Sep-1995,29-Sep-1995,13875,81,1995,True,True,render_gcs_ingest
910590300803,1,SALE,GANJAM,UNKNOWN,SALE IMMOVABLE,,08-Mar-2003,0,803,2003,True,True,render_gcs_ingest
910010901437,1,SALE,ANGUL,ANGUL,SALE IMMOVABLE,22-May-2009,,,,2009,True,True,render_gcs_ingest
911060501125,1,SALE,KEONJHAR,HATADIHI,SALE IMMOVABLE,,,15000,1125,2005,True,True,render_gcs_ingest
910010701656,1,SALE,ANGUL,ANGUL,SALE IMMOVABLE,07-May-2007,26-Jul-2007,,1656,2007,True,True,render_gcs_ingest
910010703523,1,SALE,UNKNOWN,UNKNOWN,SALE IMMOVABLE,,,0,,2007,True,True,render_gcs_ingest
910010902829,1,SALE,ANGUL,ANGUL,SALE IMMOVABLE,21-Aug-2009,,62500,2829,2009,True,True,render_gcs_ingest
910010500057,1,SALE,UNKNOWN,UNKNOWN,SALE IMMOVABLE,,,,,2005,True,True,render_gcs_ingest
910010903411,1,SALE,ANGUL,ANGUL,SALE IMMOVABLE,28-Jul-2009,28-Jul-2009,88000,3411,2009,True,True,render_gcs_ingest
910010500118,1,SALE,ANGUL,ANGUL,SALE IMMOVABLE,26-Feb-2005,11-Jan-2005,11000,118,2005,True,True,render_gcs_ingest
910070500813,1,SALE,BALASORE,BALIAPAL,SALE IMMOVABLE,16-Apr-2005,16-Apr-2005,10463,,2005,True,True,render_gcs_ingest
911230900406,1,SALE,UNKNOWN,UNKNOWN,SALE IMMOVABLE,,,58000,,2009,True,True,render_gcs_ingest
911280200426,1,SALE,UNKNOWN,UNKNOWN,SALE IMMOVABLE,,,,,,True,True,render_gcs_ingest
910010501529,1,SALE,UNKNOWN,UNKNOWN,SALE IMMOVABLE,,,,,2005,True,True,render_gcs_ingest
910010402109,1,SALE,ANGUL,ANGUL,SALE IMMOVABLE,26-Aug-2004,12-Jul-2004,,2109,2004,True,True,render_gcs_ingest
910010702832,1,SALE,UNKNOWN,UNKNOWN,SALE IMMOVABLE,,,,,2007,True,True,render_gcs_ingest
910010500098,1,SALE,ANGUL,ANGUL,SALE IMMOVABLE,25-Feb-2005,10-Jan-2005,4400,98,2005,True,True,render_gcs_ingest
910010901937,1,SALE,UNKNOWN,UNKNOWN,SALE IMMOVABLE,,,,,2009,True,False,render_gcs_ingest
910010301923,1,SALE,ANGUL,ANGUL,SALE IMMOVABLE,04-Sep-2003,27-Aug-2003,17500,1923,2003,True,True,render_gcs_ingest
910010702316,1,SALE,ANGUL,ANGUL,SALE IMMOVABLE,25-Jun-2007,04-Jun-2007,14700,2316,2007,True,True,render_gcs_ingest
910010902838,1,SALE,ANGUL,ANGUL,SALE IMMOVABLE,22-Aug-2009,22-Jun-2009,155505,2838,2009,True,True,render_gcs_ingest
910010500064,1,SALE,ANGUL,UNKNOWN,SALE IMMOVABLE,,,9900,,2005,True,True,render_gcs_ingest
910010701360,1,SALE,ANGUL,ANGUL,SALE IMMOVABLE,16-Apr-2007,09-Apr-2007,8400,1360,2007,True,True,render_gcs_ingest
931359500013,3,WILL,UNKNOWN,UNKNOWN,SALE IMMOVABLE,,,0,,1995,True,True,render_gcs_ingest
910010503217,1,SALE,ANGUL,ANGUL,SALE IMMOVABLE,21-Sep-2005,17-Aug-2005,,3217,2005,True,True,render_gcs_ingest
910010500979,1,SALE,UNKNOWN,UNKNOWN,SALE IMMOVABLE,,04-Mar-2005,,,2005,True,True,render_gcs_ingest
910010900412,1,SALE,ANGUL,ANGUL,SALE IMMOVABLE,19-Mar-2009,28-Jan-2009,21750,412,2009,True,True,render_gcs_ingest
930710400007,3,WILL,UNKNOWN,UNKNOWN,OPEN WILL,,10-May-2004,,,2004,True,True,render_gcs_ingest
930610500185,3,WILL,GANJAM,BERHAMPUR-I,OPEN WILL,08-Dec-2005,06-Dec-2005,,185,2005,True,True,render_gcs_ingest
930999900001,3,WILL,UNKNOWN,UNKNOWN,OPEN WILL,,,,,1999,True,True,render_gcs_ingest
930880000002,3,WILL,KALAHANDI,BHAWANIPATNA,OPEN WILL,11-Jan-2000,10-Jan-2000,50000,2,2000,True,True,render_gcs_ingest
930379500010,3,WILL,UNKNOWN,UNKNOWN,OPEN WILL,,,,,1995,True,True,render_gcs_ingest
930669800006,3,WILL,GANJAM,KHALLIKOTE,OPEN WILL,17-Nov-1998,17-Nov-1998,,6,1998,True,True,render_gcs_ingest
930430000008,3,WILL,CUTTACK,JAGATPUR,OPEN WILL,15-Nov-2000,15-Nov-2000,,8,2000,True,True,render_gcs_ingest
940669700018,4,MISC,UNKNOWN,UNKNOWN,ADOPTION,,,,,,True,True,render_gcs_ingest
930609700087,3,WILL,GANJAM,BERHAMPUR-II,OPEN WILL,24-May-1997,,,87,1997,True,True,render_gcs_ingest
931530100007,3,WILL,PURI,PIPILI,OPEN WILL,03-Jan-2001,03-Jan-2001,,7,2001,True,True,render_gcs_ingest
930699700001,3,WILL,GANJAM,SORADA,OPEN WILL,20-Feb-1997,20-Feb-1997,,1,1997,True,True,render_gcs_ingest
931690000020,3,WILL,UNKNOWN,UNKNOWN,OPEN WILL,,,,,2000,True,True,render_gcs_ingest
930559700020,3,WILL,UNKNOWN,UNKNOWN,OPEN WILL,,,,,1997,True,True,render_gcs_ingest
931480000010,3,WILL,UNKNOWN,UNKNOWN,OPEN WILL,,,,,2000,True,True,render_gcs_ingest
940010200058,4,MISC,UNKNOWN,UNKNOWN,ADOPTION,26-Jul-2002,26-Jul-2002,,,2002,True,True,render_gcs_ingest
940759500016,4,MISC,UNKNOWN,UNKNOWN,ADOPTION,,,,,1995,True,True,render_gcs_ingest
931709500044,3,WILL,UNKNOWN,UNKNOWN,OPEN WILL,,,,,1995,True,True,render_gcs_ingest
931690300002,3,WILL,SUBARNAPUR,RAMPUR,OPEN WILL,24-Jan-2003,24-Jan-2003,,2,2003,True,True,render_gcs_ingest
930499800001,3,WILL,DEOGARH,DEOGARH,OPEN WILL,15-Jan-1998,15-Jan-1998,,1,1998,True,True,render_gcs_ingest
931089900027,3,WILL,KHURDA,KHURDA(BBSR),OPEN WILL,,,,,1999,True,True,render_gcs_ingest
930600800085,3,WILL,GANJAM,UNKNOWN,OPEN WILL,12-May-2008,12-May-2008,,85,2008,True,True,render_gcs_ingest
930750000002,3,WILL,JAGATSINGHPUR,UNKNOWN,OPEN WILL,,,,2,2000,True,True,render_gcs_ingest
931560400001,3,WILL,PURI,KANAS,OPEN WILL,15-Oct-2004,15-Oct-2004,,1,2004,True,True,render_gcs_ingest
930390600035,3,WILL,CUTTACK,CUTTACK,OPEN WILL,12-Jun-2006,12-Jun-2006,,35,2006,True,True,render_gcs_ingest
930860600034,3,WILL,JHARSUGUDA,JHARSUGUDA,OPEN WILL,25-Apr-2006,25-Apr-2006,,34,2006,True,True,render_gcs_ingest
930619900006,3,WILL,GANJAM,BERHAMPUR-I,OPEN WILL,10-Feb-1999,23-Jan-1999,,6,1999,True,True,render_gcs_ingest
930570000025,3,WILL,GANJAM,CHHATRAPUR,OPEN WILL,08-May-2000,08-May-2000,,25,2000,True,True,render_gcs_ingest
930069600006,3,WILL,UNKNOWN,UNKNOWN,OPEN WILL,,,,,1996,True,True,render_gcs_ingest
930779800001,3,WILL,UNKNOWN,UNKNOWN,OPEN WILL,,,,,1998,True,True,render_gcs_ingest
930619600092,3,WILL,UNKNOWN,BERHAMPUR-I,OPEN WILL,31-Oct-1996,,,92,1996,True,False,render_gcs_ingest
940579700152,4,MISC,GANJAM,CHHATRAPUR,ADOPTION,26-Dec-1997,24-Dec-1997,,152,1997,True,True,render_gcs_ingest
940639700005,4,MISC,UNKNOWN,UNKNOWN,ADOPTION,,,,5,1997,True,True,render_gcs_ingest
910060712065,1,SALE,BALASORE,BALASORE,OTHER DEED,,,40000,,2007,True,True,render_gcs_ingest
941009500002,4,MISC,UNKNOWN,UNKNOWN,GENERAL POA WITHOUT PROPERTY,,11-Jan-1995,,,1995,True,False,render_gcs_ingest
941089700725,4,MISC,UNKNOWN,UNKNOWN,GENERAL AGREEMENT,,,,,,True,True,render_gcs_ingest
940619800217,4,MISC,UNKNOWN,UNKNOWN,GENERAL POA WITHOUT PROPERTY,,,,,1998,True,True,render_gcs_ingest
941080200556,4,MISC,KHURDA,KHURDA(BBSR),GENERAL AGREEMENT,18-Mar-2002,18-Mar-2002,145000,556,2002,True,True,render_gcs_ingest
940399800244,4,MISC,UNKNOWN,UNKNOWN,GENERAL POA WITHOUT PROPERTY,11-May-1998,,,,1998,True,True,render_gcs_ingest
940980200001,4,MISC,KENDRAPARA,RAJNAGAR,POA WITH POSSESSION,08-Mar-2002,08-Mar-2002,,1,2002,True,True,render_gcs_ingest
940390200624,4,MISC,CUTTACK,CUTTACK,GENERAL AGREEMENT,30-Oct-2002,30-Oct-2002,100,624,2002,True,True,render_gcs_ingest
940609600174,4,MISC,GANJAM,BERHAMPUR-II,GENERAL POA WITHOUT PROPERTY,27-Jun-1996,05-Jun-1996,,174,1996,True,True,render_gcs_ingest
941089700247,4,MISC,KHURDA,KHURDA(BBSR),GENERAL POA WITHOUT PROPERTY,26-Feb-1997,26-Feb-1997,,,1997,True,True,render_gcs_ingest
940609600060,4,MISC,GANJAM,UNKNOWN,GENERAL POA WITHOUT PROPERTY,,,,,1996,True,True,render_gcs_ingest
940469800023,4,MISC,CUTTACK,NIALI,REGISTRATION OF MARRIAGE U/S 15,14-Jul-1998,,,23,1998,True,True,render_gcs_ingest
911020801193,1,SALE,KEONJHAR,SAINKUL,AGREEMENT WITH PROPERTY,01-Apr-2008,01-Apr-2008,25000,1193,2008,True,True,render_gcs_ingest
940869600001,4,MISC,UNKNOWN,UNKNOWN,GENERAL POA WITHOUT PROPERTY,,,,,1996,True,True,render_gcs_ingest
941009600022,4,MISC,UNKNOWN,UNKNOWN,SOLEMNISATION OF MARRIAGE U/S 5,,,,,1996,True,True,render_gcs_ingest
941080200630,4,MISC,UNKNOWN,UNKNOWN,GENERAL POA WITHOUT PROPERTY,,,,,2002,True,True,render_gcs_ingest
940609600330,4,MISC,GANJAM,BERHAMPUR-II,GENERAL POA WITHOUT PROPERTY,13-Nov-1996,13-Nov-1996,,330,1996,True,True,render_gcs_ingest
940600200363,4,MISC,GANJAM,BERHAMPUR-II,GENERAL POA WITHOUT PROPERTY,,04-Sep-2002,,,2002,True,True,render_gcs_ingest
940399800288,4,MISC,UNKNOWN,UNKNOWN,REGISTRATION OF MARRIAGE U/S 15,30-May-1998,30-May-1998,,,1998,True,True,render_gcs_ingest
940600200254,4,MISC,GANJAM,BERHAMPUR-II,GENERAL POA WITHOUT PROPERTY,,18-Jun-2002,,254,2002,True,True,render_gcs_ingest
910039800155,1,SALE,ANGUL,CHHENDIPADA,GENERAL AGREEMENT,19-Mar-1998,19-Mar-1998,14000,155,1998,True,True,render_gcs_ingest
940070200099,4,MISC,UNKNOWN,UNKNOWN,REGISTRATION OF MARRIAGE U/S 15,,,,,2002,True,True,render_gcs_ingest
940819700021,4,MISC,JAJPUR,DHARMASALA,REGISTRATION OF MARRIAGE U/S 15,01-Jan-1997,04-Jun-1997,,21,1997,True,True,render_gcs_ingest
940390200211,4,MISC,CUTTACK,CUTTACK,GENERAL AGREEMENT,19-Mar-2002,19-Mar-2002,145000,211,2002,True,True,render_gcs_ingest
940939500052,4,MISC,KENDRAPARA,KENDRAPARA,GENERAL AGREEMENT,20-Nov-1995,02-Nov-1995,,52,1995,True,True,render_gcs_ingest
940609700267,4,MISC,GANJAM,UNKNOWN,GENERAL POA WITHOUT PROPERTY,,29-Jul-1997,,267,1997,True,True,render_gcs_ingest
941080200232,4,MISC,KHURDA,KHURDA(BBSR),GENERAL AGREEMENT,08-Feb-2002,21-Jan-2002,,232,2002,True,True,render_gcs_ingest
940869700025,4,MISC,JHARSUGUDA,JHARSUGUDA,PARTNERSHIP MORE THAN RS.500,15-May-1997,20-Mar-1997,5000,25,1997,True,True,render_gcs_ingest
940390200659,4,MISC,UNKNOWN,UNKNOWN,REGISTRATION OF MARRIAGE U/S 15,,,,,,True,True,render_gcs_ingest
941080200064,4,MISC,KHURDA,UNKNOWN,GENERAL POA WITHOUT PROPERTY,,,,64,2002,True,True,render_gcs_ingest
940410200028,4,MISC,CUTTACK,BANKI,REGISTRATION OF MARRIAGE U/S 15,16-Jul-2002,16-Jul-2002,,28,2002,True,True,render_gcs_ingest
940609600286,4,MISC,UNKNOWN,BERHAMPUR-II,GENERAL POA WITHOUT PROPERTY,03-Oct-1996,,,,1996,True,True,render_gcs_ingest
910010300878,1,SALE,ANGUL,ANGUL,SALE IMMOVABLE,21-Jun-2003,29-Mar-2003,7150,,2003,True,False,render_gcs_ingest
910010501636,1,SALE,UNKNOWN,UNKNOWN,SALE IMMOVABLE,,,4000,,2005,True,True,render_gcs_ingest
910660202119,1,SALE,UNKNOWN,UNKNOWN,SALE IMMOVABLE,,04-Nov-2002,5800,,2002,True,True,render_gcs_ingest
910030300284,1,SALE,UNKNOWN,UNKNOWN,SALE IMMOVABLE,,,,,2003,True,True,render_gcs_ingest
910050500161,1,SALE,ANGUL,TALCHER,LEASE RENT RESERVED(IMMOVABLE),20-Jul-2005,20-Jan-2005,15000,161,2005,True,True,render_gcs_ingest
910010200236,1,SALE,ANGUL,ANGUL,SALE IMMOVABLE,29-Jul-2002,21-Jan-2002,60000,236,2002,True,True,render_gcs_ingest
910630403983,1,SALE,GANJAM,DIGAPAHANDI,SALE IMMOVABLE,27-Nov-2004,15-Nov-2004,372,3983,2004,True,True,render_gcs_ingest
910039600217,1,SALE,UNKNOWN,UNKNOWN,SALE IMMOVABLE,,,,,1996,True,True,render_gcs_ingest
910060505801,1,SALE,BALASORE,BALASORE,SURRENDER OF LEASE,02-Aug-2005,02-Aug-2005,0,5801,2005,True,True,render_gcs_ingest
910010901980,1,SALE,UNKNOWN,UNKNOWN,SALE IMMOVABLE,,,,,2009,True,True,render_gcs_ingest
910010704829,1,SALE,ANGUL,ANGUL,SALE IMMOVABLE,07-Dec-2007,05-Nov-2007,0,4829,2007,True,True,render_gcs_ingest
910010301236,1,SALE,ANGUL,ANGUL,RECONVEYANCE OF MORTGAGE,20-May-2003,14-May-2003,0,1236,2003,True,True,render_gcs_ingest
910010702666,1,SALE,ANGUL,ANGUL,SALE IMMOVABLE,,30-Jun-2007,60000,2666,2007,True,True,render_gcs_ingest
910010703145,1,SALE,ANGUL,ANGUL,SALE IMMOVABLE,22-Aug-2007,07-Aug-2007,7500,3145,2007,True,True,render_gcs_ingest
910370301061,1,SALE,BOUDH,BOUDH,SALE IMMOVABLE,17-Aug-2003,17-Aug-2003,,1061,2003,True,True,render_gcs_ingest
910290500233,1,SALE,BHADRAK,DHUSURI,LEASE RENT RESERVED(IMMOVABLE),08-Mar-2005,08-Mar-2005,1000,233,2005,True,True,render_gcs_ingest
910060506951,1,SALE,BALASORE,UNKNOWN,LEASE RENT RESERVED(IMMOVABLE),01-Oct-2005,01-Oct-2005,2700,6951,2005,True,True,render_gcs_ingest
910930901820,1,SALE,UNKNOWN,KENDRAPARA,SALE IMMOVABLE,19-Jul-2009,19-Jul-2009,50000,,2009,True,True,render_gcs_ingest
910720900393,1,SALE,JAGATSINGHPUR,JAGATSINGHPUR,SALE IMMOVABLE,12-Mar-2009,12-Mar-2009,11000,393,2009,True,True,render_gcs_ingest
910010502539,1,SALE,ANGUL,ANGUL,SALE IMMOVABLE,24-Aug-2005,18-Jun-2005,2000,2539,2005,True,True,render_gcs_ingest
910019801026,1,SALE,ANGUL,ANGUL,SALE IMMOVABLE,16-Jun-1998,01-May-1998,,1026,1998,True,True,render_gcs_ingest
910040300566,1,SALE,ANGUL,PALLAHARA,SALE IMMOVABLE,,,18500,566,2003,True,True,render_gcs_ingest
910060307207,1,SALE,BALASORE,BALASORE,LEASE WITH ADVANCE ONLY(IMMOVABLE),04-Nov-2003,01-Nov-2003,,,2003,True,True,render_gcs_ingest
910010902759,1,SALE,UNKNOWN,UNKNOWN,SALE IMMOVABLE,,,,,2009,True,True,render_gcs_ingest
910110800040,1,SALE,BALASORE,KHAIRA,SALE IMMOVABLE,10-Jan-2008,10-Jan-2008,6000,,2008,True,True,render_gcs_ingest
910010701318,1,SALE,ANGUL,ANGUL,SALE IMMOVABLE,11-Apr-2007,04-Apr-2007,144000,1318,2007,True,True,render_gcs_ingest
910010905338,1,SALE,ANGUL,ANGUL,SALE IMMOVABLE,,,,,2009,True,True,render_gcs_ingest
910040700024,1,SALE,UNKNOWN,UNKNOWN,SALE IMMOVABLE,,,,,2007,True,False,render_gcs_ingest
910010703006,1,SALE,ANGUL,ANGUL,SALE IMMOVABLE,14-Aug-2007,26-Jul-2007,7500,3006,2007,True,True,render_gcs_ingest
910010503695,1,SALE,ANGUL,ANGUL,SALE IMMOVABLE,,14-Oct-2005,8250,3695,2005,True,False,render_gcs_ingest
910010901718,1,SALE,ANGUL,ANGUL,SALE IMMOVABLE,09-Jun-2009,13-Apr-2009,24000,1718,2009,True,True,render_gcs_ingest
910010300392,1,SALE,ANGUL,ANGUL,SALE IMMOVABLE,24-May-2003,07-Feb-2003,18200,392,2003,True,True,render_gcs_ingest
930140600004,3,WILL,UNKNOWN,UNKNOWN,OPEN WILL,,,,,2006,True,True,render_gcs_ingest
931080700115,3,WILL,UNKNOWN,UNKNOWN,OPEN WILL,,,,,2007,True,True,render_gcs_ingest
930580000002,3,WILL,GANJAM,ASKA,OPEN WILL,03-Feb-2000,03-Feb-2000,,2,2000,True,True,render_gcs_ingest
930880100008,3,WILL,KALAHANDI,BHAWANIPATNA,OPEN WILL,27-Jan-2001,27-Jan-2001,50000,8,2001,True,True,render_gcs_ingest
930600600189,3,WILL,UNKNOWN,UNKNOWN,OPEN WILL,,,,,,True,True,render_gcs_ingest
930600900174,3,WILL,GANJAM,BERHAMPUR-II,OPEN WILL,24-Dec-2009,24-Dec-2009,,174,2009,True,True,render_gcs_ingest
930490800002,3,WILL,UNKNOWN,UNKNOWN,OPEN WILL,,,,,2008,True,True,render_gcs_ingest
930869600001,3,WILL,UNKNOWN,UNKNOWN,OPEN WILL,,,,,1996,True,False,render_gcs_ingest
930390900067,3,WILL,CUTTACK,CUTTACK,OPEN WILL,,23-Sep-2009,,,2009,True,True,render_gcs_ingest
930860500034,3,WILL,JHARSUGUDA,JHARSUGUDA,OPEN WILL,07-May-2005,07-May-2005,,34,2005,True,True,render_gcs_ingest
940709600001,4,MISC,GANJAM,KODALA,ADOPTION,08-Jan-1996,08-Jan-1996,,1,1996,True,True,render_gcs_ingest
930010700021,3,WILL,ANGUL,ANGUL,OPEN WILL,31-Dec-2007,05-Dec-2007,,21,2007,True,True,render_gcs_ingest
931379700016,3,WILL,NAYAGARH,NAYAGARH,OPEN WILL,24-Oct-1997,24-Oct-1997,,16,1997,True,True,render_gcs_ingest
931170900039,3,WILL,KORAPUT,KORAPUT(JEYPORE),OPEN WILL,,,,,2009,True,True,render_gcs_ingest
930619700106,3,WILL,GANJAM,UNKNOWN,OPEN WILL,,31-Oct-1997,,,1997,True,True,render_gcs_ingest
931170800001,3,WILL,UNKNOWN,KORAPUT(JEYPORE),OPEN WILL,,31-Dec-2008,,,2008,True,True,render_gcs_ingest
930370500043,3,WILL,BOUDH,BOUDH,OPEN WILL,23-Sep-2005,23-Sep-2005,,43,2005,True,True,render_gcs_ingest
930600700085,3,WILL,UNKNOWN,BERHAMPUR-II,OPEN WILL,,,,,2007,True,True,render_gcs_ingest
940460200041,4,MISC,UNKNOWN,UNKNOWN,ADOPTION,22-Jul-2002,22-Jul-2002,,41,2002,True,False,render_gcs_ingest
930310300016,3,WILL,BOLANGIR,BALANGIR,OPEN WILL,24-Feb-2003,24-Feb-2003,,16,2003,True,True,render_gcs_ingest
930470800010,3,WILL,UNKNOWN,UNKNOWN,OPEN WILL,,,,,2008,True,True,render_gcs_ingest
930630800014,3,WILL,UNKNOWN,UNKNOWN,OPEN WILL,,,,,2008,True,True,render_gcs_ingest
931700600148,3,WILL,SUNDARGARH,SUNDERGARH,OPEN WILL,03-Aug-2006,03-Aug-2006,,148,2006,True,True,render_gcs_ingest
930930300011,3,WILL,UNKNOWN,UNKNOWN,OPEN WILL,19-Sep-2003,19-Sep-2003,,,2003,True,True,render_gcs_ingest
930390300043,3,WILL,UNKNOWN,UNKNOWN,OPEN WILL,11-Aug-2003,,,43,2003,True,True,render_gcs_ingest
940979600021,4,MISC,KENDRAPARA,UNKNOWN,ADOPTION,,,,,1996,True,True,render_gcs_ingest
931089900045,3,WILL,UNKNOWN,UNKNOWN,OPEN WILL,,,,,1999,True,False,render_gcs_ingest
930550700065,3,WILL,UNKNOWN,UNKNOWN,OPEN WILL,,,,,2007,True,True,render_gcs_ingest
930370700005,3,WILL,BOUDH,BOUDH,OPEN WILL,,07-Feb-2007,,5,2007,True,True,render_gcs_ingest
930590000019,3,WILL,UNKNOWN,UNKNOWN,OPEN WILL,,08-Jun-2000,,19,2000,True,True,render_gcs_ingest
931700500131,3,WILL,SUNDARGARH,UNKNOWN,OPEN WILL,,,,,2005,True,True,render_gcs_ingest
931379700004,3,WILL,NAYAGARH,NAYAGARH,OPEN WILL,27-Feb-1997,27-Feb-1997,,4,1997,True,True,render_gcs_ingest
941080200233,4,MISC,KHURDA,KHURDA(BBSR),GENERAL POA WITHOUT PROPERTY,08-Feb-2002,31-Jan-2002,,233,2002,True,True,render_gcs_ingest
940399500117,4,MISC,CUTTACK,CUTTACK,GENERAL AGREEMENT,17-Apr-1995,10-Apr-1995,,117,1995,True,True,render_gcs_ingest
940249700018,4,MISC,UNKNOWN,UNKNOWN,GENERAL POA WITHOUT PROPERTY,,,,,1997,True,True,render_gcs_ingest
941009700002,4,MISC,KEONJHAR,KEONJHAR,PARTNERSHIP MORE THAN RS.500,21-Jan-1997,21-Jan-1997,,2,1997,True,True,render_gcs_ingest
940860200022,4,MISC,UNKNOWN,UNKNOWN,GENERAL POA WITHOUT PROPERTY,,,,,2002,True,True,render_gcs_ingest
940419700039,4,MISC,CUTTACK,BANKI,GENERAL POA WITHOUT PROPERTY,18-Nov-1997,18-Nov-1997,,39,1997,True,True,render_gcs_ingest
941080200001,4,MISC,KHURDA,KHURDA(BBSR),CANCELLATION OF POA,03-Jan-2002,03-Jan-2002,,1,2002,True,True,render_gcs_ingest
940939500059,4,MISC,UNKNOWN,UNKNOWN,REGISTRATION OF MARRIAGE U/S 15,,,,,1995,True,True,render_gcs_ingest
941009700035,4,MISC,KEONJHAR,KEONJHAR,GENERAL AGREEMENT,29-Apr-1997,29-Apr-1997,,35,1997,True,True,render_gcs_ingest
940619700190,4,MISC,GANJAM,BERHAMPUR-I,GENERAL POA WITHOUT PROPERTY,,,,,1997,True,True,render_gcs_ingest
940419700016,4,MISC,CUTTACK,BANKI,REGISTRATION OF MARRIAGE U/S 15,29-Apr-1997,29-Apr-1997,,16,1997,True,True,render_gcs_ingest
941080200431,4,MISC,UNKNOWN,UNKNOWN,GENERAL AGREEMENT,,,,,2002,True,True,render_gcs_ingest
940069500035,4,MISC,BALASORE,BALASORE,GENERAL POA WITHOUT PROPERTY,22-Mar-1995,06-Feb-1995,,35,1995,True,True,render_gcs_ingest
940019700056,4,MISC,ANGUL,ANGUL,GENERAL AGREEMENT,08-Sep-1997,27-Aug-1997,,56,1997,True,True,render_gcs_ingest
940619800099,4,MISC,UNKNOWN,BERHAMPUR-I,TRUST,,,,,1998,True,False,render_gcs_ingest
940069700139,4,MISC,BALASORE,BALASORE,POA WITHOUT POSSESSION,05-Dec-1997,05-Dec-1997,,139,1997,True,True,render_gcs_ingest
941080200202,4,MISC,UNKNOWN,UNKNOWN,GENERAL AGREEMENT,,,,,2002,True,True,render_gcs_ingest
941089701454,4,MISC,KHURDA,KHURDA(BBSR),GENERAL AGREEMENT,18-Sep-1997,18-Sep-1997,,1454,1997,True,True,render_gcs_ingest
940069600176,4,MISC,BALASORE,BALASORE,REGISTRATION OF MARRIAGE U/S 15,01-Aug-1996,01-Aug-1996,,176,1996,True,True,render_gcs_ingest
940619800021,4,MISC,GANJAM,BERHAMPUR-I,GENERAL POA WITHOUT PROPERTY,07-Feb-1998,31-Jan-1998,,21,1998,True,True,render_gcs_ingest
941080200074,4,MISC,UNKNOWN,UNKNOWN,OTHER DEED,,18-Jan-2002,,,2002,True,True,render_gcs_ingest
940860200046,4,MISC,JHARSUGUDA,JHARSUGUDA,GENERAL POA WITHOUT PROPERTY,19-Jun-2002,19-Jun-2002,,46,2002,True,True,render_gcs_ingest
941089700591,4,MISC,UNKNOWN,UNKNOWN,GENERAL AGREEMENT,,,,,1997,True,True,render_gcs_ingest
940399700201,4,MISC,CUTTACK,CUTTACK,GENERAL POA WITHOUT PROPERTY,05-May-1997,05-May-1997,,201,1997,True,True,render_gcs_ingest
940600200018,4,MISC,GANJAM,BERHAMPUR-II,GENERAL POA WITHOUT PROPERTY,19-Jan-2002,19-Jan-2002,,18,2002,True,True,render_gcs_ingest
910010700402,1,SALE,UNKNOWN,ANGUL,GENERAL AGREEMENT,07-Feb-2007,,,402,2007,True,True,render_gcs_ingest
940399600005,4,MISC,UNKNOWN,UNKNOWN,GENERAL AGREEMENT,,,,,,True,True,render_gcs_ingest
940759600008,4,MISC,UNKNOWN,UNKNOWN,SOLEMNISATION OF MARRIAGE U/S 5,,,,,1996,True,True,render_gcs_ingest
940939500017,4,MISC,KENDRAPARA,KENDRAPARA,REGISTRATION OF MARRIAGE U/S 15,15-Apr-1995,13-Apr-1995,,17,1995,True,True,render_gcs_ingest
940609700330,4,MISC,GANJAM,BERHAMPUR-II,GENERAL POA WITHOUT PROPERTY,23-Sep-1997,23-Sep-1997,,330,1997,True,True,render_gcs_ingest
940390200596,4,MISC,CUTTACK,CUTTACK,GENERAL POA WITHOUT PROPERTY,21-Oct-2002,21-Oct-2002,,596,2002,True,True,render_gcs_ingest
940399600204,4,MISC,UNKNOWN,UNKNOWN,GENERAL AGREEMENT,13-May-1996,13-May-1996,,,1996,True,True,render_gcs_ingest
910010503151,1,SALE,ANGUL,ANGUL,SALE IMMOVABLE,21-Sep-2005,10-Aug-2005,18350,3151,2005,True,True,render_gcs_ingest
910230700120,1,SALE,BHADRAK,BHADRAK,SALE IMMOVABLE,12-Jan-2007,21-Jan-2007,9000,120,2007,True,True,render_gcs_ingest
910010301101,1,SALE,ANGUL,ANGUL,SALE IMMOVABLE,,24-Apr-2003,,1101,2003,True,True,render_gcs_ingest
910010503795,1,SALE,UNKNOWN,UNKNOWN,RECONVEYANCE OF MORTGAGE,,,0,,2005,True,True,render_gcs_ingest
910010500382,1,SALE,UNKNOWN,UNKNOWN,SALE IMMOVABLE,21-Mar-2005,,,,2005,True,True,render_gcs_ingest
910010703085,1,SALE,UNKNOWN,UNKNOWN,SALE IMMOVABLE,18-Aug-2007,,,,2007,True,True,render_gcs_ingest
911100902628,1,SALE,UNKNOWN,UNKNOWN,SALE IMMOVABLE,,,,,2009,True,True,render_gcs_ingest
910010903716,1,SALE,UNKNOWN,ANGUL,SALE IMMOVABLE,29-Oct-2009,,115200,3716,2009,True,True,render_gcs_ingest
910010503935,1,SALE,ANGUL,ANGUL,SALE IMMOVABLE,23-Dec-2005,10-Nov-2005,54000,3935,2005,True,True,render_gcs_ingest
910010402111,1,SALE,UNKNOWN,UNKNOWN,SALE IMMOVABLE,,,,,2004,True,True,render_gcs_ingest
910010904533,1,SALE,ANGUL,ANGUL,SALE IMMOVABLE,,13-Oct-2009,,4533,2009,True,True,render_gcs_ingest
910060306909,1,SALE,BALASORE,BALASORE,SALE IMMOVABLE,,,,6909,2003,True,True,render_gcs_ingest
911260902732,1,SALE,UNKNOWN,MAYURBHANJ,SALE IMMOVABLE,19-Oct-2009,,,2732,2009,True,True,render_gcs_ingest
910010901964,1,SALE,UNKNOWN,UNKNOWN,SALE IMMOVABLE,27-Jun-2009,,,,2009,True,True,render_gcs_ingest
910010701844,1,SALE,UNKNOWN,ANGUL,SALE IMMOVABLE,,,13000,1844,2007,True,True,render_gcs_ingest
910110500415,1,SALE,UNKNOWN,UNKNOWN,SALE IMMOVABLE,,,,415,,True,True,render_gcs_ingest
910010501914,1,SALE,ANGUL,ANGUL,SALE IMMOVABLE,27-Jul-2005,03-May-2005,20000,1914,2005,True,True,render_gcs_ingest
910010503762,1,SALE,ANGUL,ANGUL,SALE IMMOVABLE,,21-Oct-2005,0,,2005,True,True,render_gcs_ingest
910310900880,1,SALE,BOLANGIR,BALANGIR,SALE IMMOVABLE,23-Apr-2009,23-Apr-2009,32000,880,2009,True,True,render_gcs_ingest
910030100534,1,SALE,ANGUL,CHHENDIPADA,SALE IMMOVABLE,25-Aug-2001,25-Aug-2001,4920,534,2001,True,True,render_gcs_ingest
910010903427,1,SALE,UNKNOWN,UNKNOWN,SALE IMMOVABLE,,,,,2009,True,True,render_gcs_ingest
910049800230,1,SALE,UNKNOWN,UNKNOWN,SALE IMMOVABLE,,,,,1998,True,True,render_gcs_ingest
910030500967,1,SALE,ANGUL,CHHENDIPADA,SALE IMMOVABLE,29-Jul-2005,,13440,967,2005,True,True,render_gcs_ingest
910110301600,1,SALE,BALASORE,KHAIRA,SALE IMMOVABLE,,02-Feb-2003,800,1600,2003,True,True,render_gcs_ingest
910010300914,1,SALE,UNKNOWN,UNKNOWN,SALE IMMOVABLE,,02-Apr-2003,,,2003,True,True,render_gcs_ingest
910270501389,1,SALE,BHADRAK,CHANDBALI,SALE IMMOVABLE,28-May-2005,28-Aug-2005,3500,1389,2005,True,True,render_gcs_ingest
931260700049,3,WILL,MAYURBHANJ,MAYURBHANJ,OPEN WILL,04-May-2007,04-May-2007,,49,2007,True,True,render_gcs_ingest
930600600027,3,WILL,GANJAM,BERHAMPUR-II,OPEN WILL,,,,,2006,True,True,render_gcs_ingest
930500200019,3,WILL,DHENKANAL,DHENKANAL,OPEN WILL,02-Nov-2002,22-Jul-2002,,19,2002,True,True,render_gcs_ingest
931700400084,3,WILL,UNKNOWN,SUNDERGARH,OPEN WILL,12-Jul-2004,12-Jul-2004,,84,2004,True,True,render_gcs_ingest
930560900001,3,WILL,GAJAPATI,UNKNOWN,OPEN WILL,16-Jan-2009,16-Jan-2009,,1,2009,True,True,render_gcs_ingest
930670000019,3,WILL,GANJAM,PATRAPUR,OPEN WILL,18-Oct-2000,18-Oct-2000,,19,2000,True,True,render_gcs_ingest
930620700024,3,WILL,UNKNOWN,UNKNOWN,OPEN WILL,,,,,2007,True,True,render_gcs_ingest
931700400062,3,WILL,SUNDARGARH,SUNDERGARH,OPEN WILL,09-Jun-2004,09-Jun-2004,,62,2004,True,True,render_gcs_ingest
931700200022,3,WILL,UNKNOWN,UNKNOWN,OPEN WILL,,04-Apr-2002,,,2002,True,True,render_gcs_ingest
931620100028,3,WILL,UNKNOWN,UNKNOWN,OPEN WILL,,,,,2001,True,True,render_gcs_ingest
931080400040,3,WILL,KHURDA,KHURDA(BBSR),OPEN WILL,04-May-2004,04-May-2004,,40,2004,True,True,render_gcs_ingest
931260900055,3,WILL,MAYURBHANJ,MAYURBHANJ,OPEN WILL,22-Jun-2009,22-Jun-2009,,55,2009,True,True,render_gcs_ingest
930590400026,3,WILL,GANJAM,BHANJANAGAR,OPEN WILL,,26-Jun-2004,,26,2004,True,True,render_gcs_ingest
931179500027,3,WILL,KORAPUT,KORAPUT(JEYPORE),OPEN WILL,03-Nov-1995,03-Nov-1995,,27,1995,True,True,render_gcs_ingest
931629600065,3,WILL,UNKNOWN,UNKNOWN,OPEN WILL,,,,,1996,True,False,render_gcs_ingest
930860400017,3,WILL,JHARSUGUDA,JHARSUGUDA,OPEN WILL,20-Feb-2004,20-Feb-2004,,17,2004,True,True,render_gcs_ingest
930600300011,3,WILL,UNKNOWN,UNKNOWN,OPEN WILL,,,,,2003,True,True,render_gcs_ingest
930640800002,3,WILL,UNKNOWN,UNKNOWN,OPEN WILL,,,,2,2008,True,True,render_gcs_ingest
931359600006,3,WILL,NABARANGPUR,KODINGA,OPEN WILL,17-Jun-1996,17-Jun-1996,,6,1996,True,True,render_gcs_ingest
930550600030,3,WILL,GAJAPATI,PARALAKHEMUNDI,OPEN WILL,12-Jun-2006,12-Jun-2006,,30,2006,True,True,render_gcs_ingest
930609500195,3,WILL,GANJAM,BERHAMPUR-II,OPEN WILL,28-Oct-1995,28-Oct-1995,,195,1995,True,True,render_gcs_ingest
940669500018,4,MISC,GANJAM,UNKNOWN,ADOPTION,,,,,,True,True,render_gcs_ingest
930370500022,3,WILL,BOUDH,BOUDH,OPEN WILL,04-May-2005,04-May-2005,,,2005,True,True,render_gcs_ingest
930580700037,3,WILL,GANJAM,ASKA,OPEN WILL,15-Oct-2007,15-Oct-2007,,37,2007,True,True,render_gcs_ingest
930640800003,3,WILL,UNKNOWN,UNKNOWN,OPEN WILL,,,,3,2008,True,True,render_gcs_ingest
931680100006,3,WILL,SUBARNAPUR,BINIKA,OPEN WILL,07-Sep-2001,07-Sep-2001,,6,2001,True,True,render_gcs_ingest
931080600136,3,WILL,KHURDA,KHURDA(BBSR),OPEN WILL,25-Nov-2006,25-Nov-2006,,,2006,True,True,render_gcs_ingest
930680400028,3,WILL,GANJAM,PURUSOTTAMPUR,OPEN WILL,15-Jul-2004,15-Jul-2004,,28,2004,True,True,render_gcs_ingest
930860900024,3,WILL,JHARSUGUDA,JHARSUGUDA,OPEN WILL,18-Jan-2009,18-Mar-2009,,24,2009,True,True,render_gcs_ingest
930600700273,3,WILL,GANJAM,UNKNOWN,OPEN WILL,29-Sep-2007,29-Sep-2007,,273,2007,True,True,render_gcs_ingest
910080301869,1,SALE,BALASORE,BASTA,ADOPTION,12-Jul-2003,12-Jul-2003,7000,1869,2003,True,True,render_gcs_ingest
941080200337,4,MISC,UNKNOWN,KHURDA(BBSR),OTHER DEED,15-Mar-2002,15-Mar-2002,,337,2002,True,True,render_gcs_ingest
940819500057,4,MISC,JAJPUR,DHARMASALA,GENERAL POA WITHOUT PROPERTY,07-Apr-1995,07-Apr-1995,,57,1995,True,True,render_gcs_ingest
940609600332,4,MISC,GANJAM,BERHAMPUR-II,GENERAL POA WITHOUT PROPERTY,13-Nov-1996,13-Nov-1996,,332,1996,True,True,render_gcs_ingest
940609600003,4,MISC,GANJAM,BERHAMPUR-II,GENERAL POA WITHOUT PROPERTY,05-Jan-1996,05-Jan-1996,,3,1996,True,True,render_gcs_ingest
940600200114,4,MISC,GANJAM,BERHAMPUR-II,GENERAL POA WITHOUT PROPERTY,05-Apr-2002,05-Apr-2002,,114,2002,True,True,render_gcs_ingest
940600200124,4,MISC,UNKNOWN,UNKNOWN,GENERAL POA WITHOUT PROPERTY,,,,,2002,True,True,render_gcs_ingest
940079600034,4,MISC,BALASORE,BALIAPAL,PARTNERSHIP MORE THAN RS.500,,,,34,1996,True,False,render_gcs_ingest
941080200370,4,MISC,KHURDA,KHURDA(BBSR),GENERAL AGREEMENT,08-Feb-2002,08-Feb-2002,,370,2002,True,True,render_gcs_ingest
940390200573,4,MISC,CUTTACK,CUTTACK,OTHER DEED,03-Oct-2002,03-Oct-2002,,573,2002,True,True,render_gcs_ingest
940610200160,4,MISC,UNKNOWN,UNKNOWN,GENERAL POA WITHOUT PROPERTY,,,,,2002,True,True,render_gcs_ingest
941080200152,4,MISC,KHURDA,KHURDA(BBSR),GENERAL POA WITHOUT PROPERTY,02-Feb-2002,21-Jan-2002,,152,2002,True,True,render_gcs_ingest
940600200078,4,MISC,UNKNOWN,UNKNOWN,GENERAL POA WITHOUT PROPERTY,,,,,,True,True,render_gcs_ingest
940609500243,4,MISC,GANJAM,BERHAMPUR-II,GENERAL POA WITHOUT PROPERTY,20-Sep-1995,20-Sep-1995,,243,1995,True,True,render_gcs_ingest
931080900131,3,WILL,KHURDA,KHURDA(BBSR),OTHER DEED,01-Jan-2009,,,131,2009,True,True,render_gcs_ingest
940600200398,4,MISC,UNKNOWN,BERHAMPUR-II,GENERAL POA WITHOUT PROPERTY,,07-Oct-2002,,,2002,True,True,render_gcs_ingest
940610200177,4,MISC,GANJAM,BERHAMPUR-I,GENERAL POA WITHOUT PROPERTY,17-Aug-2002,17-Aug-2002,,177,2002,True,True,render_gcs_ingest
940609700317,4,MISC,UNKNOWN,UNKNOWN,GENERAL POA WITHOUT PROPERTY,,,,,,True,True,render_gcs_ingest
940399700044,4,MISC,UNKNOWN,UNKNOWN,GENERAL POA WITHOUT PROPERTY,,,,,1997,True,True,render_gcs_ingest
940079600043,4,MISC,BALASORE,BALIAPAL,REGISTRATION OF MARRIAGE U/S 15,19-Nov-1996,30-Oct-1996,,43,1996,True,True,render_gcs_ingest
930399500010,3,WILL,CUTTACK,CUTTACK,OTHER DEED,22-Feb-1995,21-Feb-1995,,10,1995,True,False,render_gcs_ingest
940399800487,4,MISC,CUTTACK,CUTTACK,GENERAL AGREEMENT,18-Nov-1998,18-Nov-1998,,,1998,True,True,render_gcs_ingest
940869700072,4,MISC,JHARSUGUDA,JHARSUGUDA,GENERAL POA WITHOUT PROPERTY,,,,72,1997,True,True,render_gcs_ingest
941080200307,4,MISC,UNKNOWN,UNKNOWN,GENERAL AGREEMENT,,01-Feb-2002,268750,,2002,True,True,render_gcs_ingest
941080200054,4,MISC,KHURDA,KHURDA(BBSR),GENERAL AGREEMENT,16-Jan-2002,16-Jan-2002,365000,54,2002,True,True,render_gcs_ingest
930399500018,3,WILL,UNKNOWN,UNKNOWN,OTHER DEED,,,,,1995,True,True,render_gcs_ingest
941080200296,4,MISC,UNKNOWN,KHURDA(BBSR),GENERAL AGREEMENT,,,237500,,2002,True,True,render_gcs_ingest
941139700244,4,MISC,KHURDA,KHANDAGIRI,GENERAL POA WITHOUT PROPERTY,29-Mar-1997,29-Mar-1997,,244,1997,True,True,render_gcs_ingest
940390200584,4,MISC,UNKNOWN,UNKNOWN,GENERAL AGREEMENT,,,,,2002,True,True,render_gcs_ingest
941080200170,4,MISC,UNKNOWN,UNKNOWN,OTHER DEED,,,,,2002,True,True,render_gcs_ingest
941080200517,4,MISC,KHURDA,KHURDA(BBSR),OTHER DEED,,,,517,2002,True,True,render_gcs_ingest
940249600013,4,MISC,BHADRAK,BASUDEVPUR,GENERAL AGREEMENT,22-Aug-1996,14-Mar-1996,105000,13,1996,True,True,render_gcs_ingest
911230300018,1,SALE,UNKNOWN,UNKNOWN,SALE IMMOVABLE,,,18000,,2002,True,True,render_gcs_ingest
910010905135,1,SALE,UNKNOWN,UNKNOWN,SALE IMMOVABLE,,,,,2009,True,True,render_gcs_ingest
910010500639,1,SALE,UNKNOWN,UNKNOWN,SALE IMMOVABLE,,,,,2005,True,True,render_gcs_ingest
911170701089,1,SALE,KORAPUT,KORAPUT(JEYPORE),SALE IMMOVABLE,10-Jun-2007,10-Jun-2007,52000,1089,2007,True,True,render_gcs_ingest
910019600359,1,SALE,UNKNOWN,UNKNOWN,SALE IMMOVABLE,,,,,1996,True,True,render_gcs_ingest
910010201415,1,SALE,UNKNOWN,UNKNOWN,SALE IMMOVABLE,08-Nov-2002,,,,2002,True,True,render_gcs_ingest
910010301185,1,SALE,UNKNOWN,UNKNOWN,SALE IMMOVABLE,,07-May-2003,38500,,2003,True,True,render_gcs_ingest
910010601020,1,SALE,UNKNOWN,UNKNOWN,SALE IMMOVABLE,,,,,2006,True,True,render_gcs_ingest
910510700880,1,SALE,DHENKANAL,KAMAKSHYANAGAR,SALE IMMOVABLE,,,9600,,2007,True,True,render_gcs_ingest
910010902367,1,SALE,UNKNOWN,UNKNOWN,SALE IMMOVABLE,22-Jul-2009,,,,2009,True,True,render_gcs_ingest
940399700067,4,MISC,UNKNOWN,UNKNOWN,GIFT IMMOVABLE,,,,,1997,True,True,render_gcs_ingest
910010705156,1,SALE,UNKNOWN,UNKNOWN,SALE IMMOVABLE,,,,,2007,True,True,render_gcs_ingest
910040300444,1,SALE,UNKNOWN,UNKNOWN,LEASE RENT RESERVED(IMMOVABLE),,,,,2003,True,True,render_gcs_ingest
910730700274,1,SALE,JAGATSINGHPUR,BALIKUDA,SALE IMMOVABLE,03-Mar-2007,03-Mar-2007,7073,274,2007,True,True,render_gcs_ingest
911000500285,1,SALE,KEONJHAR,KEONJHAR,SALE IMMOVABLE,24-Jul-2005,24-Jul-2005,60000,285,2005,True,True,render_gcs_ingest
910370500181,1,SALE,UNKNOWN,UNKNOWN,SALE IMMOVABLE,,,,,2005,True,True,render_gcs_ingest
930869500042,3,WILL,JHARSUGUDA,JHARSUGUDA,OPEN WILL,27-Dec-1995,26-Dec-1995,,42,1995,True,True,render_gcs_ingest
930939500003,3,WILL,KENDRAPARA,KENDRAPARA,OPEN WILL,17-May-1995,15-May-1995,,3,1995,True,True,render_gcs_ingest
930880900015,3,WILL,KALAHANDI,UNKNOWN,OPEN WILL,24-Apr-2009,24-Apr-2009,343200,,2009,True,True,render_gcs_ingest
930370600046,3,WILL,UNKNOWN,UNKNOWN,OPEN WILL,,,,,2006,True,True,render_gcs_ingest
931370900040,3,WILL,NAYAGARH,NAYAGARH,OPEN WILL,,,,40,2009,True,True,render_gcs_ingest
931260000017,3,WILL,UNKNOWN,UNKNOWN,OPEN WILL,,,,,2000,True,True,render_gcs_ingest
930610300074,3,WILL,GANJAM,BERHAMPUR-I,OPEN WILL,,,,,2003,True,True,render_gcs_ingest
931620500003,3,WILL,SAMBALPUR,SAMBALPUR,OPEN WILL,03-Jan-2005,03-Jan-2005,,3,2005,True,True,render_gcs_ingest
931620800065,3,WILL,SAMBALPUR,SAMBALPUR,OPEN WILL,28-May-2008,28-May-2008,,65,2008,True,True,render_gcs_ingest
930639600018,3,WILL,GANJAM,DIGAPAHANDI,OPEN WILL,25-Apr-1996,25-Apr-1996,,18,1996,True,True,render_gcs_ingest
930640700006,3,WILL,UNKNOWN,UNKNOWN,OPEN WILL,,,,,2007,True,True,render_gcs_ingest
930690700004,3,WILL,UNKNOWN,UNKNOWN,OPEN WILL,,,,,2007,True,True,render_gcs_ingest
930390800048,3,WILL,CUTTACK,UNKNOWN,OPEN WILL,04-Jun-2008,,,48,2008,True,True,render_gcs_ingest
930649500018,3,WILL,GANJAM,HINJILI,OPEN WILL,19-Jul-1995,13-Jul-1995,,18,1995,True,True,render_gcs_ingest
930610800049,3,WILL,UNKNOWN,UNKNOWN,OPEN WILL,,,,,2008,True,True,render_gcs_ingest
930579500046,3,WILL,UNKNOWN,UNKNOWN,OPEN WILL,12-Sep-1995,12-Sep-1995,,46,1995,True,True,render_gcs_ingest
930500700034,3,WILL,DHENKANAL,DHENKANAL,OPEN WILL,21-Nov-2007,21-Nov-2007,,34,2007,True,True,render_gcs_ingest
931709500006,3,WILL,UNKNOWN,UNKNOWN,OPEN WILL,21-Mar-1995,,,,1995,True,True,render_gcs_ingest
930600600093,3,WILL,GANJAM,UNKNOWN,OPEN WILL,17-May-2006,17-May-2006,,93,2006,True,True,render_gcs_ingest
930609500025,3,WILL,UNKNOWN,UNKNOWN,OPEN WILL,,17-Feb-1995,,,1995,True,True,render_gcs_ingest
930590300024,3,WILL,GANJAM,BHANJANAGAR,OPEN WILL,24-Dec-2003,24-Dec-2003,,24,2003,True,True,render_gcs_ingest
930590500022,3,WILL,GANJAM,BHANJANAGAR,OPEN WILL,22-Jun-2005,22-Jun-2005,,22,2005,True,True,render_gcs_ingest
931170800003,3,WILL,KORAPUT,KORAPUT(JEYPORE),OPEN WILL,04-Jan-2008,04-Jan-2008,,3,2008,True,True,render_gcs_ingest
930359600003,3,WILL,BOLANGIR,TUSURA,OPEN WILL,01-Mar-1996,01-Mar-1996,,3,1996,True,True,render_gcs_ingest
930390000046,3,WILL,CUTTACK,CUTTACK,OPEN WILL,,,,,2000,True,True,render_gcs_ingest
930619900099,3,WILL,UNKNOWN,UNKNOWN,OPEN WILL,,,,,1999,True,True,render_gcs_ingest
931540800005,3,WILL,PURI,SATYABADI,OPEN WILL,,,,5,,True,True,render_gcs_ingest
931700700106,3,WILL,SUNDARGARH,SUNDERGARH,OPEN WILL,26-May-2007,26-May-2007,,106,2007,True,True,render_gcs_ingest
930390700087,3,WILL,CUTTACK,CUTTACK,OPEN WILL,22-Dec-2007,22-Dec-2007,,87,2007,True,False,render_gcs_ingest
931480400015,3,WILL,UNKNOWN,UNKNOWN,OPEN WILL,,,,,2004,True,True,render_gcs_ingest
930619700073,3,WILL,GANJAM,BERHAMPUR-I,OPEN WILL,05-Aug-1997,15-Jul-1997,,73,1997,True,False,render_gcs_ingest
931480900040,3,WILL,PURI,PURI,OPEN WILL,12-Oct-2009,12-Oct-2009,,40,2009,True,True,render_gcs_ingest
940390200635,4,MISC,CUTTACK,CUTTACK,GENERAL AGREEMENT,07-Nov-2002,07-Nov-2002,,635,2002,True,True,render_gcs_ingest
931080700021,3,WILL,KHURDA,KHURDA(BBSR),OTHER DEED,17-Feb-2007,17-Feb-2007,,21,2007,True,True,render_gcs_ingest
930399500020,3,WILL,CUTTACK,CUTTACK,OTHER DEED,22-Mar-1995,20-Mar-1995,,20,1995,True,True,render_gcs_ingest
940769500022,4,MISC,UNKNOWN,ଗ୍ରାମ,SOLEMNISATION OF MARRIAGE U/S 5,,,,,1995,True,True,render_gcs_ingest
940980200013,4,MISC,UNKNOWN,UNKNOWN,POA WITH POSSESSION,07-Sep-2002,,,,2002,True,True,render_gcs_ingest
940099600005,4,MISC,UNKNOWN,UNKNOWN,REGISTRATION OF MARRIAGE U/S 15,,,,,,True,True,render_gcs_ingest
941080200344,4,MISC,KHURDA,KHURDA(BBSR),GENERAL AGREEMENT,16-Feb-2002,16-Feb-2002,,344,2002,True,True,render_gcs_ingest
940609600369,4,MISC,UNKNOWN,UNKNOWN,GENERAL POA WITHOUT PROPERTY,,,,,1996,True,False,render_gcs_ingest
941089601247,4,MISC,KHURDA,KHURDA(BBSR),GENERAL POA WITHOUT PROPERTY,05-Oct-1996,05-Oct-1996,,1247,1996,True,True,render_gcs_ingest
940619800169,4,MISC,GANJAM,BERHAMPUR-I,GENERAL POA WITHOUT PROPERTY,30-Jul-1998,13-Jul-1998,,169,1998,True,True,render_gcs_ingest
930600100042,3,WILL,GANJAM,UNKNOWN,OTHER DEED,30-Mar-2001,30-Mar-2001,,42,2001,True,True,render_gcs_ingest
940619800039,4,MISC,GANJAM,BERHAMPUR-I,GENERAL POA WITHOUT PROPERTY,21-Feb-1998,16-Feb-1998,,39,1998,True,True,render_gcs_ingest
940390200054,4,MISC,CUTTACK,CUTTACK,GENERAL AGREEMENT,25-Jan-2002,25-Jan-2002,168000,54,2002,True,True,render_gcs_ingest
941080200638,4,MISC,KHURDA,KHURDA(BBSR),GENERAL AGREEMENT,21-Mar-2002,16-Mar-2002,,638,2002,True,True,render_gcs_ingest
940390200556,4,MISC,UNKNOWN,UNKNOWN,OTHER DEED,,,,556,2002,True,False,render_gcs_ingest
941080200178,4,MISC,KHURDA,KHURDA(BBSR),GENERAL POA WITHOUT PROPERTY,05-Feb-2002,25-Jan-2002,,178,2002,True,True,render_gcs_ingest
940419500040,4,MISC,CUTTACK,BANKI,BOND WITH PROPERTY,04-Dec-1995,04-Dec-1995,100,40,1995,True,True,render_gcs_ingest
910780300158,1,SALE,JAJPUR,UNKNOWN,GENERAL AGREEMENT,29-Jan-2003,02-Nov-2003,19500,158,2003,True,True,render_gcs_ingest
940390200474,4,MISC,CUTTACK,CUTTACK,GENERAL POA WITHOUT PROPERTY,,,,474,2002,True,True,render_gcs_ingest
930600100029,3,WILL,GANJAM,BERHAMPUR-II,OTHER DEED,03-Mar-2001,03-Mar-2001,,29,2001,True,True,render_gcs_ingest
940729500019,4,MISC,JAGATSINGHPUR,JAGATSINGHPUR,REGISTRATION OF MARRIAGE U/S 15,10-Jul-1995,10-Jul-1995,,19,1995,True,True,render_gcs_ingest
940259700004,4,MISC,UNKNOWN,BHANDARIPOKHARI,GENERAL POA WITHOUT PROPERTY,29-Sep-1997,21-Aug-1997,,,1997,True,True,render_gcs_ingest
941089701006,4,MISC,KHURDA,KHURDA(BBSR),GENERAL POA WITHOUT PROPERTY,22-May-1997,22-May-1997,,1006,1997,True,True,render_gcs_ingest
940609600272,4,MISC,UNKNOWN,UNKNOWN,GENERAL POA WITHOUT PROPERTY,,,,,1996,True,True,render_gcs_ingest
940399500091,4,MISC,CUTTACK,CUTTACK,GENERAL POA WITHOUT PROPERTY,22-Mar-1995,21-Mar-1995,,91,1995,True,True,render_gcs_ingest
941080200426,4,MISC,KHURDA,KHURDA(BBSR),OTHER DEED,27-Feb-2002,20-Feb-2002,,426,2002,True,True,render_gcs_ingest
941080200412,4,MISC,UNKNOWN,UNKNOWN,GENERAL POA WITHOUT PROPERTY,,,,,2002,True,True,render_gcs_ingest
940600200321,4,MISC,GANJAM,BERHAMPUR-II,GENERAL POA WITHOUT PROPERTY,06-Aug-2002,06-Aug-2002,,321,2002,True,True,render_gcs_ingest
940819600038,4,MISC,JAJPUR,DHARMASALA,GENERAL POA WITHOUT PROPERTY,04-Oct-1996,04-Oct-1996,,38,1996,True,False,render_gcs_ingest
940439500021,4,MISC,UNKNOWN,UNKNOWN,POA WITH POSSESSION,14-Dec-1995,,,,1995,True,True,render_gcs_ingest
941080200495,4,MISC,KHURDA,KHURDA(BBSR),OTHER DEED,04-Mar-2002,04-Mar-2002,,495,2002,True,True,render_gcs_ingest
910010903410,1,SALE,UNKNOWN,UNKNOWN,SALE IMMOVABLE,28-Jul-2009,28-Jul-2009,,,2009,True,True,render_gcs_ingest
910320700589,1,SALE,BOLANGIR,PATNAGARH,SALE IMMOVABLE,11-Nov-2007,11-Nov-2007,60000,589,2007,True,True,render_gcs_ingest
910010503250,1,SALE,ANGUL,UNKNOWN,SALE IMMOVABLE,26-Sep-2005,23-Aug-2005,15600,,2005,True,True,render_gcs_ingest
910060307950,1,SALE,BALASORE,UNKNOWN,LEASE ADVANCE WITH RENT IMMOVABLE,11-Dec-2003,11-Dec-2003,1200,7950,2003,True,True,render_gcs_ingest
911190900948,1,SALE,UNKNOWN,UNKNOWN,SALE IMMOVABLE,,25-Dec-2009,,948,2009,True,True,render_gcs_ingest
910760500359,1,SALE,JAGATSINGHPUR,RAGHUNATHPUR,SALE IMMOVABLE,,,12500,359,2005,True,True,render_gcs_ingest
910010904456,1,SALE,UNKNOWN,UNKNOWN,SALE IMMOVABLE,,07-Oct-2009,167814,,2009,True,True,render_gcs_ingest
910010500716,1,SALE,UNKNOWN,UNKNOWN,SALE IMMOVABLE,29-Apr-2005,18-Feb-2005,900,716,2005,True,True,render_gcs_ingest
910010502100,1,SALE,UNKNOWN,UNKNOWN,SALE IMMOVABLE,,,,,2005,True,True,render_gcs_ingest
910780800846,1,SALE,UNKNOWN,UNKNOWN,SALE IMMOVABLE,11-May-2008,,12000,846,2008,True,True,render_gcs_ingest
910020301159,1,SALE,ANGUL,ATHAMALLIK,SALE IMMOVABLE,19-Nov-2003,19-Nov-2003,1100,1159,2003,True,True,render_gcs_ingest
910020500465,1,SALE,ANGUL,ATHAMALLIK,SALE IMMOVABLE,11-Jun-2005,11-Jun-2005,0,465,2005,True,True,render_gcs_ingest
910030300420,1,SALE,ANGUL,CHHENDIPADA,SALE IMMOVABLE,,,24948,420,,True,True,render_gcs_ingest
910010502091,1,SALE,UNKNOWN,UNKNOWN,SALE IMMOVABLE,,17-May-2005,,,2005,True,True,render_gcs_ingest
910620501629,1,SALE,GANJAM,BUGUDA,SALE IMMOVABLE,06-Mar-2005,06-Mar-2005,0,1629,2005,True,True,render_gcs_ingest
910060304143,1,SALE,UNKNOWN,UNKNOWN,RECONVEYANCE OF MORTGAGE,,,,,2003,True,True,render_gcs_ingest
910060401336,1,SALE,BALASORE,BALASORE,SALE IMMOVABLE,28-Feb-2004,28-Feb-2004,17380,1336,2004,True,True,render_gcs_ingest
910610504314,1,SALE,GANJAM,BERHAMPUR-I,RELEASE - MORE THAN RS.1000,18-Jul-2005,11-Jun-2005,20000,4314,2005,True,True,render_gcs_ingest
910010700532,1,SALE,UNKNOWN,UNKNOWN,SALE IMMOVABLE,,,53800,,2007,True,True,render_gcs_ingest
910010302111,1,SALE,ANGUL,UNKNOWN,SALE IMMOVABLE,30-Sep-2003,,9300,,2003,True,True,render_gcs_ingest
931620900086,3,WILL,UNKNOWN,SAMBALPUR,SALE IMMOVABLE,,,0,86,2009,True,True,render_gcs_ingest
910010301213,1,SALE,UNKNOWN,UNKNOWN,RECONVEYANCE OF MORTGAGE,,,79000,,2003,True,True,render_gcs_ingest
910050500887,1,SALE,UNKNOWN,UNKNOWN,SALE IMMOVABLE,02-Nov-2005,,30000,887,2005,True,True,render_gcs_ingest
910010900768,1,SALE,UNKNOWN,UNKNOWN,SALE IMMOVABLE,,,21000,768,2009,True,True,render_gcs_ingest
930860400091,3,WILL,JHARSUGUDA,UNKNOWN,OPEN WILL,05-Nov-2004,05-Nov-2004,,,2004,True,True,render_gcs_ingest
930650800003,3,WILL,GANJAM,KABISURYANAGAR,OPEN WILL,,22-Feb-2008,,3,2008,True,True,render_gcs_ingest
931700800094,3,WILL,SUNDARGARH,SUNDERGARH,OPEN WILL,25-Apr-2008,,,94,2008,True,True,render_gcs_ingest
930600300178,3,WILL,GANJAM,UNKNOWN,OPEN WILL,15-Oct-2003,15-Oct-2003,,178,2003,True,True,render_gcs_ingest
930500400025,3,WILL,DHENKANAL,DHENKANAL,OPEN WILL,06-Jul-2004,02-Jun-2004,,25,2004,True,True,render_gcs_ingest
930610000029,3,WILL,GANJAM,BERHAMPUR-I,OPEN WILL,02-Mar-2000,18-Feb-2000,,29,2000,True,False,render_gcs_ingest
930880100014,3,WILL,UNKNOWN,UNKNOWN,OPEN WILL,,,,,,True,True,render_gcs_ingest
931209900013,3,WILL,UNKNOWN,UNKNOWN,OPEN WILL,27-Jul-1999,27-Jul-1999,,13,1999,True,False,render_gcs_ingest
931520900008,3,WILL,UNKNOWN,UNKNOWN,OPEN WILL,,,,,2009,True,True,render_gcs_ingest
931179700022,3,WILL,KORAPUT,KORAPUT(JEYPORE),OPEN WILL,05-Dec-1997,19-Sep-1997,,22,1997,True,True,render_gcs_ingest
930579700055,3,WILL,UNKNOWN,UNKNOWN,OPEN WILL,,,,,1997,True,True,render_gcs_ingest
931080000011,3,WILL,KHURDA,KHURDA(BBSR),OPEN WILL,28-Feb-2000,28-Feb-2000,,11,2000,True,True,render_gcs_ingest
930690400009,3,WILL,GANJAM,SORADA,OPEN WILL,,,,,2004,True,True,render_gcs_ingest
931510600003,3,WILL,PURI,KAKATPUR,OPEN WILL,06-Jun-2006,06-Jun-2006,,3,2006,True,True,render_gcs_ingest
931480300027,3,WILL,PURI,PURI,OPEN WILL,,,,27,,True,True,render_gcs_ingest
930660400003,3,WILL,UNKNOWN,UNKNOWN,OPEN WILL,25-Feb-2004,,,3,2004,True,True,render_gcs_ingest
931670500020,3,WILL,UNKNOWN,UNKNOWN,OPEN WILL,04-Jul-2005,04-Jul-2005,,,2005,True,True,render_gcs_ingest
931179600019,3,WILL,KORAPUT,UNKNOWN,OPEN WILL,18-Nov-1996,06-Sep-1996,,19,1996,True,True,render_gcs_ingest
930390000039,3,WILL,CUTTACK,CUTTACK,CANCELLATION OF OPEN WILL,04-Aug-2000,04-Aug-2000,,39,2000,True,True,render_gcs_ingest
930390100044,3,WILL,CUTTACK,CUTTACK,OPEN WILL,01-Jun-2001,01-Jun-2001,,44,2001,True,True,render_gcs_ingest
930610500013,3,WILL,GANJAM,BERHAMPUR-I,OPEN WILL,24-Jan-2005,24-Jan-2005,,13,2005,True,True,render_gcs_ingest
930380500026,3,WILL,BOUDH,UNKNOWN,OPEN WILL,26-Sep-2005,,,,2005,True,True,render_gcs_ingest
940390200422,4,MISC,CUTTACK,CUTTACK,ADOPTION,24-Jun-2002,24-Jun-2002,,422,2002,True,True,render_gcs_ingest
931700400148,3,WILL,SUNDARGARH,SUNDERGARH,OPEN WILL,08-Nov-2004,08-Nov-2004,,148,2004,True,True,render_gcs_ingest
931359600002,3,WILL,NABARANGPUR,KODINGA,OPEN WILL,11-Mar-1996,11-Mar-1996,,2,1996,True,True,render_gcs_ingest
930610900053,3,WILL,GANJAM,BERHAMPUR-I,OPEN WILL,13-Mar-2009,02-Mar-2009,,53,2009,True,True,render_gcs_ingest
940399800293,4,MISC,UNKNOWN,CUTTACK,ADOPTION,,,,,1998,True,False,render_gcs_ingest
930620500004,3,WILL,GANJAM,UNKNOWN,OPEN WILL,,,,,2005,True,True,render_gcs_ingest
931480200035,3,WILL,PURI,PURI,OPEN WILL,01-Jun-2002,01-Jun-2002,,,2002,True,True,render_gcs_ingest
931660000001,3,WILL,UNKNOWN,UNKNOWN,OPEN WILL,,,,,2000,True,True,render_gcs_ingest
930600700008,3,WILL,GANJAM,BERHAMPUR-II,OPEN WILL,12-Jan-2007,12-Jan-2007,,8,2007,True,True,render_gcs_ingest
930660400020,3,WILL,UNKNOWN,UNKNOWN,OPEN WILL,,,,,2004,True,True,render_gcs_ingest
941080200333,4,MISC,KHURDA,UNKNOWN,GENERAL POA WITHOUT PROPERTY,,,,333,2002,True,True,render_gcs_ingest
941139700660,4,MISC,UNKNOWN,UNKNOWN,GENERAL AGREEMENT,,,,,1997,True,True,render_gcs_ingest
930710900001,3,WILL,GANJAM,CHIKITI,OTHER DEED,,,,,2009,True,True,render_gcs_ingest
940469800043,4,MISC,CUTTACK,NIALI,REGISTRATION OF MARRIAGE U/S 15,27-Oct-1998,27-Oct-1998,,43,1998,True,True,render_gcs_ingest
930640700026,3,WILL,GANJAM,HINJILI,OTHER DEED,09-Apr-2007,09-Apr-2007,,26,2007,True,True,render_gcs_ingest
910010602340,1,SALE,UNKNOWN,UNKNOWN,OTHER DEED,,,39000,,2006,True,True,render_gcs_ingest
940399700111,4,MISC,CUTTACK,CUTTACK,GENERAL AGREEMENT,20-Mar-1997,17-Mar-1997,,111,1997,True,True,render_gcs_ingest
940619700294,4,MISC,GANJAM,BERHAMPUR-I,GENERAL POA WITHOUT PROPERTY,14-Aug-1997,08-Aug-1997,,294,1997,True,True,render_gcs_ingest
940390200524,4,MISC,UNKNOWN,UNKNOWN,GENERAL AGREEMENT,,,,,2002,True,True,render_gcs_ingest
940619800222,4,MISC,UNKNOWN,UNKNOWN,GENERAL AGREEMENT,,,,,1998,True,True,render_gcs_ingest
940579700100,4,MISC,UNKNOWN,UNKNOWN,GENERAL AGREEMENT,,,,100,1997,True,False,render_gcs_ingest
940600200133,4,MISC,GANJAM,BERHAMPUR-II,GENERAL POA WITHOUT PROPERTY,,,,,,True,True,render_gcs_ingest
940399800292,4,MISC,CUTTACK,CUTTACK,GENERAL POA WITHOUT PROPERTY,08-Jun-1998,08-Jun-1998,,292,1998,True,True,render_gcs_ingest
941080200046,4,MISC,KHURDA,KHURDA(BBSR),GENERAL POA WITHOUT PROPERTY,15-Jan-2002,15-Jan-2002,,,2002,True,True,render_gcs_ingest
940099500001,4,MISC,UNKNOWN,UNKNOWN,OTHER DEED,,,,,,True,True,render_gcs_ingest
940090200028,4,MISC,BALASORE,JALESWAR,REGISTRATION OF MARRIAGE U/S 15,04-Jun-2002,04-Jun-2002,,28,2002,True,False,render_gcs_ingest
940399800273,4,MISC,UNKNOWN,UNKNOWN,GENERAL AGREEMENT,,,,,1998,True,True,render_gcs_ingest
940470200009,4,MISC,CUTTACK,SALIPUR,REGISTRATION OF MARRIAGE U/S 15,04-Apr-2002,04-Apr-2002,,9,2002,True,True,render_gcs_ingest
940010200028,4,MISC,UNKNOWN,UNKNOWN,CANCELLATION OF POA,,,,,2002,True,True,render_gcs_ingest
940609600215,4,MISC,GANJAM,BERHAMPUR-II,GENERAL POA WITHOUT PROPERTY,22-Jul-1996,05-Jul-1996,,215,1996,True,True,render_gcs_ingest
941080200211,4,MISC,UNKNOWN,KHURDA(BBSR),TRUST,07-Feb-2002,29-Jan-2002,,211,2002,True,True,render_gcs_ingest
940619700168,4,MISC,UNKNOWN,UNKNOWN,GENERAL POA WITHOUT PROPERTY,,,,,1997,True,True,render_gcs_ingest
940399800088,4,MISC,CUTTACK,CUTTACK,REGISTRATION OF MARRIAGE U/S 15,07-Mar-1998,07-Mar-1998,,88,1998,True,True,render_gcs_ingest
940610200143,4,MISC,UNKNOWN,BERHAMPUR-I,GENERAL POA WITHOUT PROPERTY,24-Jul-2002,26-Jun-2002,,143,2002,True,False,render_gcs_ingest
941080200523,4,MISC,UNKNOWN,UNKNOWN,GENERAL AGREEMENT,,,,,2002,True,True,render_gcs_ingest
940600200119,4,MISC,GANJAM,BERHAMPUR-II,GENERAL POA WITHOUT PROPERTY,12-Apr-2002,12-Apr-2002,,119,2002,True,True,render_gcs_ingest
940399700379,4,MISC,UNKNOWN,UNKNOWN,GENERAL POA WITHOUT PROPERTY,,,,,1997,True,True,render_gcs_ingest
940600200195,4,MISC,UNKNOWN,BERHAMPUR-II,GENERAL POA WITHOUT PROPERTY,23-May-2002,,,,2002,True,True,render_gcs_ingest
941080200311,4,MISC,UNKNOWN,UNKNOWN,OTHER DEED,13-Feb-2002,,,,2002,True,True,render_gcs_ingest
940609700192,4,MISC,GANJAM,BERHAMPUR-II,GENERAL POA WITHOUT PROPERTY,28-May-1997,,,192,1997,True,True,render_gcs_ingest
911120800405,1,SALE,KHURDA,JATANI,OTHER DEED,01-Jun-2008,01-Jun-2008,2000,405,2008,True,True,render_gcs_ingest
940619700436,4,MISC,GANJAM,BERHAMPUR-I,GENERAL AGREEMENT,15-Dec-1997,15-Dec-1997,200000,436,1997,True,True,render_gcs_ingest
910090702296,1,SALE,UNKNOWN,UNKNOWN,SALE IMMOVABLE,,,64000,,2007,True,False,render_gcs_ingest
910010500225,1,SALE,ANGUL,UNKNOWN,SALE IMMOVABLE,,17-Jan-2005,,,2005,True,True,render_gcs_ingest
910170000965,1,SALE,BARGARH,PADMAPUR,SALE IMMOVABLE,15-Jun-2000,15-Jun-2000,21000,965,2000,True,True,render_gcs_ingest
910010701032,1,SALE,UNKNOWN,UNKNOWN,SALE IMMOVABLE,,,16000,,2007,True,True,render_gcs_ingest
910050300567,1,SALE,UNKNOWN,UNKNOWN,SALE IMMOVABLE,,12-May-2003,,567,2003,True,True,render_gcs_ingest
910010504369,1,SALE,UNKNOWN,UNKNOWN,SALE IMMOVABLE,,,19000,,2005,True,True,render_gcs_ingest
910010504261,1,SALE,UNKNOWN,UNKNOWN,SALE IMMOVABLE,,,0,,2005,True,True,render_gcs_ingest
910010300098,1,SALE,UNKNOWN,UNKNOWN,SALE IMMOVABLE,,,,,2003,True,True,render_gcs_ingest
910740900822,1,SALE,JAGATSINGHPUR,DEBIDOL,SALE IMMOVABLE,22-Nov-2009,22-Nov-2009,4554,822,2009,True,True,render_gcs_ingest
910010901695,1,SALE,UNKNOWN,UNKNOWN,SALE IMMOVABLE,09-Apr-2009,09-Apr-2009,4950,1695,2009,True,True,render_gcs_ingest
910070500334,1,SALE,BALASORE,BALIAPAL,SALE IMMOVABLE,11-Dec-2005,11-Dec-2005,30600,334,2005,True,True,render_gcs_ingest
910010301134,1,SALE,UNKNOWN,UNKNOWN,RECONVEYANCE OF MORTGAGE,,,,,,True,True,render_gcs_ingest
910010400937,1,SALE,UNKNOWN,UNKNOWN,SALE IMMOVABLE,,,20520,,2004,True,True,render_gcs_ingest
910960200159,1,SALE,UNKNOWN,UNKNOWN,SALE IMMOVABLE,,,,,2002,True,True,render_gcs_ingest
910010301394,1,SALE,ANGUL,UNKNOWN,SALE IMMOVABLE,,,32450,,2003,True,True,render_gcs_ingest
911560900709,1,SALE,UNKNOWN,UNKNOWN,RECONVEYANCE OF MORTGAGE,,,,,,True,False,render_gcs_ingest
911430502032,1,SALE,UNKNOWN,KHARIAR,LEASE RENT RESERVED(IMMOVABLE),,,,,,True,True,render_gcs_ingest
910310300777,1,SALE,BOLANGIR,BALANGIR,SALE IMMOVABLE,12-Apr-2003,12-Apr-2003,4000,777,2003,True,True,render_gcs_ingest
931179800046,3,WILL,KORAPUT,KORAPUT(JEYPORE),OPEN WILL,30-Oct-1998,30-Oct-1998,,46,1998,True,True,render_gcs_ingest
930600500042,3,WILL,UNKNOWN,UNKNOWN,OPEN WILL,,,,,2005,True,True,render_gcs_ingest
930609900046,3,WILL,GANJAM,BERHAMPUR-II,OPEN WILL,22-Mar-1999,22-Mar-1999,,46,1999,True,True,render_gcs_ingest
931080700079,3,WILL,UNKNOWN,KHURDA(BBSR),OPEN WILL,13-Jul-2007,,,79,2007,True,True,render_gcs_ingest
931260600101,3,WILL,MAYURBHANJ,MAYURBHANJ,OPEN WILL,04-Dec-2006,04-Dec-2006,,101,2006,True,True,render_gcs_ingest
931200600021,3,WILL,UNKNOWN,KOTPAD,OPEN WILL,21-Apr-2006,21-Apr-2006,,21,2006,True,True,render_gcs_ingest
930619900027,3,WILL,GANJAM,BERHAMPUR-I,OPEN WILL,12-Apr-1999,15-Mar-1999,,27,1999,True,True,render_gcs_ingest
930659900021,3,WILL,GANJAM,KABISURYANAGAR,SEALED WILL DEPOSITION,27-Aug-1999,27-Aug-1999,,21,1999,True,True,render_gcs_ingest
931180400010,3,WILL,UNKNOWN,UNKNOWN,OPEN WILL,,,,,2004,True,True,render_gcs_ingest
930600400115,3,WILL,GANJAM,BERHAMPUR-II,OPEN WILL,18-May-2004,18-May-2004,,115,2004,True,True,render_gcs_ingest
930860500105,3,WILL,JHARSUGUDA,JHARSUGUDA,OPEN WILL,19-Dec-2005,19-Dec-2005,,105,2005,True,True,render_gcs_ingest
930600100139,3,WILL,UNKNOWN,BERHAMPUR-II,OPEN WILL,,17-Jul-2001,,,2001,True,True,render_gcs_ingest
930660200005,3,WILL,GANJAM,KHALLIKOTE,OPEN WILL,19-Jun-2002,19-Jun-2002,,5,2002,True,False,render_gcs_ingest
931670100025,3,WILL,UNKNOWN,UNKNOWN,OPEN WILL,,,,,2001,True,True,render_gcs_ingest
930610600087,3,WILL,UNKNOWN,UNKNOWN,OPEN WILL,24-May-2006,24-May-2006,,87,2006,True,True,render_gcs_ingest
930610300078,3,WILL,GANJAM,BERHAMPUR-I,OPEN WILL,,05-Jun-2003,,78,2003,True,True,render_gcs_ingest
930370700019,3,WILL,BOUDH,BOUDH,OPEN WILL,,04-May-2007,,,2007,True,True,render_gcs_ingest
930480100001,3,WILL,CUTTACK,TIGIRIA,OPEN WILL,,27-Nov-2001,,1,2001,True,True,render_gcs_ingest
930609700176,3,WILL,GANJAM,BERHAMPUR-II,OPEN WILL,18-Oct-1997,18-Oct-1997,,176,1997,True,True,render_gcs_ingest
930610700223,3,WILL,UNKNOWN,UNKNOWN,OPEN WILL,,,,,2007,True,True,render_gcs_ingest
930889800026,3,WILL,KALAHANDI,BHAWANIPATNA,OPEN WILL,09-Dec-1998,09-Dec-1998,,26,1998,True,True,render_gcs_ingest
930409800003,3,WILL,UNKNOWN,ATHAGARGH,OPEN WILL,,,,,1998,True,True,render_gcs_ingest
930630400046,3,WILL,UNKNOWN,DIGAPAHANDI,OPEN WILL,,,,,2004,True,True,render_gcs_ingest
931080100023,3,WILL,UNKNOWN,UNKNOWN,OPEN WILL,,,,,2001,True,True,render_gcs_ingest
930609600146,3,WILL,GANJAM,BERHAMPUR-II,OPEN WILL,19-Aug-1996,06-Aug-1996,,146,1996,True,True,render_gcs_ingest
930490000025,3,WILL,DEOGARH,DEOGARH,OPEN WILL,08-Sep-2000,08-Sep-2000,,25,2000,True,True,render_gcs_ingest
930600200127,3,WILL,GANJAM,UNKNOWN,OPEN WILL,,,,127,2002,True,True,render_gcs_ingest
931700800073,3,WILL,SUNDARGARH,SUNDERGARH,OPEN WILL,20-Mar-2008,20-Mar-2008,,,2008,True,True,render_gcs_ingest
931700300125,3,WILL,UNKNOWN,UNKNOWN,OPEN WILL,,,,,2003,True,True,render_gcs_ingest
930579700051,3,WILL,UNKNOWN,UNKNOWN,OPEN WILL,,,,,1997,True,True,render_gcs_ingest
930600800052,3,WILL,GANJAM,BERHAMPUR-II,OPEN WILL,17-Apr-2008,17-Apr-2008,,52,2008,True,True,render_gcs_ingest
941080200090,4,MISC,KHURDA,UNKNOWN,GENERAL AGREEMENT,,,115000,,2002,True,True,render_gcs_ingest
940730200011,4,MISC,UNKNOWN,UNKNOWN,POA WITH POSSESSION,,21-Jun-2002,,,2002,True,False,render_gcs_ingest
931080500074,3,WILL,KHURDA,KHURDA(BBSR),OTHER DEED,15-Jul-2005,15-Jul-2005,,74,2005,True,True,render_gcs_ingest
940729800053,4,MISC,JAGATSINGHPUR,JAGATSINGHPUR,GENERAL AGREEMENT,18-Dec-1998,18-Dec-1998,75000,53,1998,True,True,render_gcs_ingest
940469600013,4,MISC,CUTTACK,NIALI,OTHER DEED,16-May-1996,15-May-1996,,13,1996,True,True,render_gcs_ingest
940970200003,4,MISC,UNKNOWN,UNKNOWN,GENERAL POA WITHOUT PROPERTY,,,,,2002,True,True,render_gcs_ingest
940069700065,4,MISC,UNKNOWN,UNKNOWN,POA WITHOUT POSSESSION,17-Jul-1997,05-Jul-1997,,65,1997,True,True,render_gcs_ingest
940390200180,4,MISC,UNKNOWN,UNKNOWN,GENERAL POA WITHOUT PROPERTY,,,,,2002,True,True,render_gcs_ingest
940609700333,4,MISC,GANJAM,UNKNOWN,GENERAL POA WITHOUT PROPERTY,,,,333,1997,True,True,render_gcs_ingest
940889600015,4,MISC,UNKNOWN,BHAWANIPATNA,PARTNERSHIP MORE THAN RS.500,,,100000,,1996,True,True,render_gcs_ingest
941080200727,4,MISC,UNKNOWN,UNKNOWN,GENERAL AGREEMENT,,,,,2002,True,True,render_gcs_ingest
930390300023,3,WILL,CUTTACK,CUTTACK,OTHER DEED,,,,23,,True,True,render_gcs_ingest
940100200022,4,MISC,BALASORE,JALESWARPUR,REGISTRATION OF MARRIAGE U/S 15,31-May-2002,31-May-2002,,22,2002,True,True,render_gcs_ingest
940750200034,4,MISC,JAGATSINGHPUR,KUJANGA,GENERAL POA WITHOUT PROPERTY,,,,,2002,True,True,render_gcs_ingest
930600400135,3,WILL,GANJAM,BERHAMPUR-II,OTHER DEED,,,,135,2004,True,True,render_gcs_ingest
941139600624,4,MISC,KHURDA,KHANDAGIRI,OTHER DEED,20-Nov-1996,20-Nov-1996,,624,1996,True,True,render_gcs_ingest
941080200555,4,MISC,KHURDA,KHURDA(BBSR),GENERAL AGREEMENT,18-Mar-2002,11-Mar-2002,385000,555,2002,True,True,render_gcs_ingest
941080200322,4,MISC,KHURDA,KHURDA(BBSR),OTHER DEED,07-Feb-2002,07-Feb-2002,,322,2002,True,True,render_gcs_ingest
940799600002,4,MISC,JAJPUR,BARACHANA,GENERAL POA WITHOUT PROPERTY,03-Feb-1996,03-Feb-1996,,2,1996,True,True,render_gcs_ingest
940610200163,4,MISC,GANJAM,BERHAMPUR-I,GENERAL POA WITHOUT PROPERTY,31-Dec-2002,31-Dec-2002,,163,2002,True,True,render_gcs_ingest
941080200598,4,MISC,KHURDA,KHURDA(BBSR),GENERAL AGREEMENT,20-Mar-2002,15-Mar-2002,,598,2002,True,True,render_gcs_ingest
941089600691,4,MISC,UNKNOWN,KHURDA(BBSR),GENERAL AGREEMENT,,,75000,,1996,True,True,render_gcs_ingest
940390200159,4,MISC,UNKNOWN,UNKNOWN,GENERAL AGREEMENT,,,145000,,2002,True,True,render_gcs_ingest
930600400148,3,WILL,GANJAM,BERHAMPUR-II,OTHER DEED,11-Jun-2004,11-Jun-2004,,148,2004,True,True,render_gcs_ingest
940390200007,4,MISC,CUTTACK,CUTTACK,GENERAL AGREEMENT,02-Jan-2002,02-Jan-2002,100000,7,2002,True,True,render_gcs_ingest
940609700369,4,MISC,GANJAM,BERHAMPUR-II,GENERAL POA WITHOUT PROPERTY,31-Oct-1997,31-Oct-1997,,369,1997,True,False,render_gcs_ingest
941080200575,4,MISC,KHURDA,KHURDA(BBSR),GENERAL AGREEMENT,19-Mar-2002,13-Mar-2002,171250,575,2002,True,True,render_gcs_ingest
940559600036,4,MISC,UNKNOWN,UNKNOWN,GENERAL POA WITHOUT PROPERTY,16-Nov-1996,16-Nov-1996,,36,1996,True,True,render_gcs_ingest
940089600003,4,MISC,BALASORE,BASTA,GENERAL POA WITHOUT PROPERTY,29-Jan-1996,29-Jan-1996,,3,1996,True,True,render_gcs_ingest
941080200177,4,MISC,KHURDA,KHURDA(BBSR),OTHER DEED,05-Feb-2002,25-Jan-2002,,177,2002,True,True,render_gcs_ingest
940399800110,4,MISC,UNKNOWN,UNKNOWN,GENERAL AGREEMENT,,,,,,True,True,render_gcs_ingest
940399700199,4,MISC,CUTTACK,CUTTACK,GENERAL AGREEMENT,02-May-1997,02-May-1997,89000,199,1997,True,True,render_gcs_ingest
910110300174,1,SALE,BALASORE,KHAIRA,LEASE WITH ADVANCE ONLY(IMMOVABLE),30-Jan-2003,30-Jan-2003,1062,174,2003,True,False,render_gcs_ingest
910010702706,1,SALE,UNKNOWN,UNKNOWN,SALE IMMOVABLE,,,,,2007,True,False,render_gcs_ingest
910010402038,1,SALE,UNKNOWN,UNKNOWN,SALE IMMOVABLE,,08-Jul-2004,,,2004,True,True,render_gcs_ingest
910069702600,1,SALE,UNKNOWN,UNKNOWN,SALE IMMOVABLE,,,,,1997,True,True,render_gcs_ingest
910010501462,1,SALE,ANGUL,UNKNOWN,SALE IMMOVABLE,,05-Apr-2005,25300,,2005,True,True,render_gcs_ingest
911130506896,1,SALE,KHURDA,KHANDAGIRI,SALE IMMOVABLE,11-Sep-2005,11-Sep-2005,50000,6896,2005,True,True,render_gcs_ingest
910710700609,1,SALE,UNKNOWN,UNKNOWN,SALE IMMOVABLE,,,,,2007,True,True,render_gcs_ingest
910010902328,1,SALE,UNKNOWN,UNKNOWN,SALE IMMOVABLE,,,3850,,2009,True,True,render_gcs_ingest
930719500007,3,WILL,GANJAM,CHIKITI,SALE IMMOVABLE,08-Nov-1995,08-Nov-1995,0,7,1995,True,True,render_gcs_ingest
910010901052,1,SALE,UNKNOWN,UNKNOWN,SALE IMMOVABLE,,02-Mar-2009,21120,,2009,True,True,render_gcs_ingest
910060402591,1,SALE,UNKNOWN,BALASORE,LEASE ADVANCE WITH RENT IMMOVABLE,,08-Apr-2004,1500,2591,2004,True,True,render_gcs_ingest
910010500739,1,SALE,UNKNOWN,UNKNOWN,SALE IMMOVABLE,,,,,2005,True,True,render_gcs_ingest
910620100244,1,SALE,GANJAM,BUGUDA,SALE IMMOVABLE,,,0,244,2000,True,True,render_gcs_ingest
910380500500,1,SALE,BOUDH,KANTAMAL,LEASE WITH ADVANCE ONLY(IMMOVABLE),18-May-2005,23-May-2005,0,500,2005,True,True,render_gcs_ingest
910050401665,1,SALE,UNKNOWN,TALCHER,SALE IMMOVABLE,26-Jan-2004,26-Jan-2004,,,2004,True,True,render_gcs_ingest
910020300819,1,SALE,ANGUL,UNKNOWN,SALE IMMOVABLE,30-Apr-2003,30-Apr-2003,26400,,2003,True,True,render_gcs_ingest
910060703712,1,SALE,BALASORE,BALASORE,SALE IMMOVABLE,23-Jun-2007,,37500,,2007,True,False,render_gcs_ingest
911170100803,1,SALE,UNKNOWN,KORAPUT(JEYPORE),GIFT IMMOVABLE,13-Mar-2001,,16000,,2001,True,True,render_gcs_ingest
910010700351,1,SALE,UNKNOWN,UNKNOWN,SALE IMMOVABLE,,,,,,True,True,render_gcs_ingest
911170301757,1,SALE,UNKNOWN,UNKNOWN,SALE IMMOVABLE,09-Sep-2003,,20000,1757,2003,True,True,render_gcs_ingest
931089500037,3,WILL,UNKNOWN,UNKNOWN,OPEN WILL,,29-Nov-1995,,,1995,True,True,render_gcs_ingest
930559700004,3,WILL,GAJAPATI,PARALAKHEMUNDI,CANCELLATION OF OPEN WILL,05-Mar-1997,05-Mar-1997,,4,1997,True,True,render_gcs_ingest
930619900082,3,WILL,GANJAM,BERHAMPUR-I,OPEN WILL,21-Jul-1999,06-Jul-1999,,82,1999,True,True,render_gcs_ingest
931620900125,3,WILL,SAMBALPUR,SAMBALPUR,OPEN WILL,,,,,2009,True,True,render_gcs_ingest
930579800015,3,WILL,GANJAM,CHHATRAPUR,OPEN WILL,18-Apr-1998,18-Apr-1998,,15,1998,True,True,render_gcs_ingest
931700700228,3,WILL,SUNDARGARH,UNKNOWN,OPEN WILL,,,,,2007,True,True,render_gcs_ingest
930579800046,3,WILL,UNKNOWN,UNKNOWN,OPEN WILL,,28-Jul-1998,,,1998,True,True,render_gcs_ingest
930639900023,3,WILL,UNKNOWN,DIGAPAHANDI,OPEN WILL,25-Jun-1999,,,23,1999,True,True,render_gcs_ingest
931700200067,3,WILL,SUNDARGARH,SUNDERGARH,OPEN WILL,01-Oct-2002,01-Oct-2002,,67,2002,True,True,render_gcs_ingest
930720000004,3,WILL,JAGATSINGHPUR,JAGATSINGHPUR,OPEN WILL,,19-Oct-2000,,,2000,True,True,render_gcs_ingest
931200600015,3,WILL,KORAPUT,KOTPAD,OPEN WILL,,21-Mar-2006,,,2006,True,True,render_gcs_ingest
931700900103,3,WILL,UNKNOWN,UNKNOWN,OPEN WILL,,,,,2009,True,True,render_gcs_ingest
930690600013,3,WILL,GANJAM,SORADA,OPEN WILL,27-Oct-2006,27-Oct-2006,,13,2006,True,True,render_gcs_ingest
931260600098,3,WILL,UNKNOWN,UNKNOWN,OPEN WILL,,,,,2006,True,True,render_gcs_ingest
931700200026,3,WILL,SUNDARGARH,SUNDERGARH,OPEN WILL,15-Apr-2002,15-Apr-2002,,26,2002,True,True,render_gcs_ingest
930600200041,3,WILL,GANJAM,BERHAMPUR-II,OPEN WILL,02-Mar-2002,02-Mar-2002,,41,2002,True,True,render_gcs_ingest
931200600023,3,WILL,KORAPUT,KOTPAD,OPEN WILL,03-May-2006,03-May-2006,,23,2006,True,True,render_gcs_ingest
931360800016,3,WILL,NABARANGPUR,UMERKOTE,OPEN WILL,27-Oct-2008,,,,2008,True,True,render_gcs_ingest
930860200007,3,WILL,JHARSUGUDA,JHARSUGUDA,OPEN WILL,30-Jan-2002,30-Jan-2002,,7,2002,True,True,render_gcs_ingest
931689500007,3,WILL,UNKNOWN,UNKNOWN,OPEN WILL,,,,,1995,True,True,render_gcs_ingest
931220700005,3,WILL,KORAPUT,UNKNOWN,OPEN WILL,17-Apr-2007,17-Apr-2007,,,2007,True,True,render_gcs_ingest
931480700077,3,WILL,UNKNOWN,UNKNOWN,OPEN WILL,,29-Dec-2007,,,2007,True,True,render_gcs_ingest
931200200005,3,WILL,KORAPUT,KOTPAD,OPEN WILL,02-Mar-2002,02-Mar-2002,,5,2002,True,True,render_gcs_ingest
940849600003,4,MISC,UNKNOWN,UNKNOWN,ADOPTION,,,,3,1996,True,True,render_gcs_ingest
930610600167,3,WILL,UNKNOWN,UNKNOWN,OPEN WILL,12-Oct-2006,12-Oct-2006,,,2006,True,True,render_gcs_ingest
930609900148,3,WILL,UNKNOWN,BERHAMPUR-II,OPEN WILL,,,,,1999,True,True,render_gcs_ingest
930610600205,3,WILL,UNKNOWN,UNKNOWN,OPEN WILL,,,,,2006,True,True,render_gcs_ingest
930640200024,3,WILL,UNKNOWN,UNKNOWN,OPEN WILL,,,,,2002,True,True,render_gcs_ingest
930620900020,3,WILL,GANJAM,BUGUDA,OPEN WILL,21-Apr-2009,,,,2009,True,True,render_gcs_ingest
930610800200,3,WILL,GANJAM,BERHAMPUR-I,OPEN WILL,27-Jul-2008,27-Jul-2008,,200,2008,True,True,render_gcs_ingest
930640200015,3,WILL,UNKNOWN,UNKNOWN,OPEN WILL,,,,,2002,True,True,render_gcs_ingest
931700100017,3,WILL,UNKNOWN,UNKNOWN,OPEN WILL,,,,,2001,True,False,render_gcs_ingest
940619700188,4,MISC,UNKNOWN,UNKNOWN,GENERAL POA WITHOUT PROPERTY,,,,,1997,True,False,render_gcs_ingest
940399500006,4,MISC,CUTTACK,CUTTACK,GENERAL POA WITHOUT PROPERTY,,,,,1995,True,False,render_gcs_ingest
941080201548,4,MISC,KHURDA,UNKNOWN,OTHER DEED,,16-Jul-2002,,,2002,True,True,render_gcs_ingest
940600200282,4,MISC,UNKNOWN,UNKNOWN,GENERAL POA WITHOUT PROPERTY,,,,,2002,True,True,render_gcs_ingest
930609900018,3,WILL,GANJAM,BERHAMPUR-II,OTHER DEED,03-Feb-1999,03-Feb-1999,,18,1999,True,True,render_gcs_ingest
940399700147,4,MISC,CUTTACK,CUTTACK,GENERAL AGREEMENT,03-Apr-1997,27-Mar-1997,60000,147,1997,True,True,render_gcs_ingest
940930200036,4,MISC,KENDRAPARA,KENDRAPARA,GENERAL POA WITHOUT PROPERTY,,,,36,2002,True,True,render_gcs_ingest
940609700112,4,MISC,GANJAM,BERHAMPUR-II,GENERAL POA WITHOUT PROPERTY,24-Apr-1997,31-Mar-1997,,112,1997,True,True,render_gcs_ingest
940579500023,4,MISC,GANJAM,CHHATRAPUR,GENERAL POA WITHOUT PROPERTY,05-Apr-1995,05-Apr-1995,,23,1995,True,True,render_gcs_ingest
930570602700,3,WILL,GANJAM,CHHATRAPUR,GENERAL POA WITHOUT PROPERTY,,,,2700,2006,True,True,render_gcs_ingest
940610200060,4,MISC,GANJAM,BERHAMPUR-I,GENERAL AGREEMENT,,,14000,,2002,True,True,render_gcs_ingest
941080200209,4,MISC,KHURDA,KHURDA(BBSR),GENERAL POA WITHOUT PROPERTY,07-Feb-2002,29-Jan-2002,,209,2002,True,True,render_gcs_ingest
940399800138,4,MISC,UNKNOWN,UNKNOWN,GENERAL AGREEMENT,,18-Mar-1998,,,1998,True,True,render_gcs_ingest
940939500011,4,MISC,KENDRAPARA,KENDRAPARA,POA WITH POSSESSION,23-Mar-1995,20-Mar-1995,,11,1995,True,True,render_gcs_ingest
940390200562,4,MISC,CUTTACK,CUTTACK,GENERAL AGREEMENT,25-Sep-2002,25-Sep-2002,100000,562,2002,True,False,render_gcs_ingest
940610200241,4,MISC,GANJAM,BERHAMPUR-I,GENERAL POA WITHOUT PROPERTY,22-Oct-2002,08-Oct-2002,,241,2002,True,True,render_gcs_ingest
940600200310,4,MISC,GANJAM,BERHAMPUR-II,GENERAL POA WITHOUT PROPERTY,27-Jul-2002,26-Jul-2002,,310,2002,True,True,render_gcs_ingest
940399700408,4,MISC,UNKNOWN,UNKNOWN,GENERAL POA WITHOUT PROPERTY,,,,,1997,True,False,render_gcs_ingest
941130200043,4,MISC,KHURDA,KHANDAGIRI,OTHER DEED,11-Jan-2002,11-Jan-2002,,43,2002,True,True,render_gcs_ingest
940609700313,4,MISC,UNKNOWN,UNKNOWN,GENERAL POA WITHOUT PROPERTY,,,,,1997,True,False,render_gcs_ingest
941080201692,4,MISC,KHURDA,KHURDA(BBSR),OTHER DEED,09-Aug-2002,09-Aug-2002,,1692,2002,True,True,render_gcs_ingest
940069600004,4,MISC,BALASORE,BALASORE,GENERAL POA WITHOUT PROPERTY,12-Jan-1996,12-Jan-1996,,4,1996,True,True,render_gcs_ingest
941080200189,4,MISC,UNKNOWN,UNKNOWN,GENERAL AGREEMENT,,,,,2002,True,True,render_gcs_ingest
930590700010,3,WILL,GANJAM,BHANJANAGAR,OTHER DEED,,,,10,2007,True,True,render_gcs_ingest
940399700493,4,MISC,CUTTACK,CUTTACK,GENERAL POA WITHOUT PROPERTY,16-Dec-1997,15-Dec-1997,,493,1997,True,True,render_gcs_ingest
940649700002,4,MISC,UNKNOWN,UNKNOWN,GENERAL POA WITHOUT PROPERTY,,,,,1997,True,False,render_gcs_ingest
940399500289,4,MISC,UNKNOWN,CUTTACK,GENERAL AGREEMENT,,,,,1995,True,True,render_gcs_ingest
940399700286,4,MISC,UNKNOWN,CUTTACK,REGISTRATION OF MARRIAGE U/S 15,,,,,1997,True,True,render_gcs_ingest
941089500836,4,MISC,KHURDA,KHURDA(BBSR),GENERAL AGREEMENT,14-Jul-1995,14-Jul-1995,144000,836,1995,True,True,render_gcs_ingest
940609500272,4,MISC,UNKNOWN,UNKNOWN,GENERAL POA WITHOUT PROPERTY,18-Nov-1995,,,272,1995,True,True,render_gcs_ingest
940600200169,4,MISC,UNKNOWN,UNKNOWN,GENERAL POA WITHOUT PROPERTY,,,,,2002,True,True,render_gcs_ingest
911540300120,1,SALE,PURI,SATYABADI,SALE IMMOVABLE,14-Dec-2003,14-Dec-2003,30000,120,2003,True,True,render_gcs_ingest
911620903517,1,SALE,UNKNOWN,UNKNOWN,AGREEMENT OF SALE WITHOUT POSSESION,,,,,,True,True,render_gcs_ingest
910380200168,1,SALE,UNKNOWN,UNKNOWN,SALE IMMOVABLE,,,0,,,True,False,render_gcs_ingest
910010901606,1,SALE,UNKNOWN,UNKNOWN,SALE IMMOVABLE,03-Jun-2009,,35750,1606,2009,True,True,render_gcs_ingest
910019500377,1,SALE,UNKNOWN,UNKNOWN,SALE IMMOVABLE,,,0,,1995,True,True,render_gcs_ingest
910010905136,1,SALE,ANGUL,UNKNOWN,SALE IMMOVABLE,19-Jan-2009,16-Nov-2009,105600,5136,2009,True,True,render_gcs_ingest
940399500199,4,MISC,CUTTACK,CUTTACK,SALE IMMOVABLE,05-Jul-1995,,0,199,1995,True,True,render_gcs_ingest
910010402448,1,SALE,ANGUL,UNKNOWN,SALE IMMOVABLE,,09-Aug-2004,34500,,2004,True,True,render_gcs_ingest
910010200599,1,SALE,UNKNOWN,UNKNOWN,LEASE WITH ADVANCE ONLY(IMMOVABLE),,18-Feb-2002,2040,,2002,True,True,render_gcs_ingest
910010500041,1,SALE,UNKNOWN,UNKNOWN,SALE IMMOVABLE,,,,,2005,True,True,render_gcs_ingest
910110400954,1,SALE,UNKNOWN,UNKNOWN,SALE IMMOVABLE,,,,,2004,True,True,render_gcs_ingest
910070302449,1,SALE,UNKNOWN,UNKNOWN,MORTGAGE BY DEPOSIT OF TITLE WITHOUT POSSESION,,23-Nov-2003,,,2003,True,True,render_gcs_ingest
910010503640,1,SALE,UNKNOWN,UNKNOWN,SALE IMMOVABLE,04-Dec-2005,05-Oct-2005,18000,3640,2005,True,True,render_gcs_ingest
910630702864,1,SALE,UNKNOWN,UNKNOWN,SALE IMMOVABLE,,,,,2007,True,True,render_gcs_ingest
911420801481,1,SALE,NUAPADA,NUAPADA,SALE IMMOVABLE,08-Oct-2008,08-Oct-2008,50000,1481,2008,True,True,render_gcs_ingest
910010201123,1,SALE,UNKNOWN,UNKNOWN,SALE IMMOVABLE,,,,,2002,True,True,render_gcs_ingest
910880501498,1,SALE,KALAHANDI,BHAWANIPATNA,SALE IMMOVABLE,13-Mar-2005,13-Mar-2005,39200,1498,2005,True,True,render_gcs_ingest
910010504285,1,SALE,UNKNOWN,UNKNOWN,SALE IMMOVABLE,30-Dec-2005,,0,4285,2005,True,True,render_gcs_ingest
910060200873,1,SALE,BALASORE,BALASORE,SALE IMMOVABLE,,26-Dec-2002,10500,,2002,True,True,render_gcs_ingest
910010500861,1,SALE,ANGUL,UNKNOWN,SALE IMMOVABLE,13-May-2005,,,,2005,True,True,render_gcs_ingest
910020500660,1,SALE,ANGUL,ATHAMALLIK,SALE IMMOVABLE,14-Sep-2005,14-Sep-2005,0,,2005,True,True,render_gcs_ingest
931669900019,3,WILL,SUBARNAPUR,SONEPUR,OPEN WILL,,05-Nov-1999,,19,1999,True,True,render_gcs_ingest
930550700028,3,WILL,GAJAPATI,PARALAKHEMUNDI,OPEN WILL,,,,,2007,True,True,render_gcs_ingest
931080600115,3,WILL,KHURDA,KHURDA(BBSR),OPEN WILL,26-Sep-2006,26-Sep-2006,,115,2006,True,True,render_gcs_ingest
930590200030,3,WILL,UNKNOWN,BHANJANAGAR,OPEN WILL,,,,30,2002,True,True,render_gcs_ingest
940570200046,4,MISC,GANJAM,CHHATRAPUR,OPEN WILL,,,,,2002,True,True,render_gcs_ingest
931620000074,3,WILL,SAMBALPUR,SAMBALPUR,OPEN WILL,29-Sep-2000,29-Sep-2000,,74,2000,True,True,render_gcs_ingest
931620700058,3,WILL,UNKNOWN,UNKNOWN,OPEN WILL,,,,,2007,True,True,render_gcs_ingest
930600800035,3,WILL,GANJAM,BERHAMPUR-II,OPEN WILL,23-Feb-2008,23-Feb-2008,,35,2008,True,True,render_gcs_ingest
930670700024,3,WILL,GANJAM,PATRAPUR,OPEN WILL,27-Jul-2007,27-Jul-2007,,24,2007,True,True,render_gcs_ingest
930570800143,3,WILL,GANJAM,CHHATRAPUR,OPEN WILL,18-Jan-2008,18-Jan-2008,,143,2008,True,True,render_gcs_ingest
930370800017,3,WILL,BOUDH,UNKNOWN,OPEN WILL,,,,17,2008,True,True,render_gcs_ingest
930889800007,3,WILL,UNKNOWN,UNKNOWN,OPEN WILL,,,,,1998,True,True,render_gcs_ingest
930390500060,3,WILL,UNKNOWN,UNKNOWN,OPEN WILL,,,,,2005,True,True,render_gcs_ingest
930619700028,3,WILL,GANJAM,BERHAMPUR-I,OPEN WILL,07-May-1997,07-May-1997,,28,1997,True,True,render_gcs_ingest
930570100022,3,WILL,GANJAM,CHHATRAPUR,OPEN WILL,30-Mar-2001,30-Mar-2001,,22,2001,True,True,render_gcs_ingest
930959800001,3,WILL,KENDRAPARA,GARADPUR,OPEN WILL,19-Aug-1998,19-Aug-1998,,1,1998,True,True,render_gcs_ingest
931080700096,3,WILL,KHURDA,UNKNOWN,OPEN WILL,22-Aug-2007,22-Aug-2007,,96,2007,True,True,render_gcs_ingest
930269900003,3,WILL,BHADRAK,BONTH,OPEN WILL,31-Mar-1999,31-Mar-1999,,3,1999,True,True,render_gcs_ingest
940709700012,4,MISC,UNKNOWN,UNKNOWN,ADOPTION,25-Nov-1997,25-Nov-1997,,,1997,True,False,render_gcs_ingest
931339500026,3,WILL,UNKNOWN,UNKNOWN,OPEN WILL,,,,,1995,True,False,render_gcs_ingest
931690400003,3,WILL,UNKNOWN,UNKNOWN,OPEN WILL,,,,,,True,True,render_gcs_ingest
931170600066,3,WILL,UNKNOWN,UNKNOWN,OPEN WILL,,11-Dec-2006,,,2006,True,True,render_gcs_ingest
930460800002,3,WILL,CUTTACK,NIALI,OPEN WILL,28-May-2008,28-May-2008,18000,2,2008,True,True,render_gcs_ingest
931190900002,3,WILL,UNKNOWN,KORAPUT,OPEN WILL,20-Jan-2009,,,2,2009,True,True,render_gcs_ingest
931370800061,3,WILL,NAYAGARH,NAYAGARH,OPEN WILL,22-Oct-2008,22-Oct-2008,,61,2008,True,True,render_gcs_ingest
930600900121,3,WILL,GANJAM,BERHAMPUR-II,OPEN WILL,,,,,2009,True,True,render_gcs_ingest
930610200071,3,WILL,GANJAM,BERHAMPUR-I,OPEN WILL,27-Jul-2002,05-Jul-2002,,71,2002,True,True,render_gcs_ingest
930579800067,3,WILL,UNKNOWN,UNKNOWN,SEALED WILL DEPOSITION,,,,,1998,True,True,render_gcs_ingest
930869700042,3,WILL,JHARSUGUDA,JHARSUGUDA,OPEN WILL,20-Sep-1997,09-Jul-1997,,42,1997,True,True,render_gcs_ingest
931080200072,3,WILL,KHURDA,UNKNOWN,OPEN WILL,,,,,2002,True,True,render_gcs_ingest
930609600093,3,WILL,GANJAM,BERHAMPUR-II,OPEN WILL,22-Jun-1996,24-May-1996,,93,1996,True,True,render_gcs_ingest
930610200044,3,WILL,UNKNOWN,BERHAMPUR-I,OPEN WILL,03-May-2002,19-Apr-2002,,,2002,True,True,render_gcs_ingest
940619500110,4,MISC,GANJAM,BERHAMPUR-I,GENERAL POA WITHOUT PROPERTY,18-Jul-1995,28-Jun-1995,,110,1995,True,True,render_gcs_ingest
941080200252,4,MISC,KHURDA,KHURDA(BBSR),OTHER DEED,,01-Feb-2002,,252,2002,True,True,render_gcs_ingest
940139600002,4,MISC,BALASORE,SIMULIA,GENERAL POA WITHOUT PROPERTY,23-Sep-1996,23-Sep-1996,,2,1996,True,True,render_gcs_ingest
941080202162,4,MISC,UNKNOWN,KHURDA(BBSR),GENERAL AGREEMENT,21-Nov-2002,,,,2002,True,True,render_gcs_ingest
940599600047,4,MISC,GANJAM,BHANJANAGAR,GENERAL POA WITHOUT PROPERTY,10-Dec-1996,,,,1996,True,True,render_gcs_ingest
940399500265,4,MISC,CUTTACK,CUTTACK,GENERAL POA WITHOUT PROPERTY,,,,,1995,True,True,render_gcs_ingest
940399700443,4,MISC,CUTTACK,CUTTACK,GENERAL POA WITHOUT PROPERTY,21-Nov-1997,21-Nov-1997,,443,1997,True,True,render_gcs_ingest
940819500008,4,MISC,UNKNOWN,UNKNOWN,POA WITH POSSESSION,,,,,1995,True,True,render_gcs_ingest
940889700022,4,MISC,KALAHANDI,BHAWANIPATNA,REGISTRATION OF MARRIAGE U/S 15,01-Jul-1997,09-Jul-1997,,22,1997,True,True,render_gcs_ingest
940390200661,4,MISC,UNKNOWN,CUTTACK,GENERAL POA WITHOUT PROPERTY,,,,661,2002,True,True,render_gcs_ingest
941139500119,4,MISC,KHURDA,KHANDAGIRI,GENERAL POA WITHOUT PROPERTY,29-Apr-1995,29-Apr-1995,,119,1995,True,True,render_gcs_ingest
940069500030,4,MISC,BALASORE,BALASORE,GENERAL POA WITHOUT PROPERTY,16-Feb-1995,30-Jan-1995,,,1995,True,True,render_gcs_ingest
941080200504,4,MISC,UNKNOWN,UNKNOWN,OTHER DEED,08-Mar-2002,,,,2002,True,True,render_gcs_ingest
940390200287,4,MISC,CUTTACK,CUTTACK,GENERAL AGREEMENT,,,100000,287,2002,True,True,render_gcs_ingest
941009700022,4,MISC,KEONJHAR,KEONJHAR,GENERAL POA WITHOUT PROPERTY,,,,22,1997,True,True,render_gcs_ingest
940869600038,4,MISC,UNKNOWN,UNKNOWN,GENERAL POA WITHOUT PROPERTY,,,,,1996,True,True,render_gcs_ingest
940819500016,4,MISC,JAJPUR,DHARMASALA,GENERAL POA WITHOUT PROPERTY,20-Jan-1995,20-Jan-1995,,16,1995,True,True,render_gcs_ingest
940399700490,4,MISC,UNKNOWN,CUTTACK,GENERAL AGREEMENT,15-Dec-1997,15-Dec-1997,,,1997,True,False,render_gcs_ingest
940609500038,4,MISC,GANJAM,BERHAMPUR-II,GENERAL POA WITHOUT PROPERTY,01-Mar-1995,01-Mar-1995,,38,1995,True,True,render_gcs_ingest
940109700045,4,MISC,UNKNOWN,UNKNOWN,REGISTRATION OF MARRIAGE U/S 15,,,,,1997,True,True,render_gcs_ingest
941489500202,4,MISC,UNKNOWN,UNKNOWN,GENERAL POA WITHOUT PROPERTY,31-Jul-1995,31-Jul-1995,,202,1995,True,True,render_gcs_ingest
941080202283,4,MISC,KHURDA,KHURDA(BBSR),GENERAL POA WITHOUT PROPERTY,21-Dec-2002,16-Dec-2002,,2283,2002,True,True,render_gcs_ingest
941130200947,4,MISC,UNKNOWN,UNKNOWN,OTHER DEED,04-Dec-2002,,,,2002,True,True,render_gcs_ingest
930600100023,3,WILL,GANJAM,BERHAMPUR-II,OTHER DEED,20-Feb-2001,20-Feb-2001,,23,2001,True,True,render_gcs_ingest
941080200616,4,MISC,UNKNOWN,UNKNOWN,GENERAL AGREEMENT,,,,,2002,True,True,render_gcs_ingest
930559800043,3,WILL,GAJAPATI,PARALAKHEMUNDI,OTHER DEED,30-Nov-1998,30-Nov-1998,,43,1998,True,True,render_gcs_ingest
940589500011,4,MISC,GANJAM,ASKA,GENERAL POA WITHOUT PROPERTY,23-Mar-1995,23-Mar-1995,,11,1995,True,True,render_gcs_ingest
940849500001,4,MISC,UNKNOWN,UNKNOWN,BOND WITH PROPERTY,,,,,1995,True,True,render_gcs_ingest
940889700032,4,MISC,UNKNOWN,UNKNOWN,GENERAL POA WITHOUT PROPERTY,,,,,1997,True,True,render_gcs_ingest
940609700355,4,MISC,UNKNOWN,UNKNOWN,GENERAL POA WITHOUT PROPERTY,,,,,1997,True,True,render_gcs_ingest
910010702419,1,SALE,UNKNOWN,UNKNOWN,OTHER DEED,,,,,2007,True,True,render_gcs_ingest
940609700092,4,MISC,GANJAM,BERHAMPUR-II,GENERAL POA WITHOUT PROPERTY,07-Apr-1997,07-Apr-1997,,92,1997,True,True,render_gcs_ingest
910140802891,1,SALE,UNKNOWN,UNKNOWN,SALE IMMOVABLE,20-Nov-2008,20-Nov-2008,,2891,2008,True,True,render_gcs_ingest
910060503294,1,SALE,BALASORE,UNKNOWN,SALE IMMOVABLE,23-Apr-2005,,33067,,2005,True,True,render_gcs_ingest
911120300071,1,SALE,UNKNOWN,UNKNOWN,SALE IMMOVABLE,,,0,,,True,True,render_gcs_ingest
910110700641,1,SALE,UNKNOWN,UNKNOWN,SALE IMMOVABLE,,,,,2007,True,False,render_gcs_ingest
910039600511,1,SALE,UNKNOWN,UNKNOWN,SALE IMMOVABLE,,,,,1996,True,True,render_gcs_ingest
910140901898,1,SALE,BALASORE,SORO,RECONVEYANCE OF MORTGAGE,11-Jun-2009,11-Jun-2009,0,1898,2009,True,True,render_gcs_ingest
910750900693,1,SALE,UNKNOWN,KUJANGA,SALE IMMOVABLE,,10-Apr-2009,82580,693,2009,True,True,render_gcs_ingest
910040400319,1,SALE,ANGUL,PALLAHARA,SALE IMMOVABLE,,,5590,319,2004,True,True,render_gcs_ingest
910010902792,1,SALE,UNKNOWN,UNKNOWN,SALE IMMOVABLE,19-Aug-2009,,230760,,2009,True,True,render_gcs_ingest
910850501084,1,SALE,JAJPUR,MANGALPUR,SALE IMMOVABLE,18-Dec-2005,18-Dec-2005,18660,,2005,True,True,render_gcs_ingest
910010702222,1,SALE,UNKNOWN,UNKNOWN,SALE IMMOVABLE,,,8000,2222,2007,True,True,render_gcs_ingest
910069801181,1,SALE,UNKNOWN,UNKNOWN,SALE IMMOVABLE,,,,,1998,True,True,render_gcs_ingest
940699600018,4,MISC,GANJAM,UNKNOWN,SALE IMMOVABLE,27-Mar-1996,27-Mar-1996,12597,18,1996,True,True,render_gcs_ingest
910230403190,1,SALE,BHADRAK,BHADRAK,SALE IMMOVABLE,,09-Apr-2004,485000,3190,2004,True,True,render_gcs_ingest
910620900037,1,SALE,GANJAM,BUGUDA,SALE IMMOVABLE,08-Jan-2009,08-Jan-2009,,,2009,True,True,render_gcs_ingest
911530902123,1,SALE,PURI,PIPILI,SALE IMMOVABLE,08-Nov-2009,08-Nov-2009,51700,2123,2009,True,True,render_gcs_ingest
911350900179,1,SALE,UNKNOWN,UNKNOWN,SALE IMMOVABLE,20-Jun-2009,,,179,2009,True,False,render_gcs_ingest
911000101455,1,SALE,UNKNOWN,UNKNOWN,SALE IMMOVABLE,,,,,2001,True,True,render_gcs_ingest
931700000015,3,WILL,SUNDARGARH,SUNDERGARH,OPEN WILL,10-Apr-2000,10-Apr-2000,,15,2000,True,True,render_gcs_ingest
931170600032,3,WILL,UNKNOWN,UNKNOWN,OPEN WILL,,,,,,True,True,render_gcs_ingest
930590100001,3,WILL,UNKNOWN,UNKNOWN,OPEN WILL,,,,,2001,True,True,render_gcs_ingest
930600300075,3,WILL,GANJAM,UNKNOWN,OPEN WILL,,19-May-2003,,75,2003,True,True,render_gcs_ingest
940399800448,4,MISC,UNKNOWN,UNKNOWN,ADOPTION,,,,,1998,True,True,render_gcs_ingest
930390700031,3,WILL,CUTTACK,CUTTACK,OPEN WILL,23-May-2007,23-May-2007,,31,2007,True,True,render_gcs_ingest
930590400007,3,WILL,GANJAM,BHANJANAGAR,OPEN WILL,12-Mar-2004,12-Mar-2004,,7,2004,True,True,render_gcs_ingest
931700300117,3,WILL,UNKNOWN,UNKNOWN,OPEN WILL,,,,,2003,True,True,render_gcs_ingest
930860300021,3,WILL,UNKNOWN,UNKNOWN,OPEN WILL,,,,,2003,True,True,render_gcs_ingest
931080400114,3,WILL,UNKNOWN,UNKNOWN,OPEN WILL,,,,,2004,True,True,render_gcs_ingest
931080700118,3,WILL,UNKNOWN,KHURDA(BBSR),OPEN WILL,09-Oct-2007,09-Oct-2007,,118,2007,True,True,render_gcs_ingest
930420300002,3,WILL,UNKNOWN,UNKNOWN,OPEN WILL,,,30000,,2003,True,True,render_gcs_ingest
931379900008,3,WILL,NAYAGARH,NAYAGARH,OPEN WILL,08-Mar-1999,08-Mar-1999,,8,1999,True,True,render_gcs_ingest
930370100012,3,WILL,UNKNOWN,UNKNOWN,OPEN WILL,16-Mar-2001,16-Mar-2001,,12,2001,True,True,render_gcs_ingest
930600300151,3,WILL,GANJAM,BERHAMPUR-II,OPEN WILL,02-Aug-2003,29-Jul-2003,,151,2003,True,True,render_gcs_ingest
930490700027,3,WILL,UNKNOWN,UNKNOWN,OPEN WILL,,,,,2007,True,True,render_gcs_ingest
931449700003,3,WILL,KANDHAMAL,PHULBANI,OPEN WILL,17-Nov-1997,,,3,1997,True,True,render_gcs_ingest
930580500001,3,WILL,GANJAM,ASKA,OPEN WILL,05-Jan-2005,05-Jan-2005,,1,2005,True,False,render_gcs_ingest
930860300051,3,WILL,UNKNOWN,UNKNOWN,OPEN WILL,01-Oct-2003,01-Oct-2003,,,2003,True,True,render_gcs_ingest
931339800010,3,WILL,NABARANGPUR,NABARANGPUR,OPEN WILL,03-Sep-1998,03-Sep-1998,3900,10,1998,True,True,render_gcs_ingest
931239900015,3,WILL,UNKNOWN,UNKNOWN,OPEN WILL,,,,,1999,True,True,render_gcs_ingest
940950200008,4,MISC,KENDRAPARA,GARADPUR,ADOPTION,07-Aug-2002,07-Aug-2002,,8,2002,True,True,render_gcs_ingest
930060800016,3,WILL,UNKNOWN,UNKNOWN,OPEN WILL,15-Jul-2008,15-Jul-2008,,,2008,True,True,render_gcs_ingest
930590400030,3,WILL,GANJAM,UNKNOWN,OPEN WILL,,12-Jul-2004,,30,2004,True,True,render_gcs_ingest
930590800018,3,WILL,UNKNOWN,UNKNOWN,OPEN WILL,16-May-2008,,,,2008,True,True,render_gcs_ingest
930650700019,3,WILL,GANJAM,UNKNOWN,OPEN WILL,19-Jul-2007,19-Jul-2007,,19,2007,True,True,render_gcs_ingest
941629500091,4,MISC,SAMBALPUR,SAMBALPUR,ADOPTION,26-Jun-1995,26-Jun-1995,,91,1995,True,True,render_gcs_ingest
931130800001,3,WILL,KHURDA,KHANDAGIRI,OPEN WILL,14-Jan-2008,14-Jan-2008,,1,2008,True,True,render_gcs_ingest
930860700082,3,WILL,JHARSUGUDA,JHARSUGUDA,OPEN WILL,08-Aug-2007,08-Aug-2007,,82,2007,True,True,render_gcs_ingest
930150900028,3,WILL,BARGARH,BARGARH,OPEN WILL,21-Apr-2009,21-Apr-2009,,28,2009,True,True,render_gcs_ingest
930639900025,3,WILL,GANJAM,DIGAPAHANDI,OPEN WILL,23-Jul-1999,23-Jul-1999,,25,1999,True,True,render_gcs_ingest
930680700039,3,WILL,GANJAM,PURUSOTTAMPUR,CANCELLATION OF OPEN WILL,29-Oct-2007,29-Oct-2007,,39,2007,True,True,render_gcs_ingest
941089801599,4,MISC,KHURDA,KHURDA(BBSR),GENERAL POA WITHOUT PROPERTY,25-Aug-1998,25-Aug-1998,,1599,1998,True,True,render_gcs_ingest
940410200043,4,MISC,CUTTACK,BANKI,REGISTRATION OF MARRIAGE U/S 15,14-Nov-2002,14-Nov-2002,,43,2002,True,True,render_gcs_ingest
930710500006,3,WILL,GANJAM,CHIKITI,OTHER DEED,04-Apr-2005,04-Apr-2005,,6,2005,True,True,render_gcs_ingest
940880200015,4,MISC,KALAHANDI,BHAWANIPATNA,GENERAL POA WITHOUT PROPERTY,14-Mar-2002,14-Mar-2002,,15,2002,True,True,render_gcs_ingest
940880200021,4,MISC,KALAHANDI,BHAWANIPATNA,GENERAL POA WITHOUT PROPERTY,17-Apr-2002,17-Apr-2002,,21,2002,True,True,render_gcs_ingest
940109700003,4,MISC,BALASORE,JALESWARPUR,REGISTRATION OF MARRIAGE U/S 15,25-Jan-1997,25-Jan-1997,,3,1997,True,True,render_gcs_ingest
940609600307,4,MISC,GANJAM,BERHAMPUR-II,OTHER DEED,18-Oct-1996,18-Oct-1996,,307,1996,True,True,render_gcs_ingest
940619700225,4,MISC,GANJAM,BERHAMPUR-I,GENERAL POA WITHOUT PROPERTY,,31-Jul-1997,,225,1997,True,True,render_gcs_ingest
941080200581,4,MISC,KHURDA,KHURDA(BBSR),GENERAL POA WITHOUT PROPERTY,19-Mar-2002,13-Mar-2002,,581,2002,True,True,render_gcs_ingest
940759500029,4,MISC,UNKNOWN,KUJANGA,PARTNERSHIP MORE THAN RS.500,,,,29,1995,True,True,render_gcs_ingest
940390200375,4,MISC,UNKNOWN,UNKNOWN,REGISTRATION OF MARRIAGE U/S 15,,,,,2002,True,True,render_gcs_ingest
940609500196,4,MISC,GANJAM,BERHAMPUR-II,GENERAL POA WITHOUT PROPERTY,01-Sep-1995,01-Sep-1995,,196,1995,True,True,render_gcs_ingest
940610200203,4,MISC,UNKNOWN,UNKNOWN,GENERAL POA WITHOUT PROPERTY,,,,,2002,True,True,render_gcs_ingest
940399500347,4,MISC,UNKNOWN,UNKNOWN,GENERAL POA WITHOUT PROPERTY,,,,,1995,True,True,render_gcs_ingest
940940200004,4,MISC,KENDRAPARA,AUL,BOND WITH PROPERTY,12-Aug-2002,12-Aug-2002,,4,2002,True,True,render_gcs_ingest
940600200176,4,MISC,GANJAM,BERHAMPUR-II,GENERAL POA WITHOUT PROPERTY,13-May-2002,13-May-2002,,176,2002,True,True,render_gcs_ingest
940769500020,4,MISC,JAGATSINGHPUR,RAGHUNATHPUR,REGISTRATION OF MARRIAGE U/S 15,28-Jul-1995,28-Jul-1995,,20,1995,True,False,render_gcs_ingest
940399700239,4,MISC,CUTTACK,CUTTACK,GENERAL AGREEMENT,29-May-1997,29-May-1997,30000,239,1997,True,False,render_gcs_ingest
940399500363,4,MISC,UNKNOWN,UNKNOWN,GENERAL AGREEMENT,21-Dec-1995,21-Dec-1995,,,1995,True,True,render_gcs_ingest
941080200213,4,MISC,UNKNOWN,UNKNOWN,GENERAL AGREEMENT,,,,,2002,True,True,render_gcs_ingest
940399800510,4,MISC,CUTTACK,CUTTACK,GENERAL POA WITHOUT PROPERTY,28-Nov-1998,27-Nov-1998,,510,1998,True,True,render_gcs_ingest
910010902954,1,SALE,UNKNOWN,UNKNOWN,GENERAL AGREEMENT,,27-Jun-2009,,,2009,True,True,render_gcs_ingest
940299700005,4,MISC,BHADRAK,DHUSURI,GENERAL POA WITHOUT PROPERTY,17-Oct-1997,06-Jun-1997,,5,1997,True,True,render_gcs_ingest
940600200278,4,MISC,GANJAM,UNKNOWN,GENERAL POA WITHOUT PROPERTY,03-Jul-2002,03-Jul-2002,,278,2002,True,True,render_gcs_ingest
940390200687,4,MISC,UNKNOWN,UNKNOWN,GENERAL POA WITHOUT PROPERTY,,,,687,2002,True,True,render_gcs_ingest
930600100015,3,WILL,GANJAM,BERHAMPUR-II,OTHER DEED,02-Feb-2001,02-Feb-2001,,15,2001,True,True,render_gcs_ingest
940399700375,4,MISC,CUTTACK,CUTTACK,GENERAL AGREEMENT,20-Sep-1997,20-Sep-1997,40000,375,1997,True,True,render_gcs_ingest
940399700518,4,MISC,UNKNOWN,UNKNOWN,REGISTRATION OF MARRIAGE U/S 15,,,,,1997,True,True,render_gcs_ingest
940399600359,4,MISC,UNKNOWN,UNKNOWN,GENERAL POA WITHOUT PROPERTY,,,,,1996,True,True,render_gcs_ingest
940609600167,4,MISC,UNKNOWN,UNKNOWN,GENERAL POA WITHOUT PROPERTY,,,,,1996,True,True,render_gcs_ingest
941080202190,4,MISC,UNKNOWN,UNKNOWN,OTHER DEED,,,,2190,2002,True,True,render_gcs_ingest
911380700746,1,SALE,NAYAGARH,DASPALLA,SALE IMMOVABLE,07-Oct-2007,07-Oct-2007,6700,746,2007,True,True,render_gcs_ingest
910550300204,1,SALE,UNKNOWN,UNKNOWN,SALE IMMOVABLE,03-Feb-2003,,,,2003,True,False,render_gcs_ingest
910190500815,1,SALE,BARGARH,UNKNOWN,SALE IMMOVABLE,31-Jul-2005,31-Jul-2005,30250,815,2005,True,True,render_gcs_ingest
910010300723,1,SALE,UNKNOWN,UNKNOWN,SALE IMMOVABLE,,17-Mar-2003,20250,723,2003,True,True,render_gcs_ingest
910010902157,1,SALE,UNKNOWN,UNKNOWN,SALE IMMOVABLE,,,0,,2009,True,False,render_gcs_ingest
910940800622,1,SALE,KENDRAPARA,UNKNOWN,SALE IMMOVABLE,23-Aug-2008,23-Aug-2008,17500,,2008,True,True,render_gcs_ingest
911550900186,1,SALE,PURI,DELANGA,SALE IMMOVABLE,12-Mar-2009,12-Mar-2009,30000,186,2009,True,True,render_gcs_ingest
911680500184,1,SALE,SUBARNAPUR,BINIKA,SALE IMMOVABLE,09-Nov-2005,11-Sep-2005,40000,184,2005,True,True,render_gcs_ingest
911440900196,1,SALE,UNKNOWN,UNKNOWN,SALE MOVABLE,,,,,2009,True,True,render_gcs_ingest
910310300521,1,SALE,UNKNOWN,UNKNOWN,RECONVEYANCE OF MORTGAGE,,,,,2003,True,True,render_gcs_ingest
910130700017,1,SALE,BALASORE,SIMULIA,GIFT IMMOVABLE,02-Jan-2007,30-Dec-2007,1800,17,2007,True,True,render_gcs_ingest
911080307663,1,SALE,KHURDA,KHURDA(BBSR),SALE IMMOVABLE,,,,,2003,True,True,render_gcs_ingest
910660701246,1,SALE,GANJAM,KHALLIKOTE,SALE IMMOVABLE,25-Mar-2007,25-Mar-2007,19710,,2007,True,True,render_gcs_ingest
910850900674,1,SALE,JAJPUR,UNKNOWN,SALE IMMOVABLE,,,19285,674,2009,True,True,render_gcs_ingest
910750802043,1,SALE,UNKNOWN,UNKNOWN,SALE IMMOVABLE,,,,,2008,True,True,render_gcs_ingest
910010501031,1,SALE,UNKNOWN,UNKNOWN,SALE IMMOVABLE,26-May-2005,09-Mar-2005,,,2005,True,True,render_gcs_ingest
911170500131,1,SALE,KORAPUT,KORAPUT(JEYPORE),SALE IMMOVABLE,11-Jan-2005,30-Jan-2005,1000,131,2005,True,True,render_gcs_ingest
910010502855,1,SALE,UNKNOWN,UNKNOWN,SALE IMMOVABLE,12-Sep-2005,,,,2005,True,True,render_gcs_ingest
910010402051,1,SALE,UNKNOWN,UNKNOWN,SALE IMMOVABLE,,09-Jul-2004,21125,,2004,True,True,render_gcs_ingest
910470500146,1,SALE,CUTTACK,SALIPUR,SALE IMMOVABLE,24-Jan-2005,23-Jan-2005,9350,146,2005,True,True,render_gcs_ingest
930689500005,3,WILL,GANJAM,PURUSOTTAMPUR,OPEN WILL,07-Mar-1995,06-Mar-1995,,5,1995,True,True,render_gcs_ingest
940859600008,4,MISC,JAJPUR,MANGALPUR,ADOPTION,03-May-1996,03-May-1996,,8,1996,True,True,render_gcs_ingest
930880900030,3,WILL,UNKNOWN,UNKNOWN,OPEN WILL,,,,30,2009,True,True,render_gcs_ingest
930579900069,3,WILL,UNKNOWN,UNKNOWN,OPEN WILL,,,,,1999,True,True,render_gcs_ingest
931629700067,3,WILL,UNKNOWN,UNKNOWN,OPEN WILL,,,,,1997,True,True,render_gcs_ingest
930610800296,3,WILL,GANJAM,BERHAMPUR-I,OPEN WILL,19-Nov-2008,30-Oct-2008,,296,2008,True,True,render_gcs_ingest
930589900033,3,WILL,GANJAM,ASKA,OPEN WILL,01-Oct-1999,01-Oct-1999,,33,1999,True,True,render_gcs_ingest
931660700036,3,WILL,SUBARNAPUR,SONEPUR,OPEN WILL,13-Aug-2007,,,36,2007,True,True,render_gcs_ingest
930609800109,3,WILL,UNKNOWN,BERHAMPUR-II,OPEN WILL,,,,109,1998,True,True,render_gcs_ingest
930600100128,3,WILL,UNKNOWN,UNKNOWN,OPEN WILL,,,,,2001,True,True,render_gcs_ingest
930610700122,3,WILL,GANJAM,UNKNOWN,OPEN WILL,19-Jun-2007,19-Jun-2007,,,2007,True,True,render_gcs_ingest
930889500012,3,WILL,KALAHANDI,BHAWANIPATNA,OPEN WILL,05-Jul-1995,05-Jul-1995,,12,1995,True,True,render_gcs_ingest
930610700028,3,WILL,UNKNOWN,UNKNOWN,OPEN WILL,07-Feb-2007,,,,2007,True,True,render_gcs_ingest
930609600068,3,WILL,GANJAM,BERHAMPUR-II,OPEN WILL,30-Mar-1996,29-Mar-1996,,68,1996,True,True,render_gcs_ingest
930570000031,3,WILL,UNKNOWN,UNKNOWN,OPEN WILL,,,,,2000,True,True,render_gcs_ingest
931480700078,3,WILL,UNKNOWN,UNKNOWN,OPEN WILL,,,,,2007,True,True,render_gcs_ingest
940399800222,4,MISC,UNKNOWN,UNKNOWN,ADOPTION,,,,,1998,True,True,render_gcs_ingest
930310600025,3,WILL,BOLANGIR,BALANGIR,OPEN WILL,09-Mar-2006,09-Mar-2006,,25,2006,True,True,render_gcs_ingest
930390800007,3,WILL,UNKNOWN,CUTTACK,OPEN WILL,24-Jan-2008,24-Jan-2008,,,2008,True,True,render_gcs_ingest
931480800021,3,WILL,PURI,PURI,OPEN WILL,16-Apr-2008,16-Apr-2008,,21,2008,True,True,render_gcs_ingest
930600500104,3,WILL,GANJAM,BERHAMPUR-II,OPEN WILL,06-May-2005,06-May-2005,,104,2005,True,True,render_gcs_ingest
930380800026,3,WILL,UNKNOWN,UNKNOWN,OPEN WILL,,,,,2008,True,True,render_gcs_ingest
930699600007,3,WILL,UNKNOWN,UNKNOWN,OPEN WILL,,,,,1996,True,True,render_gcs_ingest
930609600041,3,WILL,GANJAM,BERHAMPUR-II,OPEN WILL,26-Feb-1996,26-Feb-1996,,41,1996,True,True,render_gcs_ingest
930359500002,3,WILL,BOLANGIR,TUSURA,OPEN WILL,14-Feb-1995,14-Feb-1995,,2,1995,True,True,render_gcs_ingest
930610800221,3,WILL,GANJAM,BERHAMPUR-I,OPEN WILL,14-Aug-2008,14-Aug-2008,,,2008,True,True,render_gcs_ingest
931320800019,3,WILL,UNKNOWN,UNKNOWN,OPEN WILL,,,,,2008,True,True,render_gcs_ingest
931179600002,3,WILL,KORAPUT,KORAPUT(JEYPORE),OPEN WILL,07-Jun-1996,07-Jun-1996,,2,1996,True,True,render_gcs_ingest
930570701556,3,WILL,UNKNOWN,UNKNOWN,OPEN WILL,26-May-2007,26-May-2007,,1556,2007,True,True,render_gcs_ingest
931699900016,3,WILL,UNKNOWN,UNKNOWN,OPEN WILL,,,,,1999,True,True,render_gcs_ingest
931170500066,3,WILL,UNKNOWN,UNKNOWN,OPEN WILL,,,,,2006,True,True,render_gcs_ingest
930710100008,3,WILL,GANJAM,CHIKITI,OPEN WILL,30-Mar-2001,30-Mar-2001,,8,2001,True,True,render_gcs_ingest
940399700450,4,MISC,CUTTACK,CUTTACK,GENERAL AGREEMENT,24-Nov-1997,24-Nov-1997,75000,450,1997,True,True,render_gcs_ingest
941480200358,4,MISC,PURI,PURI,GENERAL AGREEMENT,04-Oct-2002,27-Sep-2002,50000,358,2002,True,True,render_gcs_ingest
941039600024,4,MISC,KEONJHAR,BARBIL,AGREEMENT WITH PROPERTY,25-Mar-1996,25-Mar-1996,,24,1996,True,True,render_gcs_ingest
941080200499,4,MISC,KHURDA,KHURDA(BBSR),GENERAL AGREEMENT,08-Mar-2002,04-Mar-2002,256000,499,2002,True,True,render_gcs_ingest
940579500069,4,MISC,GANJAM,CHHATRAPUR,GENERAL POA WITHOUT PROPERTY,13-Sep-1995,13-Sep-1995,,69,1995,True,False,render_gcs_ingest
940609700020,4,MISC,UNKNOWN,BERHAMPUR-II,GENERAL POA WITHOUT PROPERTY,29-Jan-1997,,,,1997,True,True,render_gcs_ingest
940399500196,4,MISC,UNKNOWN,UNKNOWN,REGISTRATION OF MARRIAGE U/S 15,,,,,,True,True,render_gcs_ingest
941089801245,4,MISC,UNKNOWN,UNKNOWN,GENERAL POA WITHOUT PROPERTY,,,,,1998,True,True,render_gcs_ingest
940609700094,4,MISC,UNKNOWN,UNKNOWN,GENERAL POA WITHOUT PROPERTY,,,,,1997,True,True,render_gcs_ingest
940889500008,4,MISC,KALAHANDI,BHAWANIPATNA,REGISTRATION OF MARRIAGE U/S 15,14-Feb-1995,14-Feb-1995,,8,1995,True,True,render_gcs_ingest
941080200181,4,MISC,KHURDA,KHURDA(BBSR),OTHER DEED,05-Feb-2002,25-Jan-2002,,181,2002,True,False,render_gcs_ingest
941080200346,4,MISC,UNKNOWN,UNKNOWN,GENERAL POA WITHOUT PROPERTY,,,,,2002,True,True,render_gcs_ingest
940619500011,4,MISC,UNKNOWN,UNKNOWN,GENERAL POA WITHOUT PROPERTY,28-Jan-1995,,,,1995,True,True,render_gcs_ingest
940069500141,4,MISC,BALASORE,BALASORE,GENERAL POA WITHOUT PROPERTY,,,,141,1995,True,True,render_gcs_ingest
940399600191,4,MISC,CUTTACK,CUTTACK,GENERAL POA WITHOUT PROPERTY,25-Apr-1996,25-Apr-1996,,191,1996,True,True,render_gcs_ingest
941080200637,4,MISC,KHURDA,KHURDA(BBSR),GENERAL AGREEMENT,21-Mar-2002,16-Mar-2002,247500,637,2002,True,True,render_gcs_ingest
941080200537,4,MISC,KHURDA,UNKNOWN,OTHER DEED,,08-Mar-2002,,537,2002,True,True,render_gcs_ingest
941089800476,4,MISC,UNKNOWN,UNKNOWN,GENERAL AGREEMENT,,,,,1998,True,True,render_gcs_ingest
940069800001,4,MISC,UNKNOWN,UNKNOWN,GENERAL POA WITHOUT PROPERTY,,,,,1998,True,True,render_gcs_ingest
941080200128,4,MISC,KHURDA,KHURDA(BBSR),GENERAL AGREEMENT,30-Jan-2002,30-Jan-2002,100000,128,2002,True,True,render_gcs_ingest
941080200478,4,MISC,UNKNOWN,UNKNOWN,OTHER DEED,,,,,,True,True,render_gcs_ingest
940399600244,4,MISC,CUTTACK,CUTTACK,GENERAL AGREEMENT,05-Jun-1996,05-Jun-1996,,244,1996,True,True,render_gcs_ingest
940399600317,4,MISC,UNKNOWN,UNKNOWN,GENERAL POA WITHOUT PROPERTY,,,,,1996,True,True,render_gcs_ingest
940390200356,4,MISC,UNKNOWN,UNKNOWN,GENERAL POA WITHOUT PROPERTY,,,,,2002,True,True,render_gcs_ingest
940399800163,4,MISC,CUTTACK,CUTTACK,GENERAL AGREEMENT,,,,,1998,True,True,render_gcs_ingest
941139600587,4,MISC,KHURDA,UNKNOWN,GENERAL POA WITHOUT PROPERTY,,,,,1996,True,True,render_gcs_ingest
940760200008,4,MISC,UNKNOWN,UNKNOWN,GENERAL AGREEMENT,,,,,2002,True,True,render_gcs_ingest
941709700016,4,MISC,UNKNOWN,SUNDERGARH,POA WITH POSSESSION,,,,,1997,True,True,render_gcs_ingest
910010503548,1,SALE,ANGUL,UNKNOWN,SALE IMMOVABLE,,,,,2005,True,True,render_gcs_ingest
910169600333,1,SALE,BARGARH,ATTABIRA,SALE IMMOVABLE,05-Mar-1996,05-Mar-1996,0,333,1996,True,True,render_gcs_ingest
910060800073,1,SALE,BALASORE,UNKNOWN,SALE IMMOVABLE,05-Jan-2008,,960000,73,2008,True,True,render_gcs_ingest
910010500429,1,SALE,UNKNOWN,UNKNOWN,LEASE WITH ADVANCE ONLY(IMMOVABLE),,,,,2005,True,True,render_gcs_ingest
910010704101,1,SALE,ANGUL,UNKNOWN,SALE IMMOVABLE,,06-Sep-2007,,,2007,True,True,render_gcs_ingest
910800800500,1,SALE,JAJPUR,BARI,SALE IMMOVABLE,10-May-2008,10-May-2008,15000,500,2008,True,True,render_gcs_ingest
910470501653,1,SALE,UNKNOWN,SALIPUR,LEASE WITH ADVANCE ONLY(IMMOVABLE),15-Aug-2005,,,,2005,True,True,render_gcs_ingest
911010800065,1,SALE,KEONJHAR,ANANDPUR,SALE IMMOVABLE,,,2450,65,2008,True,True,render_gcs_ingest
910030500839,1,SALE,ANGUL,CHHENDIPADA,SALE IMMOVABLE,01-Jan-2005,01-Jan-2005,41100,839,2005,True,True,render_gcs_ingest
910010200989,1,SALE,UNKNOWN,UNKNOWN,SALE IMMOVABLE,,,,,2002,True,True,render_gcs_ingest
911280901043,1,SALE,MAYURBHANJ,BETNOTI,SALE IMMOVABLE,25-Dec-2009,25-Dec-2009,23250,1043,2009,True,True,render_gcs_ingest
910010300153,1,SALE,UNKNOWN,UNKNOWN,SALE IMMOVABLE,16-May-2003,,,,2003,True,True,render_gcs_ingest
910090500604,1,SALE,BALASORE,JALESWAR,SALE IMMOVABLE,23-Jan-2005,23-Jan-2005,2100,604,2005,True,True,render_gcs_ingest
911620100959,1,SALE,SAMBALPUR,SAMBALPUR,RECONVEYANCE OF MORTGAGE,05-Apr-2001,05-Apr-2001,255000,959,2001,True,True,render_gcs_ingest
910010703291,1,SALE,UNKNOWN,UNKNOWN,RECONVEYANCE OF MORTGAGE,,16-Aug-2007,0,,2007,True,True,render_gcs_ingest
911720500620,1,SALE,SUNDARGARH,BANEI,SALE IMMOVABLE,10-Apr-2005,10-Apr-2005,30000,,2005,True,True,render_gcs_ingest
911130813803,1,SALE,UNKNOWN,UNKNOWN,SALE IMMOVABLE,,,,,2008,True,True,render_gcs_ingest
931200500040,3,WILL,KORAPUT,UNKNOWN,OPEN WILL,,,,40,2005,True,True,render_gcs_ingest
931620700076,3,WILL,UNKNOWN,UNKNOWN,OPEN WILL,,,,,2007,True,True,render_gcs_ingest
930470800002,3,WILL,CUTTACK,SALIPUR,OPEN WILL,17-Jan-2008,17-Jan-2008,,2,2008,True,True,render_gcs_ingest
930490200028,3,WILL,DEOGARH,DEOGARH,OPEN WILL,20-Dec-2002,15-Dec-2002,,28,2002,True,True,render_gcs_ingest
930610500172,3,WILL,UNKNOWN,UNKNOWN,OPEN WILL,22-Nov-2005,18-Nov-2005,,172,2005,True,True,render_gcs_ingest
931370100020,3,WILL,NAYAGARH,NAYAGARH,OPEN WILL,18-Jun-2001,18-Jun-2001,,,2001,True,True,render_gcs_ingest
930379900007,3,WILL,BOUDH,BOUDH,OPEN WILL,,,,7,,True,True,render_gcs_ingest
931700800209,3,WILL,SUNDARGARH,UNKNOWN,OPEN WILL,,,,209,2008,True,True,render_gcs_ingest
931170900069,3,WILL,KORAPUT,UNKNOWN,OPEN WILL,18-Dec-2009,18-Dec-2009,,69,2009,True,True,render_gcs_ingest
931670600013,3,WILL,SUBARNAPUR,BIRMAHARAJPUR,OPEN WILL,25-Jul-2006,25-Jul-2006,,13,2006,True,True,render_gcs_ingest
930310700026,3,WILL,UNKNOWN,UNKNOWN,OPEN WILL,,,,,2007,True,True,render_gcs_ingest
931700600214,3,WILL,SUNDARGARH,SUNDERGARH,OPEN WILL,11-Dec-2006,11-Dec-2006,,214,2006,True,True,render_gcs_ingest
930860600081,3,WILL,UNKNOWN,UNKNOWN,CANCELLATION OF OPEN WILL,,,,,2006,True,True,render_gcs_ingest
931700400161,3,WILL,SUNDARGARH,SUNDERGARH,OPEN WILL,03-Dec-2004,03-Dec-2004,,161,2004,True,True,render_gcs_ingest
931370400011,3,WILL,UNKNOWN,UNKNOWN,OPEN WILL,23-Feb-2004,16-Feb-2004,,11,2004,True,True,render_gcs_ingest
930720000002,3,WILL,JAGATSINGHPUR,JAGATSINGHPUR,OPEN WILL,31-Jan-2000,31-Jan-2000,,,2000,True,True,render_gcs_ingest
931700400017,3,WILL,SUNDARGARH,SUNDERGARH,OPEN WILL,20-Feb-2004,20-Feb-2004,,,2004,True,True,render_gcs_ingest
930610600085,3,WILL,UNKNOWN,UNKNOWN,OPEN WILL,18-May-2006,18-May-2006,,,2006,True,True,render_gcs_ingest
931160600008,3,WILL,KHURDA,BOLAGARH,OPEN WILL,27-Oct-2006,27-Oct-2006,,8,2006,True,True,render_gcs_ingest
930590000035,3,WILL,UNKNOWN,UNKNOWN,OPEN WILL,,,,35,2000,True,True,render_gcs_ingest
931080600094,3,WILL,UNKNOWN,UNKNOWN,OPEN WILL,,,,,,True,True,render_gcs_ingest
931629800068,3,WILL,UNKNOWN,UNKNOWN,OPEN WILL,,,,,1998,True,True,render_gcs_ingest
931550400003,3,WILL,PURI,DELANGA,OPEN WILL,31-Aug-2004,31-Aug-2004,,3,2004,True,True,render_gcs_ingest
930490500012,3,WILL,DEOGARH,DEOGARH,OPEN WILL,,,,,,True,True,render_gcs_ingest
931080300072,3,WILL,KHURDA,UNKNOWN,OPEN WILL,,12-Nov-2003,,72,2003,True,True,render_gcs_ingest
931170800064,3,WILL,KORAPUT,KORAPUT(JEYPORE),OPEN WILL,19-Dec-2008,15-Dec-2008,,64,2008,True,True,render_gcs_ingest
930380500010,3,WILL,UNKNOWN,UNKNOWN,OPEN WILL,,,,,2005,True,True,render_gcs_ingest
940399700043,4,MISC,UNKNOWN,UNKNOWN,GENERAL POA WITHOUT PROPERTY,,,,,1997,True,True,render_gcs_ingest
940390200319,4,MISC,UNKNOWN,UNKNOWN,GENERAL POA WITHOUT PROPERTY,,,,,2002,True,True,render_gcs_ingest
941080200224,4,MISC,KHURDA,UNKNOWN,PARTNERSHIP MORE THAN RS.500,,,,224,2002,True,True,render_gcs_ingest
930570600681,3,WILL,UNKNOWN,UNKNOWN,GENERAL POA WITHOUT PROPERTY,,,,681,2006,True,True,render_gcs_ingest
940399800309,4,MISC,CUTTACK,CUTTACK,GENERAL AGREEMENT,23-Jun-1998,23-Jun-1998,,309,1998,True,True,render_gcs_ingest
940109500038,4,MISC,BALASORE,JALESWARPUR,PARTNERSHIP MORE THAN RS.500,19-May-1995,19-May-1995,10000,38,1995,True,True,render_gcs_ingest
941089500008,4,MISC,KHURDA,KHURDA(BBSR),BOND WITH PROPERTY,03-Jan-1995,03-Jan-1995,50000,8,1995,True,True,render_gcs_ingest
940390200376,4,MISC,UNKNOWN,UNKNOWN,REGISTRATION OF MARRIAGE U/S 15,,,,,2002,True,True,render_gcs_ingest
940399500371,4,MISC,CUTTACK,CUTTACK,GENERAL AGREEMENT,28-Dec-1995,23-Dec-1995,,371,1995,True,True,render_gcs_ingest
940109500031,4,MISC,BALASORE,JALESWARPUR,REGISTRATION OF MARRIAGE U/S 15,25-Apr-1995,25-Apr-1995,,31,1995,True,True,render_gcs_ingest
940100200034,4,MISC,UNKNOWN,UNKNOWN,BOND WITH PROPERTY,30-Jul-2002,,48000,,2002,True,True,render_gcs_ingest
940259600001,4,MISC,BHADRAK,BHANDARIPOKHARI,GENERAL POA WITHOUT PROPERTY,22-Feb-1996,22-Feb-1996,,1,1996,True,True,render_gcs_ingest
940619800261,4,MISC,UNKNOWN,UNKNOWN,GENERAL POA WITHOUT PROPERTY,,,,,1998,True,True,render_gcs_ingest
941089601171,4,MISC,UNKNOWN,UNKNOWN,GENERAL POA WITHOUT PROPERTY,,,,,1996,True,True,render_gcs_ingest
941080200434,4,MISC,KHURDA,KHURDA(BBSR),GENERAL AGREEMENT,28-Feb-2002,22-Feb-2002,142000,434,2002,True,True,render_gcs_ingest
940810200032,4,MISC,UNKNOWN,UNKNOWN,REGISTRATION OF MARRIAGE U/S 15,,,,,2002,True,True,render_gcs_ingest
940999800004,4,MISC,KENDRAPARA,KANIKA,BOND WITH PROPERTY,01-Jul-1998,01-Jul-1998,,4,1998,True,True,render_gcs_ingest
940600200227,4,MISC,UNKNOWN,UNKNOWN,GENERAL POA WITHOUT PROPERTY,,,,,2002,True,True,render_gcs_ingest
941080200640,4,MISC,UNKNOWN,UNKNOWN,OTHER DEED,,,,,2002,True,True,render_gcs_ingest
941080200599,4,MISC,UNKNOWN,UNKNOWN,GENERAL POA WITHOUT PROPERTY,,,,,2002,True,True,render_gcs_ingest
941139500101,4,MISC,KHURDA,KHANDAGIRI,GENERAL POA WITHOUT PROPERTY,12-Apr-1995,12-Apr-1995,,101,1995,True,True,render_gcs_ingest
940399600220,4,MISC,CUTTACK,UNKNOWN,GENERAL POA WITHOUT PROPERTY,,,,220,1996,True,True,render_gcs_ingest
941080200381,4,MISC,KHURDA,KHURDA(BBSR),GENERAL POA WITHOUT PROPERTY,19-Feb-2002,19-Feb-2002,,381,2002,True,True,render_gcs_ingest
940069700056,4,MISC,BALASORE,BALASORE,POA WITHOUT POSSESSION,,,,56,1997,True,True,render_gcs_ingest
910010402899,1,SALE,ANGUL,UNKNOWN,SALE IMMOVABLE,,20-Sep-2004,8750,2899,2004,True,True,render_gcs_ingest
910060306382,1,SALE,UNKNOWN,UNKNOWN,SALE IMMOVABLE,08-Sep-2003,05-Sep-2003,,,2003,True,True,render_gcs_ingest
910010201091,1,SALE,UNKNOWN,UNKNOWN,SALE IMMOVABLE,,,,,2002,True,True,render_gcs_ingest
910050902529,1,SALE,ANGUL,TALCHER,SALE IMMOVABLE,04-Nov-2009,04-Nov-2009,60500,2529,2009,True,True,render_gcs_ingest
910050901504,1,SALE,ANGUL,TALCHER,SALE IMMOVABLE,25-Jun-2009,25-Jun-2009,12000,1504,2009,True,False,render_gcs_ingest
910010200518,1,SALE,UNKNOWN,UNKNOWN,SALE IMMOVABLE,,,,,2002,True,True,render_gcs_ingest
910010702067,1,SALE,UNKNOWN,UNKNOWN,SALE IMMOVABLE,,,,,2007,True,True,render_gcs_ingest
910010705435,1,SALE,UNKNOWN,UNKNOWN,SALE IMMOVABLE,,,0,,2008,True,True,render_gcs_ingest
910010301135,1,SALE,UNKNOWN,UNKNOWN,RECONVEYANCE OF MORTGAGE,,,,,,True,True,render_gcs_ingest
910520100567,1,SALE,DHENKANAL,PARJANG,SALE IMMOVABLE,23-Jan-2001,23-Jan-2001,22500,567,2001,True,True,render_gcs_ingest
910910300779,1,SALE,UNKNOWN,UNKNOWN,SALE IMMOVABLE,,01-Apr-2003,,,2003,True,True,render_gcs_ingest
910050902103,1,SALE,UNKNOWN,UNKNOWN,SALE IMMOVABLE,,,,,2009,True,True,render_gcs_ingest
910900501018,1,SALE,KALAHANDI,JAIPATNA,SALE IMMOVABLE,19-Jun-2005,19-Jun-2005,20000,1018,2005,True,True,render_gcs_ingest
910010502471,1,SALE,UNKNOWN,UNKNOWN,SALE IMMOVABLE,,,,,2005,True,True,render_gcs_ingest
910040300067,1,SALE,ANGUL,PALLAHARA,LEASE RENT RESERVED(IMMOVABLE),28-Feb-2003,04-Feb-2003,4800,67,2003,True,True,render_gcs_ingest
910010202459,1,SALE,UNKNOWN,UNKNOWN,SALE IMMOVABLE,,21-Aug-2002,13000,2459,2002,True,True,render_gcs_ingest
910240502485,1,SALE,UNKNOWN,UNKNOWN,SALE IMMOVABLE,23-Oct-2005,23-Oct-2005,20000,,2005,True,True,render_gcs_ingest
910010701556,1,SALE,UNKNOWN,UNKNOWN,SALE IMMOVABLE,,,,,2007,True,True,render_gcs_ingest
910010500955,1,SALE,UNKNOWN,UNKNOWN,GIFT IMMOVABLE,,,,,2005,True,True,render_gcs_ingest
910050700903,1,SALE,UNKNOWN,UNKNOWN,SALE IMMOVABLE,28-Aug-2007,,,,2007,True,True,render_gcs_ingest
911510300888,1,SALE,PURI,KAKATPUR,SALE IMMOVABLE,,,12000,888,,True,True,render_gcs_ingest
931620400005,3,WILL,UNKNOWN,UNKNOWN,OPEN WILL,,,,,2004,True,True,render_gcs_ingest
931190500018,3,WILL,KORAPUT,KORAPUT,OPEN WILL,27-Dec-2005,27-Dec-2005,,18,2005,True,True,render_gcs_ingest
931180800012,3,WILL,UNKNOWN,BARIGUMA,OPEN WILL,,24-Sep-2008,,12,2008,True,True,render_gcs_ingest
931700900210,3,WILL,UNKNOWN,UNKNOWN,OPEN WILL,,,,,2009,True,True,render_gcs_ingest
930680500038,3,WILL,UNKNOWN,UNKNOWN,OPEN WILL,,,,,2005,True,True,render_gcs_ingest
930300500005,3,WILL,BHADRAK,UNKNOWN,OPEN WILL,,19-Dec-2005,,5,2005,True,True,render_gcs_ingest
931620500131,3,WILL,SAMBALPUR,SAMBALPUR,OPEN WILL,,30-Dec-2005,,131,2005,True,True,render_gcs_ingest
930550400023,3,WILL,GAJAPATI,PARALAKHEMUNDI,OPEN WILL,,,,,2004,True,True,render_gcs_ingest
931510300003,3,WILL,PURI,KAKATPUR,OPEN WILL,11-Jun-2003,11-Jun-2003,,3,2003,True,True,render_gcs_ingest
930880800054,3,WILL,KALAHANDI,BHAWANIPATNA,OPEN WILL,19-Dec-2008,19-Dec-2008,100000,54,2008,True,True,render_gcs_ingest
931230800002,3,WILL,MALKANGIRI,MALKANAGIRI,OPEN WILL,04-Jan-2008,04-Jan-2008,,,2008,True,True,render_gcs_ingest
931220800010,3,WILL,UNKNOWN,UNKNOWN,OPEN WILL,,27-Jun-2008,,10,2008,True,True,render_gcs_ingest
931700600212,3,WILL,UNKNOWN,UNKNOWN,OPEN WILL,,11-Dec-2006,,,2006,True,True,render_gcs_ingest
931700300147,3,WILL,UNKNOWN,UNKNOWN,OPEN WILL,,,,,2003,True,True,render_gcs_ingest
940379700030,4,MISC,UNKNOWN,UNKNOWN,ADOPTION,,,,,1997,True,True,render_gcs_ingest
930860900022,3,WILL,JHARSUGUDA,JHARSUGUDA,OPEN WILL,07-Mar-2009,07-Mar-2009,,22,2009,True,True,render_gcs_ingest
930380300006,3,WILL,BOUDH,KANTAMAL,OPEN WILL,,17-Feb-2003,,,2003,True,True,render_gcs_ingest
930930000008,3,WILL,KENDRAPARA,KENDRAPARA,OPEN WILL,25-Jul-2000,10-Jul-2000,,8,2000,True,False,render_gcs_ingest
930459700004,3,WILL,CUTTACK,NARSINGHPUR,OPEN WILL,21-Oct-1997,21-Oct-1997,30000,4,1997,True,True,render_gcs_ingest
931330800028,3,WILL,UNKNOWN,UNKNOWN,OPEN WILL,,,,,,True,True,render_gcs_ingest
931680400016,3,WILL,UNKNOWN,UNKNOWN,OPEN WILL,,,,,,True,False,render_gcs_ingest
940730200025,4,MISC,JAGATSINGHPUR,BALIKUDA,ADOPTION,23-Oct-2002,23-Oct-2002,,25,2002,True,True,render_gcs_ingest
931260300001,3,WILL,UNKNOWN,UNKNOWN,OPEN WILL,,02-Jan-2003,,,2003,True,True,render_gcs_ingest
940379500012,4,MISC,UNKNOWN,UNKNOWN,ADOPTION,,,,,1995,True,True,render_gcs_ingest
931700700134,3,WILL,SUNDARGARH,UNKNOWN,OPEN WILL,25-Jun-2007,25-Jun-2007,,134,2007,True,True,render_gcs_ingest
940889700042,4,MISC,UNKNOWN,UNKNOWN,ADOPTION,,,,,1997,True,True,render_gcs_ingest
940579600072,4,MISC,UNKNOWN,UNKNOWN,GENERAL POA WITHOUT PROPERTY,,,,72,1996,True,True,render_gcs_ingest
940399500352,4,MISC,UNKNOWN,UNKNOWN,GENERAL POA WITHOUT PROPERTY,,,,,1995,True,True,render_gcs_ingest
940069600067,4,MISC,BALASORE,BALASORE,AGREEMENT WITH PROPERTY,,,,67,1996,True,True,render_gcs_ingest
941080200310,4,MISC,KHURDA,UNKNOWN,OTHER DEED,13-Feb-2002,06-Feb-2002,,310,2002,True,True,render_gcs_ingest
940999700003,4,MISC,KENDRAPARA,KANIKA,GENERAL POA WITHOUT PROPERTY,03-Apr-1997,03-Apr-1997,,3,1997,True,True,render_gcs_ingest
940479500027,4,MISC,UNKNOWN,UNKNOWN,REGISTRATION OF MARRIAGE U/S 15,,,,,1995,True,True,render_gcs_ingest
940399500184,4,MISC,CUTTACK,CUTTACK,REGISTRATION OF MARRIAGE U/S 15,22-Jun-1995,22-Jun-1995,,184,1995,True,True,render_gcs_ingest
941080201418,4,MISC,KHURDA,KHURDA(BBSR),OTHER DEED,27-Jun-2002,21-Jun-2002,,1418,2002,True,True,render_gcs_ingest
940069800076,4,MISC,UNKNOWN,UNKNOWN,GENERAL AGREEMENT,,,,76,1998,True,True,render_gcs_ingest
940069800169,4,MISC,UNKNOWN,BALASORE,GENERAL POA WITHOUT PROPERTY,,16-Nov-1998,,,1998,True,True,render_gcs_ingest
940810200028,4,MISC,JAJPUR,DHARMASALA,GENERAL POA WITHOUT PROPERTY,10-Jul-2002,10-Jul-2002,,28,2002,True,True,render_gcs_ingest
940069500116,4,MISC,UNKNOWN,UNKNOWN,GENERAL POA WITHOUT PROPERTY,19-Sep-1995,28-Jun-1995,,,1995,True,True,render_gcs_ingest
940489700002,4,MISC,CUTTACK,TIGIRIA,REGISTRATION OF MARRIAGE U/S 15,23-Apr-1997,23-Apr-1997,,2,1997,True,True,render_gcs_ingest
941080200068,4,MISC,KHURDA,UNKNOWN,GENERAL AGREEMENT,18-Jan-2002,18-Jan-2002,178750,,2002,True,True,render_gcs_ingest
940399700092,4,MISC,UNKNOWN,UNKNOWN,GENERAL AGREEMENT,,,,92,1997,True,True,render_gcs_ingest
940619700371,4,MISC,UNKNOWN,UNKNOWN,GENERAL POA WITHOUT PROPERTY,,,,,1997,True,True,render_gcs_ingest
940749600012,4,MISC,JAGATSINGHPUR,DEBIDOL,OTHER DEED,21-Jun-1996,21-Jun-1996,,12,1996,True,True,render_gcs_ingest
940609600227,4,MISC,UNKNOWN,BERHAMPUR-II,GENERAL POA WITHOUT PROPERTY,,24-Jul-1996,,227,1996,True,True,render_gcs_ingest
941009700024,4,MISC,UNKNOWN,UNKNOWN,GENERAL POA WITHOUT PROPERTY,,,,,1997,True,True,render_gcs_ingest
940399700050,4,MISC,UNKNOWN,UNKNOWN,GENERAL POA WITHOUT PROPERTY,,,,,1997,True,False,render_gcs_ingest
940390200382,4,MISC,CUTTACK,CUTTACK,GENERAL AGREEMENT,03-Jun-2002,03-Jun-2002,800000,382,2002,True,True,render_gcs_ingest
940640200036,4,MISC,UNKNOWN,UNKNOWN,GENERAL POA WITHOUT PROPERTY,24-Sep-2002,24-Sep-2002,,,2002,True,True,render_gcs_ingest
940069500203,4,MISC,BALASORE,UNKNOWN,GENERAL AGREEMENT,,,,,1995,True,True,render_gcs_ingest
930380000003,3,WILL,BOUDH,KANTAMAL,OTHER DEED,,,,3,2000,True,False,render_gcs_ingest
940399800401,4,MISC,CUTTACK,CUTTACK,REGISTRATION OF MARRIAGE U/S 15,07-Sep-1998,07-Sep-1998,,401,1998,True,True,render_gcs_ingest
940640200020,4,MISC,UNKNOWN,UNKNOWN,PARTNERSHIP MORE THAN RS.500,,,,,2002,True,True,render_gcs_ingest
930619800087,3,WILL,UNKNOWN,UNKNOWN,OTHER DEED,,,,,1998,True,False,render_gcs_ingest
940399800071,4,MISC,UNKNOWN,UNKNOWN,GENERAL AGREEMENT,,,,,1998,True,True,render_gcs_ingest
910010401520,1,SALE,UNKNOWN,UNKNOWN,SALE IMMOVABLE,16-Jul-2004,27-May-2004,,1520,2004,True,True,render_gcs_ingest
910010501122,1,SALE,UNKNOWN,UNKNOWN,RECONVEYANCE OF MORTGAGE,,,0,,2005,True,True,render_gcs_ingest
910450800331,1,SALE,CUTTACK,UNKNOWN,SALE IMMOVABLE,,,27500,,,True,True,render_gcs_ingest
910230501523,1,SALE,BHADRAK,BHADRAK,LEASE ADVANCE WITH RENT IMMOVABLE,24-Apr-2005,,5250,1523,2005,True,True,render_gcs_ingest
910040500179,1,SALE,UNKNOWN,PALLAHARA,LEASE ADVANCE WITH RENT IMMOVABLE,07-Apr-2005,07-Apr-2005,1500,179,2005,True,True,render_gcs_ingest
910010202887,1,SALE,UNKNOWN,UNKNOWN,SALE IMMOVABLE,,,26000,,2002,True,True,render_gcs_ingest
910010302479,1,SALE,UNKNOWN,UNKNOWN,SALE IMMOVABLE,11-Dec-2003,,,,2003,True,True,render_gcs_ingest
910060507492,1,SALE,UNKNOWN,UNKNOWN,LEASE WITH ADVANCE ONLY(IMMOVABLE),,,,,2005,True,True,render_gcs_ingest
910060205306,1,SALE,BALASORE,BALASORE,SALE IMMOVABLE,28-Sep-2002,28-Sep-2002,5500,5306,2002,True,True,render_gcs_ingest
910530701357,1,SALE,UNKNOWN,HINDOL,SALE IMMOVABLE,,,20250,1357,,True,True,render_gcs_ingest
910060802652,1,SALE,UNKNOWN,UNKNOWN,SALE IMMOVABLE,,,,,,True,True,render_gcs_ingest
911430301651,1,SALE,UNKNOWN,UNKNOWN,SALE IMMOVABLE,02-Nov-2003,02-Nov-2003,,,2003,True,True,render_gcs_ingest
910080901675,1,SALE,BALASORE,BASTA,SALE IMMOVABLE,16-Jul-2009,16-Jul-2009,41360,1675,2009,True,True,render_gcs_ingest
910010902910,1,SALE,UNKNOWN,UNKNOWN,SALE IMMOVABLE,,25-Jun-2009,30800,2910,2009,True,True,render_gcs_ingest
910010402777,1,SALE,UNKNOWN,UNKNOWN,SALE IMMOVABLE,,,16000,,2004,True,True,render_gcs_ingest
910019502386,1,SALE,UNKNOWN,UNKNOWN,SALE IMMOVABLE,,30-Oct-1995,0,2386,1995,True,True,render_gcs_ingest
911050400439,1,SALE,UNKNOWN,UNKNOWN,LEASE ADVANCE WITH RENT IMMOVABLE,,,,,,True,True,render_gcs_ingest
910010400416,1,SALE,UNKNOWN,UNKNOWN,SALE IMMOVABLE,,09-Feb-2004,,,2004,True,True,render_gcs_ingest
940699500033,4,MISC,UNKNOWN,UNKNOWN,SALE IMMOVABLE,,,,,1995,True,True,render_gcs_ingest
910010502276,1,SALE,UNKNOWN,UNKNOWN,SALE IMMOVABLE,,,29050,,2005,True,True,render_gcs_ingest
910010503019,1,SALE,UNKNOWN,UNKNOWN,SALE IMMOVABLE,17-Sep-2005,,,,2005,True,True,render_gcs_ingest
931080200010,3,WILL,KHURDA,UNKNOWN,OPEN WILL,,04-Feb-2002,,10,2002,True,True,render_gcs_ingest
931000600012,3,WILL,KEONJHAR,KEONJHAR,OPEN WILL,19-Jul-2006,19-Jul-2006,,12,2006,True,True,render_gcs_ingest
940389700004,4,MISC,BOUDH,KANTAMAL,ADOPTION,02-Jul-1997,02-Jul-1997,,4,1997,True,True,render_gcs_ingest
930390700015,3,WILL,CUTTACK,UNKNOWN,OPEN WILL,12-Aug-2007,12-Aug-2007,,15,2007,True,True,render_gcs_ingest
930589700001,3,WILL,UNKNOWN,UNKNOWN,OPEN WILL,,16-Jan-1997,,,1997,True,True,render_gcs_ingest
931620300053,3,WILL,SAMBALPUR,SAMBALPUR,OPEN WILL,08-Jul-2003,08-Jul-2003,,53,2003,True,True,render_gcs_ingest
940729700016,4,MISC,JAGATSINGHPUR,JAGATSINGHPUR,ADOPTION,20-Jun-1997,20-Jun-1997,,16,1997,True,True,render_gcs_ingest
931449600006,3,WILL,UNKNOWN,UNKNOWN,OPEN WILL,,,,6,1996,True,False,render_gcs_ingest
930310300036,3,WILL,BOLANGIR,BALANGIR,OPEN WILL,08-May-2003,08-May-2003,,,2003,True,True,render_gcs_ingest
931709500038,3,WILL,UNKNOWN,UNKNOWN,CANCELLATION OF OPEN WILL,,,,,1995,True,True,render_gcs_ingest
931190900028,3,WILL,KORAPUT,KORAPUT,OPEN WILL,05-Jun-2009,,,28,2009,True,True,render_gcs_ingest
930610400029,3,WILL,UNKNOWN,UNKNOWN,OPEN WILL,,,,,2004,True,True,render_gcs_ingest
930319900017,3,WILL,UNKNOWN,UNKNOWN,OPEN WILL,,,,,1999,True,True,render_gcs_ingest
930310200023,3,WILL,BOLANGIR,BALANGIR,OPEN WILL,07-May-2002,07-May-2002,,23,2002,True,True,render_gcs_ingest
931130600005,3,WILL,KHURDA,KHANDAGIRI,OPEN WILL,28-Feb-2006,28-Feb-2006,,5,2006,True,True,render_gcs_ingest
931089700009,3,WILL,UNKNOWN,KHURDA(BBSR),OPEN WILL,29-Jan-1997,29-Jan-1997,,9,1997,True,True,render_gcs_ingest
930550400002,3,WILL,UNKNOWN,UNKNOWN,OPEN WILL,12-Jan-2004,12-Jan-2004,,2,2004,True,True,render_gcs_ingest
931700700165,3,WILL,UNKNOWN,UNKNOWN,OPEN WILL,,,,165,2007,True,True,render_gcs_ingest
931480600001,3,WILL,PURI,PURI,OPEN WILL,18-Jan-2006,18-Jan-2006,,1,2006,True,True,render_gcs_ingest
931480700043,3,WILL,PURI,PURI,OPEN WILL,25-Jul-2007,25-Jul-2007,,43,2007,True,True,render_gcs_ingest
931339600029,3,WILL,NABARANGPUR,NABARANGPUR,OPEN WILL,16-Nov-1996,16-Nov-1996,20000,29,1996,True,True,render_gcs_ingest
930860400095,3,WILL,UNKNOWN,UNKNOWN,OPEN WILL,,,,,2004,True,True,render_gcs_ingest
931190900003,3,WILL,KORAPUT,KORAPUT,OPEN WILL,24-Jan-2009,24-Jan-2009,,3,2009,True,True,render_gcs_ingest
930889800021,3,WILL,UNKNOWN,BHAWANIPATNA,OPEN WILL,,09-Sep-1998,,,1998,True,True,render_gcs_ingest
931680500012,3,WILL,SUBARNAPUR,BINIKA,OPEN WILL,26-Oct-2005,26-Oct-2005,,12,2005,True,True,render_gcs_ingest
930550400013,3,WILL,GAJAPATI,PARALAKHEMUNDI,OPEN WILL,23-Apr-2004,21-Apr-2004,,13,2004,True,True,render_gcs_ingest
940070200014,4,MISC,BALASORE,BALIAPAL,GENERAL POA WITHOUT PROPERTY,22-Feb-2002,22-Feb-2002,,14,2002,True,True,render_gcs_ingest
940399800381,4,MISC,UNKNOWN,UNKNOWN,GENERAL POA WITHOUT PROPERTY,,,,,,True,True,render_gcs_ingest
940399800283,4,MISC,UNKNOWN,UNKNOWN,GENERAL POA WITHOUT PROPERTY,,26-May-1998,,,1998,True,True,render_gcs_ingest
940399500335,4,MISC,UNKNOWN,UNKNOWN,GENERAL POA WITHOUT PROPERTY,,,,,1995,True,True,render_gcs_ingest
940109700027,4,MISC,BALASORE,JALESWARPUR,REGISTRATION OF MARRIAGE U/S 15,02-Jul-1997,02-Jul-1997,,27,1997,True,True,render_gcs_ingest
941080200541,4,MISC,KHURDA,KHURDA(BBSR),GENERAL AGREEMENT,14-Mar-2002,08-Mar-2002,200000,541,2002,True,True,render_gcs_ingest
941080200254,4,MISC,KHURDA,KHURDA(BBSR),GENERAL POA WITHOUT PROPERTY,08-Feb-2002,01-Feb-2002,,254,2002,True,True,render_gcs_ingest
941080200391,4,MISC,UNKNOWN,UNKNOWN,GENERAL POA WITHOUT PROPERTY,,,,,2002,True,True,render_gcs_ingest
940889600023,4,MISC,KALAHANDI,BHAWANIPATNA,GENERAL POA WITHOUT PROPERTY,12-Jun-1996,12-Jun-1996,,23,1996,True,True,render_gcs_ingest
940390200042,4,MISC,CUTTACK,CUTTACK,REGISTRATION OF MARRIAGE U/S 15,18-Jan-2002,,,42,2002,True,True,render_gcs_ingest
941089601291,4,MISC,KHURDA,KHURDA(BBSR),GENERAL POA WITHOUT PROPERTY,18-Oct-1996,18-Oct-1996,,1291,1996,True,True,render_gcs_ingest
941080200624,4,MISC,KHURDA,KHURDA(BBSR),GENERAL AGREEMENT,21-Mar-2002,16-Mar-2002,,624,2002,True,True,render_gcs_ingest
941080200603,4,MISC,UNKNOWN,UNKNOWN,GENERAL AGREEMENT,20-Mar-2002,,,603,2002,True,False,render_gcs_ingest
941080200237,4,MISC,KHURDA,KHURDA(BBSR),GENERAL AGREEMENT,08-Feb-2002,31-Jan-2002,,237,2002,True,True,render_gcs_ingest
910010503110,1,SALE,UNKNOWN,UNKNOWN,OTHER DEED,,06-Aug-2005,2700,,2005,True,True,render_gcs_ingest
940799700015,4,MISC,JAJPUR,BARACHANA,REGISTRATION OF MARRIAGE U/S 15,16-Jul-1997,16-Jul-1997,,15,1997,True,True,render_gcs_ingest
940069500040,4,MISC,UNKNOWN,UNKNOWN,GENERAL POA WITHOUT PROPERTY,,,,,1995,True,True,render_gcs_ingest
940399600085,4,MISC,CUTTACK,CUTTACK,GENERAL AGREEMENT,02-Mar-1996,29-Feb-1996,,85,1996,True,True,render_gcs_ingest
940619700374,4,MISC,UNKNOWN,UNKNOWN,GENERAL POA WITHOUT PROPERTY,,,,,1997,True,True,render_gcs_ingest
910730900054,1,SALE,UNKNOWN,UNKNOWN,GENERAL AGREEMENT,,,,,2009,True,True,render_gcs_ingest
941080200290,4,MISC,KHURDA,UNKNOWN,GENERAL POA WITHOUT PROPERTY,11-Feb-2002,,,290,2002,True,True,render_gcs_ingest
940399600006,4,MISC,UNKNOWN,UNKNOWN,GENERAL AGREEMENT,05-Jan-1996,05-Jan-1996,105000,6,1996,True,True,render_gcs_ingest
941080200442,4,MISC,UNKNOWN,UNKNOWN,GENERAL AGREEMENT,28-Feb-2002,,,,2002,True,True,render_gcs_ingest
940819600017,4,MISC,UNKNOWN,UNKNOWN,GENERAL POA WITHOUT PROPERTY,22-Apr-1996,22-Apr-1996,,17,1996,True,True,render_gcs_ingest
941080200361,4,MISC,KHURDA,KHURDA(BBSR),GENERAL POA WITHOUT PROPERTY,16-Feb-2002,16-Feb-2002,,361,2002,True,True,render_gcs_ingest
940619700358,4,MISC,UNKNOWN,UNKNOWN,GENERAL POA WITHOUT PROPERTY,,,,358,1997,True,False,render_gcs_ingest
940880200009,4,MISC,KALAHANDI,BHAWANIPATNA,GENERAL POA WITHOUT PROPERTY,,,,9,2002,True,True,render_gcs_ingest
910030300291,1,SALE,UNKNOWN,UNKNOWN,SALE IMMOVABLE,,,,,2003,True,True,render_gcs_ingest
910360300726,1,SALE,BOLANGIR,LUISINGA,SALE IMMOVABLE,12-Jul-2003,12-Jul-2003,3000,726,2003,True,True,render_gcs_ingest
910010704810,1,SALE,UNKNOWN,UNKNOWN,SALE IMMOVABLE,07-Dec-2007,,28800,4810,2007,True,True,render_gcs_ingest
910010503356,1,SALE,UNKNOWN,UNKNOWN,SALE IMMOVABLE,26-Nov-2005,,,,2005,True,True,render_gcs_ingest
910120500867,1,SALE,BALASORE,NILAGIRI,GIFT IMMOVABLE,08-Jul-2005,08-Jul-2005,800,867,2005,True,True,render_gcs_ingest
910420400103,1,SALE,CUTTACK,UNKNOWN,LEASE WITH ADVANCE ONLY(IMMOVABLE),12-Feb-2004,21-Oct-2004,1200,,2004,True,True,render_gcs_ingest
911170402471,1,SALE,UNKNOWN,UNKNOWN,SALE IMMOVABLE,,,,,2004,True,False,render_gcs_ingest
910010901833,1,SALE,UNKNOWN,UNKNOWN,SALE IMMOVABLE,17-Jun-2009,,82500,1833,2009,True,True,render_gcs_ingest
910010302118,1,SALE,ANGUL,UNKNOWN,SALE IMMOVABLE,,,0,,2003,True,True,render_gcs_ingest
910850300587,1,SALE,UNKNOWN,MANGALPUR,SALE IMMOVABLE,,,,587,2003,True,True,render_gcs_ingest
910060507079,1,SALE,UNKNOWN,BALASORE,SALE IMMOVABLE,14-Oct-2005,,,7079,2005,True,True,render_gcs_ingest
910580503030,1,SALE,UNKNOWN,UNKNOWN,SALE IMMOVABLE,04-Sep-2005,04-Sep-2005,11675,3030,2005,True,True,render_gcs_ingest
910430700270,1,SALE,CUTTACK,JAGATPUR,SALE IMMOVABLE,21-Jan-2007,21-Jan-2007,36820,270,2007,True,True,render_gcs_ingest
910010200547,1,SALE,UNKNOWN,UNKNOWN,SALE IMMOVABLE,,13-Feb-2002,15000,547,2002,True,True,render_gcs_ingest
910090901839,1,SALE,UNKNOWN,UNKNOWN,SALE IMMOVABLE,,,,,2009,True,True,render_gcs_ingest
911270100588,1,SALE,UNKNOWN,UNKNOWN,SALE IMMOVABLE,,,,,,True,True,render_gcs_ingest
910060307303,1,SALE,UNKNOWN,UNKNOWN,SALE IMMOVABLE,11-Nov-2003,07-Nov-2003,4000,,2003,True,True,render_gcs_ingest
910010703671,1,SALE,UNKNOWN,UNKNOWN,SALE IMMOVABLE,20-Sep-2007,20-Sep-2007,,3671,2007,True,True,render_gcs_ingest
910630501030,1,SALE,UNKNOWN,UNKNOWN,SALE IMMOVABLE,,10-Apr-2005,520,,2005,True,True,render_gcs_ingest
910940900934,1,SALE,KENDRAPARA,AUL,GIFT IMMOVABLE,,,35000,934,2009,True,True,render_gcs_ingest
931410500009,3,WILL,NAYAGARH,RANAPUR,OPEN WILL,25-Jul-2005,25-Jul-2005,,9,2005,True,True,render_gcs_ingest
930780601854,3,WILL,JAJPUR,JAJPUR,OPEN WILL,24-Oct-2006,24-Oct-2006,,1854,2006,True,True,render_gcs_ingest
931240700004,3,WILL,MALKANGIRI,MOTU,OPEN WILL,27-Oct-2007,26-Oct-2007,,4,2007,True,True,render_gcs_ingest
930579800045,3,WILL,UNKNOWN,UNKNOWN,OPEN WILL,,,,,1998,True,True,render_gcs_ingest
930399800019,3,WILL,UNKNOWN,UNKNOWN,OPEN WILL,16-Apr-1998,15-Apr-1998,,,1998,True,True,render_gcs_ingest
931330400038,3,WILL,UNKNOWN,UNKNOWN,OPEN WILL,,,,,2004,True,True,render_gcs_ingest
930600300045,3,WILL,UNKNOWN,UNKNOWN,OPEN WILL,23-Mar-2003,23-Mar-2003,,45,2003,True,True,render_gcs_ingest
930270600005,3,WILL,BHADRAK,CHANDBALI,OPEN WILL,21-Jun-2006,21-Jun-2006,,5,2006,True,True,render_gcs_ingest
931690600010,3,WILL,SUBARNAPUR,RAMPUR,OPEN WILL,,,,10,,True,True,render_gcs_ingest
930570703366,3,WILL,UNKNOWN,UNKNOWN,OPEN WILL,20-Nov-2007,20-Nov-2007,,,2007,True,True,render_gcs_ingest
931420600011,3,WILL,NUAPADA,NUAPADA,OPEN WILL,28-Apr-2006,28-Apr-2006,,11,2006,True,True,render_gcs_ingest
930860800039,3,WILL,UNKNOWN,UNKNOWN,OPEN WILL,,16-Apr-2008,,39,2008,True,True,render_gcs_ingest
931420200013,3,WILL,NUAPADA,NUAPADA,OPEN WILL,16-Sep-2002,16-Sep-2002,,13,2002,True,True,render_gcs_ingest
931700200058,3,WILL,UNKNOWN,UNKNOWN,OPEN WILL,,,,,2002,True,False,render_gcs_ingest
930610800086,3,WILL,UNKNOWN,UNKNOWN,OPEN WILL,,,,,,True,True,render_gcs_ingest
930260900001,3,WILL,UNKNOWN,UNKNOWN,OPEN WILL,,,,,2009,True,True,render_gcs_ingest
930150900020,3,WILL,BARGARH,BARGARH,OPEN WILL,,,,,2009,True,True,render_gcs_ingest
930600700339,3,WILL,UNKNOWN,UNKNOWN,OPEN WILL,06-Dec-2007,,,339,2007,True,True,render_gcs_ingest
931339900001,3,WILL,UNKNOWN,UNKNOWN,OPEN WILL,,,,,1999,True,True,render_gcs_ingest
931489500052,3,WILL,UNKNOWN,PURI,OPEN WILL,,,,,1995,True,True,render_gcs_ingest
930760200003,3,WILL,UNKNOWN,UNKNOWN,OPEN WILL,,,,,,True,False,render_gcs_ingest
931370300038,3,WILL,NAYAGARH,NAYAGARH,OPEN WILL,18-Nov-2003,18-Nov-2003,,38,2003,True,True,render_gcs_ingest
930830300004,3,WILL,JAJPUR,UNKNOWN,OPEN WILL,,02-Jul-2003,,,2003,True,True,render_gcs_ingest
931680900007,3,WILL,UNKNOWN,BINIKA,OPEN WILL,26-Jun-2009,26-Jun-2009,,7,2009,True,True,render_gcs_ingest
930390500029,3,WILL,UNKNOWN,UNKNOWN,OPEN WILL,,,,29,2005,True,True,render_gcs_ingest
930869500016,3,WILL,JHARSUGUDA,JHARSUGUDA,OPEN WILL,24-Apr-1995,24-Apr-1995,,16,1995,True,True,render_gcs_ingest
940939700011,4,MISC,KENDRAPARA,UNKNOWN,POA WITH POSSESSION,30-Apr-1997,04-Apr-1997,,11,1997,True,True,render_gcs_ingest
941080200103,4,MISC,UNKNOWN,KHURDA(BBSR),GENERAL POA WITHOUT PROPERTY,,15-Jan-2002,,,2002,True,True,render_gcs_ingest
940390200676,4,MISC,CUTTACK,CUTTACK,GENERAL POA WITHOUT PROPERTY,07-Dec-2002,07-Dec-2002,,676,2002,True,True,render_gcs_ingest
940390200247,4,MISC,UNKNOWN,UNKNOWN,GENERAL AGREEMENT,27-Mar-2002,27-Mar-2002,120000,,2002,True,True,render_gcs_ingest
940390200510,4,MISC,UNKNOWN,UNKNOWN,GENERAL POA WITHOUT PROPERTY,,,,510,2002,True,True,render_gcs_ingest
940500200006,4,MISC,DHENKANAL,DHENKANAL,GENERAL AGREEMENT,26-Apr-2002,26-Apr-2002,300000,6,2002,True,True,render_gcs_ingest
941480200288,4,MISC,PURI,PURI,CANCELLATION OF POA,24-Jun-2002,24-Jun-2002,,288,2002,True,True,render_gcs_ingest
940390200091,4,MISC,CUTTACK,CUTTACK,GENERAL POA WITHOUT PROPERTY,,,,,2002,True,True,render_gcs_ingest
941089501315,4,MISC,KHURDA,KHURDA(BBSR),GENERAL AGREEMENT,04-Dec-1995,04-Dec-1995,200000,1315,1995,True,True,render_gcs_ingest
941080200193,4,MISC,KHURDA,UNKNOWN,GENERAL POA WITHOUT PROPERTY,06-Feb-2002,28-Jan-2002,,193,2002,True,True,render_gcs_ingest
940399500266,4,MISC,CUTTACK,CUTTACK,GENERAL POA WITHOUT PROPERTY,19-Sep-1995,19-Sep-1995,,266,1995,True,True,render_gcs_ingest
941080200276,4,MISC,UNKNOWN,UNKNOWN,GENERAL AGREEMENT,,,,,2002,True,True,render_gcs_ingest
940390200014,4,MISC,UNKNOWN,CUTTACK,CANCELLATION OF POA,,,,,2002,True,True,render_gcs_ingest
940399600092,4,MISC,UNKNOWN,UNKNOWN,BOND WITH PROPERTY,,,,,1996,True,True,render_gcs_ingest
941089600720,4,MISC,KHURDA,UNKNOWN,GENERAL POA WITHOUT PROPERTY,16-Apr-1996,16-Apr-1996,299516,720,1996,True,True,render_gcs_ingest
940939700037,4,MISC,KENDRAPARA,KENDRAPARA,GENERAL POA WITHOUT PROPERTY,20-Oct-1997,18-Oct-1997,,37,1997,True,True,render_gcs_ingest
940640200026,4,MISC,UNKNOWN,UNKNOWN,GENERAL POA WITHOUT PROPERTY,,,,,2002,True,True,render_gcs_ingest
940469600016,4,MISC,CUTTACK,NIALI,GENERAL POA WITHOUT PROPERTY,03-Jun-1996,03-Jun-1996,,16,1996,True,True,render_gcs_ingest
941080201889,4,MISC,KHURDA,KHURDA(BBSR),GENERAL POA WITHOUT PROPERTY,24-Oct-2002,18-Sep-2002,,1889,2002,True,True,render_gcs_ingest
940600200038,4,MISC,UNKNOWN,UNKNOWN,GENERAL POA WITHOUT PROPERTY,,,,,2002,True,True,render_gcs_ingest
940390200373,4,MISC,CUTTACK,CUTTACK,GENERAL POA WITHOUT PROPERTY,30-May-2002,30-May-2002,,373,2002,True,True,render_gcs_ingest
940070200075,4,MISC,BALASORE,BALIAPAL,GENERAL POA WITHOUT PROPERTY,15-Jul-2002,15-Jul-2002,,75,2002,True,True,render_gcs_ingest
910019502399,1,SALE,UNKNOWN,UNKNOWN,SALE IMMOVABLE,,,0,,1995,True,True,render_gcs_ingest
910850300120,1,SALE,JAJPUR,MANGALPUR,SALE IMMOVABLE,14-Dec-2003,14-Dec-2003,2000,120,2003,True,True,render_gcs_ingest
910130700382,1,SALE,BALASORE,SIMULIA,SALE IMMOVABLE,03-Mar-2007,,13880,382,2007,True,True,render_gcs_ingest
910100700977,1,SALE,UNKNOWN,UNKNOWN,SALE IMMOVABLE,,,4000,977,2007,True,True,render_gcs_ingest
910040800378,1,SALE,UNKNOWN,UNKNOWN,SALE IMMOVABLE,,,,,2008,True,False,render_gcs_ingest
910040300403,1,SALE,UNKNOWN,UNKNOWN,LEASE RENT RESERVED(IMMOVABLE),,,,,2003,True,True,render_gcs_ingest
911670500358,1,SALE,SUBARNAPUR,UNKNOWN,SALE IMMOVABLE,22-Apr-2005,22-Apr-2005,52500,358,2005,True,True,render_gcs_ingest
911760000007,1,SALE,SUNDARGARH,RAJGANGPUR,SALE IMMOVABLE,08-Jan-2000,08-Jan-2000,13800,,2000,True,True,render_gcs_ingest
910060505589,1,SALE,BALASORE,UNKNOWN,LEASE ADVANCE WITH RENT IMMOVABLE,22-Jul-2005,16-Jul-2005,,,2005,True,True,render_gcs_ingest
910140503241,1,SALE,UNKNOWN,UNKNOWN,SALE IMMOVABLE,,,,,,True,True,render_gcs_ingest
910010902561,1,SALE,UNKNOWN,UNKNOWN,SALE IMMOVABLE,,,30800,,2009,True,True,render_gcs_ingest
910010903052,1,SALE,UNKNOWN,UNKNOWN,SALE IMMOVABLE,03-Sep-2009,03-Jul-2009,,,2009,True,True,render_gcs_ingest
910100500342,1,SALE,BALASORE,JALESWARPUR,SALE IMMOVABLE,01-Feb-2005,20-Oct-2005,14700,342,2005,True,True,render_gcs_ingest
910010701670,1,SALE,ANGUL,UNKNOWN,SALE IMMOVABLE,,27-Apr-2007,,,2007,True,True,render_gcs_ingest
931359500004,3,WILL,NABARANGPUR,KODINGA,OPEN WILL,22-Apr-1995,22-Apr-1995,,4,1995,True,True,render_gcs_ingest
931620700097,3,WILL,UNKNOWN,UNKNOWN,OPEN WILL,,,,,2007,True,True,render_gcs_ingest
930570601961,3,WILL,UNKNOWN,UNKNOWN,OPEN WILL,,,,,2006,True,True,render_gcs_ingest
931700800087,3,WILL,SUNDARGARH,SUNDERGARH,OPEN WILL,15-Apr-2008,15-Apr-2008,,87,2008,True,True,render_gcs_ingest
931180500009,3,WILL,KORAPUT,BARIGUMA,OPEN WILL,04-Mar-2005,,,9,2005,True,True,render_gcs_ingest
930490900019,3,WILL,UNKNOWN,UNKNOWN,OPEN WILL,,27-Oct-2009,,,2009,True,False,render_gcs_ingest
930860500021,3,WILL,JHARSUGUDA,JHARSUGUDA,CANCELLATION OF OPEN WILL,23-Mar-2005,23-Mar-2005,,21,2005,True,True,render_gcs_ingest
930310600010,3,WILL,BOLANGIR,BALANGIR,OPEN WILL,24-Jan-2006,24-Jan-2006,,10,2006,True,True,render_gcs_ingest
931769500012,3,WILL,SUNDARGARH,UNKNOWN,OPEN WILL,25-May-1995,25-May-1995,,12,1995,True,True,render_gcs_ingest
931170200025,3,WILL,KORAPUT,KORAPUT(JEYPORE),OPEN WILL,27-Jul-2002,27-Jul-2002,,25,2002,True,True,render_gcs_ingest
930399900002,3,WILL,CUTTACK,CUTTACK,OPEN WILL,12-Jan-1999,,,2,1999,True,True,render_gcs_ingest
931480600041,3,WILL,UNKNOWN,UNKNOWN,OPEN WILL,,,,,2006,True,True,render_gcs_ingest
941080200476,4,MISC,UNKNOWN,KHURDA(BBSR),ADOPTION,,,,,2002,True,True,render_gcs_ingest
930610800011,3,WILL,UNKNOWN,UNKNOWN,OPEN WILL,16-Jan-2008,,,11,2008,True,True,render_gcs_ingest
931089600006,3,WILL,UNKNOWN,UNKNOWN,OPEN WILL,,,,,1996,True,True,render_gcs_ingest
931170000011,3,WILL,KORAPUT,KORAPUT(JEYPORE),OPEN WILL,31-Mar-2000,08-Mar-2000,,11,2000,True,True,render_gcs_ingest
930310500055,3,WILL,BOLANGIR,BALANGIR,OPEN WILL,22-Jun-2005,22-Jun-2005,,55,2005,True,True,render_gcs_ingest
930779700002,3,WILL,UNKNOWN,UNKNOWN,OPEN WILL,,,,,1997,True,False,render_gcs_ingest
931189800004,3,WILL,UNKNOWN,UNKNOWN,OPEN WILL,,,,,1998,True,True,render_gcs_ingest
930860800063,3,WILL,JHARSUGUDA,JHARSUGUDA,OPEN WILL,11-Jul-2008,11-Jul-2008,,63,2008,True,True,render_gcs_ingest
930420200005,3,WILL,CUTTACK,BADAMBA,OPEN WILL,,,,,2002,True,True,render_gcs_ingest
931440200005,3,WILL,KANDHAMAL,PHULBANI,OPEN WILL,01-May-2002,01-May-2002,,5,2002,True,True,render_gcs_ingest
930770700006,3,WILL,UNKNOWN,UNKNOWN,OPEN WILL,,,,,2007,True,True,render_gcs_ingest
931190900024,3,WILL,KORAPUT,KORAPUT,OPEN WILL,01-Jun-2009,01-Jun-2009,,,2009,True,True,render_gcs_ingest
940399800021,4,MISC,CUTTACK,CUTTACK,GENERAL AGREEMENT,14-Jan-1998,13-Jan-1998,100000,21,1998,True,True,render_gcs_ingest
931080900159,3,WILL,KHURDA,KHURDA(BBSR),OTHER DEED,24-Dec-2009,24-Dec-2009,,159,2009,True,True,render_gcs_ingest
941089700445,4,MISC,KHURDA,KHURDA(BBSR),GENERAL POA WITHOUT PROPERTY,12-Mar-1997,12-Mar-1997,,445,1997,True,True,render_gcs_ingest
941080201405,4,MISC,KHURDA,KHURDA(BBSR),OTHER DEED,27-Jun-2002,27-Jun-2002,,1405,2002,True,True,render_gcs_ingest
930380000016,3,WILL,BOUDH,KANTAMAL,OTHER DEED,15-Sep-2000,15-Sep-2000,,16,2000,True,True,render_gcs_ingest
940889500003,4,MISC,KALAHANDI,BHAWANIPATNA,REGISTRATION OF MARRIAGE U/S 15,25-Jan-1995,25-Jan-1995,,3,1995,True,True,render_gcs_ingest
931080700003,3,WILL,UNKNOWN,UNKNOWN,OTHER DEED,,,,,2007,True,True,render_gcs_ingest
940399700354,4,MISC,CUTTACK,CUTTACK,GENERAL POA WITHOUT PROPERTY,05-Sep-1997,05-Sep-1997,,354,1997,True,True,render_gcs_ingest
941089600844,4,MISC,KHURDA,UNKNOWN,OTHER DEED,,,,844,1996,True,True,render_gcs_ingest
940619700218,4,MISC,UNKNOWN,BERHAMPUR-I,GENERAL POA WITHOUT PROPERTY,30-Jul-1997,30-Jul-1997,,218,1997,True,True,render_gcs_ingest
940399700499,4,MISC,CUTTACK,CUTTACK,OTHER DEED,17-Dec-1997,16-Dec-1997,,499,1997,True,True,render_gcs_ingest
940880200016,4,MISC,KALAHANDI,BHAWANIPATNA,GENERAL POA WITHOUT PROPERTY,18-Mar-2002,18-Mar-2002,,16,2002,True,True,render_gcs_ingest
940739700003,4,MISC,JAGATSINGHPUR,BALIKUDA,CANCELLATION OF POA,19-Feb-1997,19-Feb-1997,,3,1997,True,True,render_gcs_ingest
941080200880,4,MISC,KHURDA,KHURDA(BBSR),GENERAL AGREEMENT,16-Apr-2002,30-Mar-2002,148500,880,2002,True,True,render_gcs_ingest
940109600019,4,MISC,BALASORE,JALESWARPUR,REGISTRATION OF MARRIAGE U/S 15,24-Jul-1996,05-Jun-1996,,19,1996,True,True,render_gcs_ingest
941080200115,4,MISC,KHURDA,KHURDA(BBSR),GENERAL POA WITHOUT PROPERTY,25-Jan-2002,16-Jan-2002,,115,2002,True,True,render_gcs_ingest
940550200027,4,MISC,UNKNOWN,UNKNOWN,GENERAL POA WITHOUT PROPERTY,,,,,2002,True,False,render_gcs_ingest
941089701583,4,MISC,KHURDA,KHURDA(BBSR),GENERAL AGREEMENT,01-Nov-1997,29-Oct-1997,190000,1583,1997,True,True,render_gcs_ingest
940619700128,4,MISC,UNKNOWN,UNKNOWN,GENERAL POA WITHOUT PROPERTY,,,,,1997,True,True,render_gcs_ingest
940880200041,4,MISC,UNKNOWN,UNKNOWN,GENERAL POA WITHOUT PROPERTY,,,,,,True,True,render_gcs_ingest
940069600036,4,MISC,UNKNOWN,UNKNOWN,PARTNERSHIP MORE THAN RS.500,,,,,1996,True,True,render_gcs_ingest
941080200159,4,MISC,KHURDA,KHURDA(BBSR),OTHER DEED,,22-Jan-2002,,159,2002,True,False,render_gcs_ingest
940299500004,4,MISC,UNKNOWN,UNKNOWN,GENERAL POA WITHOUT PROPERTY,,,,,1995,True,True,render_gcs_ingest
941080200088,4,MISC,KHURDA,KHURDA(BBSR),GENERAL POA WITHOUT PROPERTY,19-Jan-2002,19-Jan-2002,,88,2002,True,True,render_gcs_ingest
931080900142,3,WILL,KHURDA,KHURDA(BBSR),OTHER DEED,13-Nov-2009,13-Nov-2009,,142,2009,True,True,render_gcs_ingest
911639800514,1,SALE,SAMBALPUR,KUCHINDA,GIFT IMMOVABLE,16-Nov-1998,15-Nov-1998,8000,514,1998,True,True,render_gcs_ingest
910170801111,1,SALE,BARGARH,UNKNOWN,SALE IMMOVABLE,,,23000,1111,2008,True,True,render_gcs_ingest
911400500517,1,SALE,NAYAGARH,ODAGAON,LEASE ADVANCE WITH RENT IMMOVABLE,10-Sep-2005,10-Sep-2005,0,517,2005,True,True,render_gcs_ingest
910070101684,1,SALE,BALASORE,BALIAPAL,SALE IMMOVABLE,24-Jul-2001,24-Jul-2001,21000,1684,2001,True,True,render_gcs_ingest
910060802523,1,SALE,UNKNOWN,UNKNOWN,RECONVEYANCE OF MORTGAGE,,,,,2008,True,True,render_gcs_ingest
910550700744,1,SALE,UNKNOWN,UNKNOWN,SALE IMMOVABLE,,,17050,,2007,True,True,render_gcs_ingest
910940700788,1,SALE,KENDRAPARA,AUL,SALE IMMOVABLE,30-Sep-2007,30-Sep-2007,,,2007,True,False,render_gcs_ingest
911690800954,1,SALE,UNKNOWN,RAMPUR,SALE IMMOVABLE,23-Nov-2008,23-Nov-2008,23100,954,2008,True,True,render_gcs_ingest
910010301253,1,SALE,UNKNOWN,UNKNOWN,SALE IMMOVABLE,14-Jul-2003,,,,2003,True,True,render_gcs_ingest
910410500955,1,SALE,UNKNOWN,UNKNOWN,SALE IMMOVABLE,20-Jun-2005,,80700,955,2005,True,True,render_gcs_ingest
910050902548,1,SALE,ANGUL,TALCHER,SALE IMMOVABLE,,,180000,,2009,True,True,render_gcs_ingest
911080506025,1,SALE,UNKNOWN,KHURDA(BBSR),RECONVEYANCE OF MORTGAGE,,,,6025,,True,True,render_gcs_ingest
910490900482,1,SALE,UNKNOWN,DEOGARH,GIFT IMMOVABLE,11-Aug-2009,,,482,2009,True,False,render_gcs_ingest
910010503984,1,SALE,UNKNOWN,UNKNOWN,SALE IMMOVABLE,,,,,2005,True,True,render_gcs_ingest
910010301265,1,SALE,UNKNOWN,UNKNOWN,RECONVEYANCE OF MORTGAGE,,,0,,2003,True,True,render_gcs_ingest
910360500711,1,SALE,BOLANGIR,LUISINGA,SALE IMMOVABLE,26-Jun-2005,26-Jun-2005,40000,711,2005,True,True,render_gcs_ingest
910069803709,1,SALE,BALASORE,BALASORE,SALE IMMOVABLE,25-Aug-1998,30-Jul-1998,5600,3709,1998,True,True,render_gcs_ingest
910010905328,1,SALE,UNKNOWN,UNKNOWN,SALE IMMOVABLE,04-Feb-2009,25-Nov-2009,16500,,2009,True,True,render_gcs_ingest
910120401532,1,SALE,UNKNOWN,UNKNOWN,RECONVEYANCE OF MORTGAGE,,,,,2004,True,True,render_gcs_ingest
910010300388,1,SALE,UNKNOWN,UNKNOWN,SALE IMMOVABLE,,,64800,,2003,True,True,render_gcs_ingest
910010504033,1,SALE,UNKNOWN,UNKNOWN,SALE IMMOVABLE,,,,,2005,True,True,render_gcs_ingest
910020301036,1,SALE,ANGUL,UNKNOWN,SALE IMMOVABLE,,,13750,1036,2003,True,True,render_gcs_ingest
931690700008,3,WILL,UNKNOWN,UNKNOWN,OPEN WILL,,17-Aug-2007,,,2007,True,True,render_gcs_ingest
931480600056,3,WILL,PURI,PURI,OPEN WILL,27-Dec-2006,27-Dec-2006,,56,2006,True,True,render_gcs_ingest
930370400001,3,WILL,BOUDH,BOUDH,OPEN WILL,02-Jan-2004,02-Jan-2004,,1,2004,True,True,render_gcs_ingest
930600600146,3,WILL,UNKNOWN,UNKNOWN,OPEN WILL,21-Jul-2006,,,,2006,True,True,render_gcs_ingest
931680100004,3,WILL,UNKNOWN,BINIKA,OPEN WILL,21-Mar-2001,21-Mar-2001,,,2001,True,False,render_gcs_ingest
930390400048,3,WILL,UNKNOWN,UNKNOWN,OPEN WILL,,,,,2004,True,True,render_gcs_ingest
931699700006,3,WILL,SUBARNAPUR,RAMPUR,OPEN WILL,11-Apr-1997,11-Apr-1997,,6,1997,True,True,render_gcs_ingest
931629700032,3,WILL,SAMBALPUR,SAMBALPUR,OPEN WILL,02-May-1997,29-Apr-1997,,32,1997,True,True,render_gcs_ingest
930620100033,3,WILL,UNKNOWN,UNKNOWN,OPEN WILL,,,,,2001,True,True,render_gcs_ingest
931200800005,3,WILL,UNKNOWN,UNKNOWN,OPEN WILL,,,,,2008,True,True,render_gcs_ingest
930310000036,3,WILL,UNKNOWN,UNKNOWN,OPEN WILL,,,,,,True,True,render_gcs_ingest
931400200002,3,WILL,UNKNOWN,ODAGAON,OPEN WILL,18-Jan-2002,,,2,2002,True,True,render_gcs_ingest
930619500077,3,WILL,UNKNOWN,UNKNOWN,OPEN WILL,,,,,,True,True,render_gcs_ingest
930559800015,3,WILL,UNKNOWN,UNKNOWN,OPEN WILL,,,,,1998,True,True,render_gcs_ingest
931000900023,3,WILL,KEONJHAR,KEONJHAR,OPEN WILL,08-Jul-2009,08-Jul-2009,,23,2009,True,True,render_gcs_ingest
931700900067,3,WILL,SUNDARGARH,UNKNOWN,OPEN WILL,,,,,2009,True,True,render_gcs_ingest
931449500008,3,WILL,KANDHAMAL,PHULBANI,CANCELLATION OF OPEN WILL,05-Dec-1995,05-Dec-1995,,8,1995,True,True,render_gcs_ingest
930889600009,3,WILL,KALAHANDI,BHAWANIPATNA,OPEN WILL,16-Aug-1996,16-Aug-1996,40000,9,1996,True,True,render_gcs_ingest
931539600005,3,WILL,UNKNOWN,UNKNOWN,OPEN WILL,,,,,1996,True,True,render_gcs_ingest
930600200108,3,WILL,UNKNOWN,UNKNOWN,OPEN WILL,22-May-2002,22-May-2002,,,2002,True,True,render_gcs_ingest
940489500008,4,MISC,UNKNOWN,TIGIRIA,ADOPTION,19-Aug-1995,,,8,1995,True,True,render_gcs_ingest
930610700164,3,WILL,UNKNOWN,UNKNOWN,CANCELLATION OF OPEN WILL,,,,,2007,True,True,render_gcs_ingest
940460200008,4,MISC,CUTTACK,NIALI,REGISTRATION OF MARRIAGE U/S 15,15-Mar-2002,15-Mar-2002,,,2002,True,True,render_gcs_ingest
941080200150,4,MISC,UNKNOWN,UNKNOWN,GENERAL AGREEMENT,,,,,2002,True,True,render_gcs_ingest
940579700010,4,MISC,UNKNOWN,UNKNOWN,GENERAL POA WITHOUT PROPERTY,,,,10,1997,True,True,render_gcs_ingest
941089800120,4,MISC,KHURDA,UNKNOWN,OTHER DEED,21-Jan-1998,,,,1998,True,True,render_gcs_ingest
940739700004,4,MISC,UNKNOWN,UNKNOWN,REGISTRATION OF MARRIAGE U/S 15,,,,,,True,False,render_gcs_ingest
940619700020,4,MISC,UNKNOWN,UNKNOWN,OTHER DEED,,,,,1997,True,True,render_gcs_ingest
940550200033,4,MISC,UNKNOWN,UNKNOWN,GENERAL POA WITHOUT PROPERTY,,,,,2002,True,True,render_gcs_ingest
940090200039,4,MISC,UNKNOWN,UNKNOWN,GENERAL AGREEMENT,,,,,2002,True,True,render_gcs_ingest
940469700014,4,MISC,UNKNOWN,UNKNOWN,REGISTRATION OF MARRIAGE U/S 15,,,,,1997,True,True,render_gcs_ingest
940130200001,4,MISC,BALASORE,SIMULIA,GENERAL AGREEMENT,26-Mar-2002,26-Mar-2002,30000,1,2002,True,True,render_gcs_ingest
940749600011,4,MISC,JAGATSINGHPUR,DEBIDOL,OTHER DEED,26-Jun-1996,26-Jun-1996,,11,1996,True,True,render_gcs_ingest
940729800048,4,MISC,JAGATSINGHPUR,JAGATSINGHPUR,GENERAL POA WITHOUT PROPERTY,23-Nov-1998,23-Nov-1998,,48,1998,True,True,render_gcs_ingest
940399800297,4,MISC,UNKNOWN,UNKNOWN,REGISTRATION OF MARRIAGE U/S 15,,,,,1998,True,True,render_gcs_ingest
940109500067,4,MISC,UNKNOWN,UNKNOWN,POA WITHOUT POSSESSION,,,,,,True,True,render_gcs_ingest
940989700007,4,MISC,KENDRAPARA,RAJNAGAR,GENERAL POA WITHOUT PROPERTY,04-Mar-1997,04-Mar-1997,,7,1997,True,True,render_gcs_ingest
940399500294,4,MISC,CUTTACK,UNKNOWN,GENERAL AGREEMENT,18-Oct-1995,,,294,1995,True,True,render_gcs_ingest
911580801581,1,SALE,RAYAGADA,RAYAGADA,SALE CANCELLATION EXECUTANT (IMMOVABLE),,,203700,1581,2008,True,True,render_gcs_ingest
910060305142,1,SALE,BALASORE,BALASORE,LEASE ADVANCE WITH RENT IMMOVABLE,,,1500,5142,2003,True,True,render_gcs_ingest
910049800188,1,SALE,ANGUL,PALLAHARA,SALE IMMOVABLE,17-Jul-1998,17-Jul-1998,6000,188,1998,True,True,render_gcs_ingest
910020300802,1,SALE,UNKNOWN,UNKNOWN,SALE IMMOVABLE,,,,,2003,True,True,render_gcs_ingest
940699600020,4,MISC,UNKNOWN,UNKNOWN,SALE IMMOVABLE,,,,,1996,True,True,render_gcs_ingest
911600800135,1,SALE,RAYAGADA,GUNUPUR,SALE CANCELLATION EXECUTANT (MOVABLE),,17-Feb-2008,37760,,2008,True,True,render_gcs_ingest
910420500028,1,SALE,CUTTACK,BADAMBA,LEASE WITH ADVANCE ONLY(IMMOVABLE),,18-Dec-2005,1200,28,2005,True,True,render_gcs_ingest
910020500572,1,SALE,ANGUL,ATHAMALLIK,SALE IMMOVABLE,27-Jul-2005,27-Jul-2005,0,572,2005,True,True,render_gcs_ingest
910010503589,1,SALE,UNKNOWN,UNKNOWN,SALE IMMOVABLE,,30-Sep-2005,45000,,2005,True,False,render_gcs_ingest
910010201201,1,SALE,UNKNOWN,UNKNOWN,SALE IMMOVABLE,,,,,2002,True,True,render_gcs_ingest
910010500646,1,SALE,UNKNOWN,UNKNOWN,SALE IMMOVABLE,20-Apr-2005,,0,646,2005,True,True,render_gcs_ingest
910070701320,1,SALE,BALASORE,BALIAPAL,SALE IMMOVABLE,24-Jul-2007,24-Jul-2007,25000,1320,2007,True,True,render_gcs_ingest
910010904837,1,SALE,ANGUL,UNKNOWN,SALE IMMOVABLE,,,178090,,2009,True,True,render_gcs_ingest
910010400655,1,SALE,ANGUL,UNKNOWN,SALE IMMOVABLE,23-Mar-2004,27-Feb-2004,12740,,2004,True,True,render_gcs_ingest
910010902447,1,SALE,UNKNOWN,UNKNOWN,SALE IMMOVABLE,,,0,2447,2009,True,True,render_gcs_ingest
940989600005,4,MISC,UNKNOWN,RAJNAGAR,SALE IMMOVABLE,27-Sep-1996,24-Aug-1996,20000,5,1996,True,False,render_gcs_ingest
910050700077,1,SALE,UNKNOWN,UNKNOWN,SALE IMMOVABLE,,,,,2007,True,True,render_gcs_ingest
930610600188,3,WILL,UNKNOWN,UNKNOWN,OPEN WILL,02-Nov-2006,,,188,2006,True,True,render_gcs_ingest
930590900028,3,WILL,UNKNOWN,BHANJANAGAR,OPEN WILL,,23-Jun-2009,,28,2009,True,True,render_gcs_ingest
930069900003,3,WILL,BALASORE,BALASORE,OPEN WILL,04-Mar-1999,04-Mar-1999,,3,1999,True,True,render_gcs_ingest
931700900165,3,WILL,UNKNOWN,UNKNOWN,OPEN WILL,04-Sep-2009,04-Sep-2009,,,2009,True,True,render_gcs_ingest
931129900003,3,WILL,KHURDA,JATANI,CANCELLATION OF OPEN WILL,26-Nov-1999,26-Nov-1999,,3,1999,True,True,render_gcs_ingest
930650900023,3,WILL,UNKNOWN,UNKNOWN,OPEN WILL,13-Nov-2009,13-Nov-2009,,,2009,True,True,render_gcs_ingest
931620500036,3,WILL,UNKNOWN,UNKNOWN,OPEN WILL,,,,36,2005,True,True,render_gcs_ingest
931160900006,3,WILL,UNKNOWN,UNKNOWN,OPEN WILL,,,,,2009,True,True,render_gcs_ingest
930670000004,3,WILL,UNKNOWN,UNKNOWN,OPEN WILL,,,,,2000,True,True,render_gcs_ingest
941480200334,4,MISC,PURI,PURI,ADOPTION,,05-Aug-2002,,334,2002,True,True,render_gcs_ingest
931120700001,3,WILL,UNKNOWN,UNKNOWN,OPEN WILL,,,,,,True,True,render_gcs_ingest
930270100003,3,WILL,BHADRAK,CHANDBALI,OPEN WILL,15-Sep-2001,15-Sep-2001,,3,2001,True,True,render_gcs_ingest
931580400004,3,WILL,RAYAGADA,RAYAGADA,OPEN WILL,14-Apr-2004,14-Apr-2004,,4,2004,True,True,render_gcs_ingest
930310900013,3,WILL,BOLANGIR,BALANGIR,OPEN WILL,03-Feb-2009,03-Feb-2009,,13,2009,True,True,render_gcs_ingest
930390300044,3,WILL,UNKNOWN,UNKNOWN,OPEN WILL,,,,,2003,True,False,render_gcs_ingest
931200000020,3,WILL,KORAPUT,UNKNOWN,OPEN WILL,17-May-2000,17-May-2000,,20,2000,True,True,render_gcs_ingest
930559500021,3,WILL,UNKNOWN,UNKNOWN,OPEN WILL,,,,21,1995,True,True,render_gcs_ingest
930860900076,3,WILL,UNKNOWN,UNKNOWN,OPEN WILL,,,,,2009,True,True,render_gcs_ingest
940259700003,4,MISC,BHADRAK,BHANDARIPOKHARI,ADOPTION,26-Jun-1997,23-May-1997,,3,1997,True,True,render_gcs_ingest
931130800004,3,WILL,UNKNOWN,UNKNOWN,OPEN WILL,,,,,2008,True,True,render_gcs_ingest
940609500194,4,MISC,UNKNOWN,UNKNOWN,GENERAL POA WITHOUT PROPERTY,,,,,,True,True,render_gcs_ingest
940759700012,4,MISC,UNKNOWN,UNKNOWN,REGISTRATION OF MARRIAGE U/S 15,,,,,1997,True,True,render_gcs_ingest
941080200960,4,MISC,KHURDA,UNKNOWN,OTHER DEED,25-Apr-2002,,,960,2002,True,True,render_gcs_ingest
940069500102,4,MISC,UNKNOWN,UNKNOWN,GENERAL POA WITHOUT PROPERTY,,,,,1995,True,True,render_gcs_ingest
940760200005,4,MISC,JAGATSINGHPUR,RAGHUNATHPUR,GENERAL POA WITHOUT PROPERTY,01-Jun-2002,01-Jun-2002,,5,2002,True,True,render_gcs_ingest
940579700008,4,MISC,UNKNOWN,UNKNOWN,GENERAL POA WITHOUT PROPERTY,,,,,1997,True,True,render_gcs_ingest
940079700044,4,MISC,UNKNOWN,BALIAPAL,REGISTRATION OF MARRIAGE U/S 15,,,,44,1997,True,False,render_gcs_ingest
940069800148,4,MISC,UNKNOWN,UNKNOWN,POA WITHOUT POSSESSION,,,,,1998,True,True,render_gcs_ingest
940619800098,4,MISC,UNKNOWN,UNKNOWN,GENERAL POA WITHOUT PROPERTY,,,,,1998,True,True,render_gcs_ingest
941080200510,4,MISC,UNKNOWN,UNKNOWN,GENERAL AGREEMENT,,,,,2002,True,True,render_gcs_ingest
941080200052,4,MISC,UNKNOWN,UNKNOWN,CANCELLATION OF POA,,,,,2002,True,True,render_gcs_ingest
940799600023,4,MISC,JAJPUR,BARACHANA,GENERAL POA WITHOUT PROPERTY,30-Aug-1996,30-Aug-1996,,23,1996,True,True,render_gcs_ingest
941089700153,4,MISC,UNKNOWN,UNKNOWN,GENERAL POA WITHOUT PROPERTY,,,,,1997,True,True,render_gcs_ingest
940079700010,4,MISC,BALASORE,BALIAPAL,REGISTRATION OF MARRIAGE U/S 15,18-Mar-1997,10-Mar-1997,,10,1997,True,True,render_gcs_ingest
941080200321,4,MISC,UNKNOWN,UNKNOWN,BOND WITH PROPERTY,,,,,2002,True,True,render_gcs_ingest
940399700433,4,MISC,UNKNOWN,UNKNOWN,OTHER DEED,,,,,1997,True,True,render_gcs_ingest
910010503192,1,SALE,UNKNOWN,UNKNOWN,OTHER DEED,,16-Aug-2005,2100,,2005,True,True,render_gcs_ingest
940069600064,4,MISC,BALASORE,UNKNOWN,AGREEMENT WITH PROPERTY,,22-Feb-1996,,64,1996,True,True,render_gcs_ingest
940959500001,4,MISC,KENDRAPARA,GARADPUR,BOND WITH PROPERTY,13-Jan-1995,13-Jan-1995,,1,1995,True,True,render_gcs_ingest
940399700132,4,MISC,UNKNOWN,UNKNOWN,BOND WITH PROPERTY,,,,,1997,True,True,render_gcs_ingest
940810200012,4,MISC,UNKNOWN,UNKNOWN,PARTNERSHIP MORE THAN RS.500,,,,,,True,True,render_gcs_ingest
940379700014,4,MISC,BOUDH,BOUDH,REGISTRATION OF MARRIAGE U/S 15,07-Apr-1997,07-Apr-1997,,14,1997,True,True,render_gcs_ingest
940109500002,4,MISC,BALASORE,JALESWARPUR,GENERAL POA WITHOUT PROPERTY,16-Jan-1995,01-Sep-1995,,2,1995,True,False,render_gcs_ingest
911670500355,1,SALE,SUBARNAPUR,UNKNOWN,SALE IMMOVABLE,,,,,2005,True,True,render_gcs_ingest
910010501631,1,SALE,UNKNOWN,UNKNOWN,GIFT IMMOVABLE,,,,,2005,True,True,render_gcs_ingest
911370702847,1,SALE,UNKNOWN,UNKNOWN,SALE IMMOVABLE,,,,,2007,True,True,render_gcs_ingest
910060505722,1,SALE,UNKNOWN,UNKNOWN,MORTGAGE WITHOUT POSSESION,,,,,2005,True,True,render_gcs_ingest
910620100858,1,SALE,UNKNOWN,UNKNOWN,SALE IMMOVABLE,,,0,,2001,True,True,render_gcs_ingest
910010701109,1,SALE,UNKNOWN,UNKNOWN,SALE IMMOVABLE,,,,,2007,True,True,render_gcs_ingest
910280801005,1,SALE,UNKNOWN,UNKNOWN,SALE IMMOVABLE,,,36000,,2008,True,True,render_gcs_ingest
910010703260,1,SALE,UNKNOWN,UNKNOWN,SALE IMMOVABLE,,,16000,,2007,True,True,render_gcs_ingest
910010704767,1,SALE,UNKNOWN,UNKNOWN,SALE IMMOVABLE,05-Dec-2007,30-Oct-2007,,,2007,True,True,render_gcs_ingest
910030000779,1,SALE,UNKNOWN,CHHENDIPADA,SALE IMMOVABLE,07-Nov-2000,07-Nov-2000,3480,779,2000,True,False,render_gcs_ingest
910010701059,1,SALE,UNKNOWN,UNKNOWN,SALE IMMOVABLE,,,,,,True,True,render_gcs_ingest
911230700011,1,SALE,MALKANGIRI,MALKANAGIRI,LEASE WITH ADVANCE ONLY(IMMOVABLE),08-Sep-2007,08-Sep-2007,0,,2007,True,True,render_gcs_ingest
910540400651,1,SALE,DHENKANAL,BHUBAN,SALE IMMOVABLE,14-Feb-2004,14-Feb-2004,12000,651,2004,True,True,render_gcs_ingest
910040300263,1,SALE,ANGUL,PALLAHARA,SALE IMMOVABLE,27-May-2003,21-May-2003,38500,263,2003,True,True,render_gcs_ingest
910060504980,1,SALE,UNKNOWN,UNKNOWN,LEASE ADVANCE WITH RENT IMMOVABLE,,,,,2005,True,True,render_gcs_ingest
910130800374,1,SALE,BALASORE,SIMULIA,SALE IMMOVABLE,10-May-2008,10-May-2008,10500,374,2008,True,True,render_gcs_ingest
910010704850,1,SALE,UNKNOWN,UNKNOWN,SALE IMMOVABLE,11-Dec-2007,,40500,4850,2007,True,True,render_gcs_ingest
910030501058,1,SALE,ANGUL,CHHENDIPADA,SALE IMMOVABLE,09-Sep-2005,09-Sep-2005,11040,1058,2005,True,True,render_gcs_ingest
910060706165,1,SALE,BALASORE,BALASORE,SALE IMMOVABLE,27-Dec-2007,27-Dec-2007,20880,6165,2007,True,True,render_gcs_ingest
910010903249,1,SALE,UNKNOWN,UNKNOWN,SALE IMMOVABLE,,,,3249,2009,True,True,render_gcs_ingest
941080200494,4,MISC,KHURDA,UNKNOWN,GENERAL POA WITHOUT PROPERTY,04-Mar-2002,04-Mar-2002,,494,2002,True,True,render_gcs_ingest
940600200419,4,MISC,UNKNOWN,UNKNOWN,OTHER DEED,,,,419,2002,True,True,render_gcs_ingest
940069500106,4,MISC,UNKNOWN,UNKNOWN,GENERAL POA WITHOUT PROPERTY,,,,,1995,True,True,render_gcs_ingest
940619700425,4,MISC,UNKNOWN,UNKNOWN,GENERAL POA WITHOUT PROPERTY,09-Dec-1997,09-Dec-1997,,,1997,True,True,render_gcs_ingest
940479700030,4,MISC,CUTTACK,SALIPUR,GENERAL POA WITHOUT PROPERTY,30-Dec-1997,30-Dec-1997,,30,1997,True,True,render_gcs_ingest
940390200619,4,MISC,UNKNOWN,UNKNOWN,GENERAL AGREEMENT,,,,,2002,True,True,render_gcs_ingest
940729500006,4,MISC,JAGATSINGHPUR,JAGATSINGHPUR,BOND WITH PROPERTY,16-Mar-1995,09-Dec-1995,14400,6,1995,True,True,render_gcs_ingest
940079500018,4,MISC,BALASORE,BALIAPAL,REGISTRATION OF MARRIAGE U/S 15,20-Jun-1995,20-Jun-1995,,18,1995,True,False,render_gcs_ingest
940619600064,4,MISC,UNKNOWN,UNKNOWN,GENERAL POA WITHOUT PROPERTY,,,,,1996,True,True,render_gcs_ingest
941009500007,4,MISC,KEONJHAR,KEONJHAR,GENERAL POA WITHOUT PROPERTY,27-Jan-1995,27-Jan-1995,,7,1995,True,False,render_gcs_ingest
911160700304,1,SALE,KHURDA,BOLAGARH,GENERAL AGREEMENT,24-Apr-2007,29-Apr-2007,6000,304,2007,True,True,render_gcs_ingest
910020301191,1,SALE,UNKNOWN,UNKNOWN,SALE IMMOVABLE,,,,,,True,True,render_gcs_ingest
910020300872,1,SALE,ANGUL,UNKNOWN,SALE IMMOVABLE,22-May-2003,22-May-2003,17400,,2003,True,True,render_gcs_ingest
910100800801,1,SALE,BALASORE,JALESWARPUR,SALE IMMOVABLE,10-Apr-2008,10-Apr-2008,45620,801,2008,True,False,render_gcs_ingest
910010800927,1,SALE,UNKNOWN,UNKNOWN,SALE IMMOVABLE,,,,,2008,True,True,render_gcs_ingest
910010700155,1,SALE,UNKNOWN,UNKNOWN,SALE IMMOVABLE,,,300000,,2007,True,True,render_gcs_ingest
910010704390,1,SALE,UNKNOWN,UNKNOWN,SALE IMMOVABLE,07-Nov-2007,25-Sep-2007,61000,4390,2007,True,True,render_gcs_ingest
910010900752,1,SALE,UNKNOWN,UNKNOWN,SALE IMMOVABLE,,12-Feb-2009,,,2009,True,True,render_gcs_ingest
910010701069,1,SALE,UNKNOWN,UNKNOWN,SALE IMMOVABLE,30-Mar-2007,,,,2007,True,True,render_gcs_ingest
910060004719,1,SALE,BALASORE,UNKNOWN,SALE IMMOVABLE,,,,,2000,True,True,render_gcs_ingest
910010802791,1,SALE,UNKNOWN,UNKNOWN,SALE IMMOVABLE,,,,,2008,True,True,render_gcs_ingest
910050700875,1,SALE,UNKNOWN,UNKNOWN,SALE IMMOVABLE,,,,,2007,True,True,render_gcs_ingest
910770601387,1,SALE,JAGATSINGHPUR,TIRTOL,LEASE WITH ADVANCE ONLY(IMMOVABLE),12-Nov-2006,12-Nov-2006,2400,1387,2006,True,True,render_gcs_ingest
911610700148,1,SALE,UNKNOWN,KASIPUR,SALE IMMOVABLE,11-Feb-2007,11-Feb-2007,40000,,2007,True,True,render_gcs_ingest
940619700424,4,MISC,UNKNOWN,UNKNOWN,GENERAL POA WITHOUT PROPERTY,,,,,1997,True,True,render_gcs_ingest
940399700316,4,MISC,UNKNOWN,UNKNOWN,REGISTRATION OF MARRIAGE U/S 15,,,,,1997,True,True,render_gcs_ingest
910050700540,1,SALE,ANGUL,UNKNOWN,GENERAL AGREEMENT,26-Jun-2007,28-Apr-2007,13200,540,2007,True,False,render_gcs_ingest
910150501969,1,SALE,UNKNOWN,UNKNOWN,SALE IMMOVABLE,,,,,2005,True,True,render_gcs_ingest
910930702527,1,SALE,KENDRAPARA,KENDRAPARA,SALE IMMOVABLE,02-Sep-2007,02-Sep-2007,20000,2527,2007,True,True,render_gcs_ingest
910010905032,1,SALE,UNKNOWN,UNKNOWN,SALE IMMOVABLE,,09-Nov-2009,,,2009,True,True,render_gcs_ingest
911690900022,1,SALE,SUBARNAPUR,UNKNOWN,MORTGAGE WITH POSSESION,,,96000,,2009,True,False,render_gcs_ingest
911700800937,1,SALE,UNKNOWN,UNKNOWN,RECONVEYANCE OF MORTGAGE,,,,,2008,True,True,render_gcs_ingest
910060904361,1,SALE,BALASORE,BALASORE,SALE IMMOVABLE,23-Jul-2009,23-Jul-2009,82500,4361,2009,True,True,render_gcs_ingest
910010500351,1,SALE,UNKNOWN,UNKNOWN,SALE IMMOVABLE,,,,,2005,True,True,render_gcs_ingest
910010700069,1,SALE,UNKNOWN,UNKNOWN,MORTGAGE WITHOUT POSSESION,,,100000,,2007,True,True,render_gcs_ingest
910950101590,1,SALE,KENDRAPARA,GARADPUR,SALE IMMOVABLE,14-Oct-2001,14-Oct-2001,3100,1590,2001,True,False,render_gcs_ingest
910010503016,1,SALE,UNKNOWN,UNKNOWN,SALE IMMOVABLE,,,,,2005,True,True,render_gcs_ingest
910530301845,1,SALE,UNKNOWN,HINDOL,SALE IMMOVABLE,08-Mar-2003,08-Mar-2003,14500,1845,2003,True,False,render_gcs_ingest
910200400912,1,SALE,BARGARH,BHATLI,SALE IMMOVABLE,,,20300,912,2004,True,True,render_gcs_ingest
910090502974,1,SALE,UNKNOWN,JALESWAR,SALE IMMOVABLE,15-Nov-2005,15-Nov-2005,0,,2005,True,True,render_gcs_ingest
910010701731,1,SALE,UNKNOWN,UNKNOWN,SALE IMMOVABLE,,,,,2007,True,True,render_gcs_ingest
910010803323,1,SALE,UNKNOWN,UNKNOWN,SALE IMMOVABLE,,,,,2008,True,False,render_gcs_ingest
910010704198,1,SALE,ANGUL,UNKNOWN,SALE IMMOVABLE,27-Oct-2007,,,,2007,True,True,render_gcs_ingest
910010904301,1,SALE,ANGUL,UNKNOWN,SALE IMMOVABLE,,,18000,,2009,True,True,render_gcs_ingest
910540300843,1,SALE,UNKNOWN,UNKNOWN,SALE IMMOVABLE,06-Feb-2003,,7500,843,2003,True,True,render_gcs_ingest
910059800251,1,SALE,ANGUL,TALCHER,SALE IMMOVABLE,,05-Dec-1998,5250,251,1998,True,True,render_gcs_ingest
910840500145,1,SALE,UNKNOWN,SUKINDA,SALE IMMOVABLE,09-Jul-2005,09-Jul-2005,63800,145,2005,True,True,render_gcs_ingest
910010300006,1,SALE,UNKNOWN,UNKNOWN,SALE IMMOVABLE,,01-Jan-2003,,,2003,True,True,render_gcs_ingest
910250400010,1,SALE,UNKNOWN,UNKNOWN,GIFT IMMOVABLE,,,,,2004,True,True,render_gcs_ingest
910019500982,1,SALE,UNKNOWN,UNKNOWN,SALE IMMOVABLE,,,0,,1995,True,True,render_gcs_ingest
910340700869,1,SALE,BOLANGIR,KANTABANJHI,SALE IMMOVABLE,06-May-2007,06-May-2007,3000,869,2007,True,True,render_gcs_ingest
910010502198,1,SALE,UNKNOWN,UNKNOWN,MORTGAGE WITHOUT POSSESION,,,,,2005,True,True,render_gcs_ingest
911430501824,1,SALE,UNKNOWN,UNKNOWN,LEASE ADVANCE WITH RENT IMMOVABLE,02-Oct-2005,02-Oct-2005,2500,1824,2005,True,True,render_gcs_ingest
911280500497,1,SALE,UNKNOWN,BETNOTI,SALE CANCELLATION EXECUTANT (MOVABLE),17-Apr-2005,17-Apr-2005,,497,2005,True,True,render_gcs_ingest
911480200192,1,SALE,UNKNOWN,PURI,SALE IMMOVABLE,,,,192,2002,True,True,render_gcs_ingest
910010701342,1,SALE,UNKNOWN,UNKNOWN,RECONVEYANCE OF MORTGAGE,,,0,,2007,True,True,render_gcs_ingest
910060905330,1,SALE,BALASORE,BALASORE,SALE IMMOVABLE,,,13200,,2009,True,False,render_gcs_ingest
910010300695,1,SALE,UNKNOWN,UNKNOWN,SALE IMMOVABLE,,,54250,,2003,True,True,render_gcs_ingest
910020500528,1,SALE,ANGUL,UNKNOWN,SALE IMMOVABLE,13-Jul-2005,13-Jul-2005,17500,,2005,True,True,render_gcs_ingest
910040700348,1,SALE,UNKNOWN,PALLAHARA,SALE IMMOVABLE,27-Sep-2007,,39000,,2007,True,False,render_gcs_ingest
910010902394,1,SALE,UNKNOWN,UNKNOWN,SALE IMMOVABLE,23-Jul-2009,28-May-2009,104500,,2009,True,True,render_gcs_ingest
910010201365,1,SALE,ANGUL,UNKNOWN,SALE IMMOVABLE,,03-May-2002,0,,2002,True,True,render_gcs_ingest
910010704217,1,SALE,UNKNOWN,UNKNOWN,SALE IMMOVABLE,29-Nov-2007,,31500,4217,2007,True,True,render_gcs_ingest
910040300337,1,SALE,ANGUL,PALLAHARA,LEASE ADVANCE WITH RENT IMMOVABLE,25-Jun-2003,20-Jun-2003,13200,337,2003,True,True,render_gcs_ingest
911140301659,1,SALE,UNKNOWN,UNKNOWN,SALE IMMOVABLE,,,,,,True,True,render_gcs_ingest
910010503524,1,SALE,UNKNOWN,UNKNOWN,SALE IMMOVABLE,,,100000,,2005,True,True,render_gcs_ingest
911620502237,1,SALE,UNKNOWN,UNKNOWN,GIFT IMMOVABLE,,07-Aug-2005,,,2005,True,True,render_gcs_ingest
910010900146,1,SALE,UNKNOWN,UNKNOWN,SALE IMMOVABLE,,13-Jan-2009,0,,2009,True,True,render_gcs_ingest
910040300119,1,SALE,UNKNOWN,UNKNOWN,SALE IMMOVABLE,31-Mar-2003,,,,2003,True,True,render_gcs_ingest
911220500202,1,SALE,UNKNOWN,NANDPUR(POTTANGI),SALE IMMOVABLE,13-May-2005,,,202,2005,True,True,render_gcs_ingest
910010904069,1,SALE,UNKNOWN,UNKNOWN,SALE IMMOVABLE,,08-Sep-2009,,,2009,True,True,render_gcs_ingest
910010905570,1,SALE,UNKNOWN,UNKNOWN,SALE IMMOVABLE,,,,,2009,True,True,render_gcs_ingest
910010703234,1,SALE,UNKNOWN,UNKNOWN,SALE IMMOVABLE,,13-Aug-2007,68000,,2007,True,True,render_gcs_ingest
910120801385,1,SALE,UNKNOWN,UNKNOWN,SALE IMMOVABLE,26-Oct-2008,26-Oct-2008,28350,1385,2008,True,True,render_gcs_ingest
911410301126,1,SALE,UNKNOWN,UNKNOWN,SALE IMMOVABLE,26-Dec-2003,25-Dec-2003,25000,,2003,True,True,render_gcs_ingest
911340500041,1,SALE,NABARANGPUR,UNKNOWN,SALE IMMOVABLE,,,,41,2005,True,True,render_gcs_ingest
911670801018,1,SALE,UNKNOWN,UNKNOWN,SALE IMMOVABLE,,,,,2008,True,True,render_gcs_ingest
910049800294,1,SALE,UNKNOWN,UNKNOWN,GIFT IMMOVABLE,,,,,1998,True,True,render_gcs_ingest
910060504524,1,SALE,BALASORE,BALASORE,GIFT IMMOVABLE,06-Jun-2005,06-Jun-2005,0,4524,2005,True,True,render_gcs_ingest
910039600373,1,SALE,UNKNOWN,UNKNOWN,SALE IMMOVABLE,,,,,1996,True,True,render_gcs_ingest
910010500008,1,SALE,UNKNOWN,UNKNOWN,SALE IMMOVABLE,16-Feb-2005,03-Jan-2005,,8,2005,True,True,render_gcs_ingest
910010902970,1,SALE,UNKNOWN,UNKNOWN,SALE IMMOVABLE,,29-Jun-2009,,,2009,True,True,render_gcs_ingest
910050902533,1,SALE,UNKNOWN,UNKNOWN,SALE IMMOVABLE,04-Nov-2009,04-Nov-2009,,,2009,True,True,render_gcs_ingest
911130506888,1,SALE,UNKNOWN,UNKNOWN,SALE IMMOVABLE,,,,,,True,True,render_gcs_ingest
910610203855,1,SALE,UNKNOWN,BERHAMPUR-I,SALE IMMOVABLE,,10-Feb-2002,,3855,2002,True,True,render_gcs_ingest
910020500109,1,SALE,ANGUL,ATHAMALLIK,SALE IMMOVABLE,10-Feb-2005,10-Feb-2005,0,109,2005,True,True,render_gcs_ingest
910820703380,1,SALE,JAJPUR,DOLIPUR,SALE IMMOVABLE,09-Nov-2007,09-Nov-2007,111000,3380,2007,True,True,render_gcs_ingest
910010700958,1,SALE,UNKNOWN,UNKNOWN,SALE IMMOVABLE,,26-Mar-2007,52500,,2007,True,True,render_gcs_ingest
910320401755,1,SALE,BOLANGIR,PATNAGARH,SALE IMMOVABLE,15-Feb-2004,15-Feb-2004,10500,1755,2004,True,True,render_gcs_ingest
910010702241,1,SALE,UNKNOWN,UNKNOWN,SALE IMMOVABLE,,31-May-2007,3000,,2007,True,True,render_gcs_ingest
910010301554,1,SALE,ANGUL,UNKNOWN,SALE IMMOVABLE,,30-Jun-2003,3850,,2003,True,True,render_gcs_ingest
910780501698,1,SALE,JAJPUR,JAJPUR,RECONVEYANCE OF MORTGAGE,18-Sep-2005,18-Sep-2005,50000,1698,2005,True,True,render_gcs_ingest
910019500735,1,SALE,UNKNOWN,UNKNOWN,SALE IMMOVABLE,,,0,,1995,True,True,render_gcs_ingest
910930503022,1,SALE,UNKNOWN,UNKNOWN,SALE IMMOVABLE,27-Nov-2005,27-Nov-2005,9100,3022,2005,True,True,render_gcs_ingest
910010502635,1,SALE,UNKNOWN,UNKNOWN,SALE IMMOVABLE,,,,2635,2005,True,True,render_gcs_ingest
911170800336,1,SALE,KORAPUT,KORAPUT(JEYPORE),SALE IMMOVABLE,20-Feb-2008,20-Jan-2008,1000,336,2008,True,True,render_gcs_ingest
910060105793,1,SALE,BALASORE,BALASORE,MORTGAGE WITHOUT POSSESION,10-Dec-2001,07-Dec-2001,40000,5793,2001,True,True,render_gcs_ingest
910070400853,1,SALE,BALASORE,BALIAPAL,GIFT IMMOVABLE,24-Apr-2004,24-Apr-2004,27000,853,2004,True,True,render_gcs_ingest
911350500174,1,SALE,NABARANGPUR,KODINGA,SALE IMMOVABLE,14-Jun-2005,14-Jun-2005,4370,,2005,True,True,render_gcs_ingest
910460301069,1,SALE,CUTTACK,NIALI,SALE IMMOVABLE,06-Jul-2003,06-Jul-2003,1800,1069,2003,True,True,render_gcs_ingest
910060502284,1,SALE,BALASORE,BALASORE,LEASE ADVANCE WITH RENT IMMOVABLE,17-Mar-2005,17-Mar-2005,3075,2284,2005,True,True,render_gcs_ingest
910530400567,1,SALE,DHENKANAL,HINDOL,SALE IMMOVABLE,,,,567,,True,True,render_gcs_ingest
911220200464,1,SALE,KORAPUT,NANDPUR(POTTANGI),SALE IMMOVABLE,10-Nov-2002,10-Nov-2002,5000,464,2002,True,True,render_gcs_ingest
911730300527,1,SALE,UNKNOWN,BIRAMITRAPUR,SALE IMMOVABLE,23-Jan-2003,23-Jan-2003,,,2003,True,True,render_gcs_ingest
910010704839,1,SALE,UNKNOWN,UNKNOWN,SALE IMMOVABLE,,,2100,4839,2007,True,True,render_gcs_ingest
910010503181,1,SALE,UNKNOWN,UNKNOWN,SALE IMMOVABLE,22-Sep-2005,,,,2005,True,True,render_gcs_ingest
910069700350,1,SALE,BALASORE,BALASORE,SALE IMMOVABLE,30-Jan-1997,28-Jan-1997,38500,350,1997,True,True,render_gcs_ingest
910060305537,1,SALE,BALASORE,BALASORE,LEASE WITH ADVANCE ONLY(IMMOVABLE),,,1500,,2003,True,True,render_gcs_ingest
910010902752,1,SALE,UNKNOWN,UNKNOWN,GIFT IMMOVABLE,,17-Jun-2009,,,2009,True,True,render_gcs_ingest
910010301229,1,SALE,UNKNOWN,UNKNOWN,SALE IMMOVABLE,,,,,2003,True,True,render_gcs_ingest
910020300532,1,SALE,ANGUL,ATHAMALLIK,SALE IMMOVABLE,27-Feb-2003,27-Feb-2003,8500,532,2003,True,True,render_gcs_ingest
910540600111,1,SALE,DHENKANAL,BHUBAN,SALE IMMOVABLE,05-Feb-2006,05-Feb-2006,27200,111,2006,True,True,render_gcs_ingest
910910802790,1,SALE,KALAHANDI,UNKNOWN,SALE IMMOVABLE,01-Aug-2008,01-Aug-2008,14750,2790,2008,True,True,render_gcs_ingest
910060304802,1,SALE,BALASORE,BALASORE,SALE IMMOVABLE,,,34000,4802,,True,True,render_gcs_ingest
910110901233,1,SALE,BALASORE,KHAIRA,SALE IMMOVABLE,,,10560,,2009,True,True,render_gcs_ingest
910060507077,1,SALE,UNKNOWN,UNKNOWN,LEASE RENT RESERVED(IMMOVABLE),14-Oct-2005,14-Oct-2005,1800,7077,2005,True,True,render_gcs_ingest
910320801135,1,SALE,BOLANGIR,PATNAGARH,SALE IMMOVABLE,20-Jul-2008,20-Jul-2008,100000,1135,2008,True,True,render_gcs_ingest
910790300985,1,SALE,JAJPUR,UNKNOWN,RECONVEYANCE OF MORTGAGE,,,100000,985,2003,True,True,render_gcs_ingest
910170901566,1,SALE,UNKNOWN,PADMAPUR,SALE IMMOVABLE,,,,1566,,True,True,render_gcs_ingest
910010700234,1,SALE,UNKNOWN,UNKNOWN,SALE IMMOVABLE,24-Jan-2007,17-Jan-2007,6400,234,2007,True,True,render_gcs_ingest
910810601446,1,SALE,JAJPUR,DHARMASALA,SALE IMMOVABLE,10-Jun-2006,10-Jun-2006,,1446,2006,True,True,render_gcs_ingest
910050902576,1,SALE,ANGUL,TALCHER,SALE IMMOVABLE,07-Nov-2009,07-Nov-2009,2576,2576,2009,True,True,render_gcs_ingest
911170500859,1,SALE,UNKNOWN,UNKNOWN,SALE IMMOVABLE,25-Mar-2005,25-Mar-2005,33520,,2005,True,True,render_gcs_ingest
910010502820,1,SALE,UNKNOWN,UNKNOWN,GIFT IMMOVABLE,09-Sep-2005,,,2820,2005,True,True,render_gcs_ingest
911320300307,1,SALE,MAYURBHANJ,RASAGOBINDAPUR,SALE IMMOVABLE,20-Apr-2003,20-Apr-2003,9900,307,2003,True,True,render_gcs_ingest
911140802796,1,SALE,KHURDA,KHURDA,SALE IMMOVABLE,13-Sep-2008,13-Sep-2008,74000,2796,2008,True,True,render_gcs_ingest
911570800230,1,SALE,PURI,UNKNOWN,SALE IMMOVABLE,01-Apr-2008,01-Apr-2008,3100,230,2008,True,True,render_gcs_ingest
910110500080,1,SALE,UNKNOWN,UNKNOWN,SALE IMMOVABLE,,,,,,True,True,render_gcs_ingest
910540300847,1,SALE,UNKNOWN,BHUBAN,SALE IMMOVABLE,,,,,2003,True,True,render_gcs_ingest
910010301808,1,SALE,UNKNOWN,UNKNOWN,RECONVEYANCE OF MORTGAGE,27-Aug-2003,07-Aug-2003,0,1808,2003,True,True,render_gcs_ingest
910060505840,1,SALE,UNKNOWN,UNKNOWN,LEASE RENT RESERVED(IMMOVABLE),04-Aug-2005,04-Aug-2005,2850,,2005,True,True,render_gcs_ingest
910010703119,1,SALE,UNKNOWN,UNKNOWN,SALE IMMOVABLE,,,,,2007,True,True,render_gcs_ingest
910010301120,1,SALE,UNKNOWN,UNKNOWN,RECONVEYANCE OF MORTGAGE,,,,,2003,True,True,render_gcs_ingest
911480902791,1,SALE,PURI,PURI,SALE IMMOVABLE,,,0,2791,2009,True,True,render_gcs_ingest
911410400903,1,SALE,UNKNOWN,UNKNOWN,GIFT TO GOVT. (IMMOVABLE),,,,903,,True,True,render_gcs_ingest
911110400201,1,SALE,KHURDA,BEGUNIA,SALE IMMOVABLE,23-Oct-2004,23-Oct-2004,21475,201,2004,True,True,render_gcs_ingest
910010503427,1,SALE,UNKNOWN,UNKNOWN,SALE IMMOVABLE,,,,,2005,True,True,render_gcs_ingest
910010200828,1,SALE,UNKNOWN,UNKNOWN,SALE IMMOVABLE,,,,,2002,True,True,render_gcs_ingest
910010900969,1,SALE,UNKNOWN,UNKNOWN,SALE IMMOVABLE,,25-Feb-2009,11000,,2009,True,True,render_gcs_ingest
910760701194,1,SALE,UNKNOWN,UNKNOWN,SALE IMMOVABLE,,,,1194,2007,True,True,render_gcs_ingest
910710800656,1,SALE,UNKNOWN,CHIKITI,GIFT IMMOVABLE,14-Sep-2008,14-Sep-2008,17226,656,2008,True,True,render_gcs_ingest
910010901793,1,SALE,UNKNOWN,UNKNOWN,SALE IMMOVABLE,17-Apr-2009,17-Apr-2009,214500,1793,2009,True,True,render_gcs_ingest
910010301301,1,SALE,UNKNOWN,UNKNOWN,LEASE WITH ADVANCE ONLY(IMMOVABLE),,,,,2003,True,True,render_gcs_ingest
910010702468,1,SALE,UNKNOWN,UNKNOWN,SALE IMMOVABLE,,,,,2007,True,True,render_gcs_ingest
910130801250,1,SALE,BALASORE,UNKNOWN,GIFT IMMOVABLE,24-Aug-2008,24-Aug-2008,38200,1250,2008,True,False,render_gcs_ingest
910059800707,1,SALE,UNKNOWN,UNKNOWN,SALE IMMOVABLE,08-Oct-1998,07-Sep-1998,,707,1998,True,True,render_gcs_ingest
910039600204,1,SALE,UNKNOWN,UNKNOWN,SALE IMMOVABLE,,,,,1996,True,True,render_gcs_ingest
910010401737,1,SALE,UNKNOWN,UNKNOWN,SALE IMMOVABLE,,,,,,True,True,render_gcs_ingest
910010501989,1,SALE,UNKNOWN,UNKNOWN,SALE IMMOVABLE,,06-May-2005,,,2005,True,True,render_gcs_ingest
911350800295,1,SALE,NABARANGPUR,KODINGA,SALE IMMOVABLE,09-Dec-2008,09-Dec-2008,7000,295,2008,True,False,render_gcs_ingest
910060504142,1,SALE,BALASORE,BALASORE,SALE IMMOVABLE,21-May-2005,21-May-2005,11200,4142,2005,True,True,render_gcs_ingest
910810401662,1,SALE,UNKNOWN,UNKNOWN,SALE IMMOVABLE,11-Jul-2004,11-Jul-2004,,,2004,True,True,render_gcs_ingest
910010900180,1,SALE,UNKNOWN,UNKNOWN,SALE IMMOVABLE,28-Feb-2009,,16500,180,2009,True,True,render_gcs_ingest
911560300205,1,SALE,UNKNOWN,UNKNOWN,SALE IMMOVABLE,,,,,2003,True,True,render_gcs_ingest
910030500382,1,SALE,ANGUL,CHHENDIPADA,SALE IMMOVABLE,01-Jan-2005,01-Jan-2005,32500,382,2005,True,True,render_gcs_ingest
910010201547,1,SALE,UNKNOWN,UNKNOWN,SALE IMMOVABLE,,21-May-2002,10000,1547,2002,True,False,render_gcs_ingest
910280501349,1,SALE,BHADRAK,DHAMNAGAR,SALE IMMOVABLE,24-Dec-2005,17-Oct-2005,2650,1349,2005,True,True,render_gcs_ingest
910010300081,1,SALE,UNKNOWN,UNKNOWN,SALE IMMOVABLE,,,,,2003,True,True,render_gcs_ingest
910750400565,1,SALE,UNKNOWN,UNKNOWN,SALE IMMOVABLE,,,,,2004,True,True,render_gcs_ingest
910010502850,1,SALE,UNKNOWN,UNKNOWN,SALE IMMOVABLE,,,,,2005,True,True,render_gcs_ingest
910060406765,1,SALE,BALASORE,BALASORE,LEASE ADVANCE WITH RENT IMMOVABLE,,28-Oct-2004,3000,,2004,True,True,render_gcs_ingest
910150302110,1,SALE,BARGARH,BARGARH,SALE IMMOVABLE,11-Oct-2003,11-Oct-2003,29800,2110,2003,True,True,render_gcs_ingest
910170500962,1,SALE,BARGARH,PADMAPUR,SALE IMMOVABLE,10-Dec-2005,10-Dec-2005,50000,962,2005,True,True,render_gcs_ingest
911330300849,1,SALE,UNKNOWN,UNKNOWN,SALE IMMOVABLE,,,10360,849,2003,True,True,render_gcs_ingest
910010901152,1,SALE,UNKNOWN,UNKNOWN,SALE IMMOVABLE,,,60000,1152,2009,True,True,render_gcs_ingest
910010802047,1,SALE,UNKNOWN,UNKNOWN,SALE IMMOVABLE,,,20400,,2008,True,True,render_gcs_ingest
911230300090,1,SALE,UNKNOWN,MALKANAGIRI,SALE IMMOVABLE,01-Apr-2003,01-Apr-2003,60000,90,2003,True,True,render_gcs_ingest
910490200409,1,SALE,DEOGARH,DEOGARH,SALE IMMOVABLE,29-Jul-2002,07-Jul-2002,22500,409,2002,True,True,render_gcs_ingest
910060504464,1,SALE,UNKNOWN,UNKNOWN,LEASE ADVANCE WITH RENT IMMOVABLE,,,,,2005,True,True,render_gcs_ingest
910060301612,1,SALE,BALASORE,BALASORE,SALE IMMOVABLE,06-Mar-2003,22-Feb-2003,1000,1612,2003,True,True,render_gcs_ingest
910010703800,1,SALE,UNKNOWN,UNKNOWN,SALE IMMOVABLE,,29-Aug-2007,,,2007,True,True,render_gcs_ingest
911390702180,1,SALE,NAYAGARH,KHANDAPARA,SALE IMMOVABLE,24-Nov-2007,24-Nov-2007,9600,2180,2007,True,True,render_gcs_ingest
910020300541,1,SALE,ANGUL,ATHAMALLIK,SALE IMMOVABLE,04-Mar-2003,04-Mar-2003,4000,541,2003,True,True,render_gcs_ingest
910010700987,1,SALE,ANGUL,UNKNOWN,SALE IMMOVABLE,,,306000,987,2007,True,True,render_gcs_ingest
910030500778,1,SALE,UNKNOWN,UNKNOWN,LEASE WITH ADVANCE ONLY(IMMOVABLE),27-May-2005,27-May-2005,2618,,2005,True,True,render_gcs_ingest
911750700040,1,SALE,UNKNOWN,UNKNOWN,SALE IMMOVABLE,,,,,2007,True,True,render_gcs_ingest
910060500753,1,SALE,BALASORE,BALASORE,LEASE WITH ADVANCE ONLY(IMMOVABLE),,,900,753,2005,True,True,render_gcs_ingest
910020300499,1,SALE,ANGUL,ATHAMALLIK,SALE IMMOVABLE,25-Feb-2003,25-Feb-2003,1200,499,2003,True,True,render_gcs_ingest
911480501220,1,SALE,PURI,PURI,SALE IMMOVABLE,,,40000,1220,2005,True,True,render_gcs_ingest
911550700281,1,SALE,PURI,DELANGA,SALE IMMOVABLE,27-May-2007,27-May-2007,24400,281,2007,True,True,render_gcs_ingest
910069602613,1,SALE,UNKNOWN,UNKNOWN,SALE IMMOVABLE,20-Jul-1996,16-May-1996,17000,2613,1996,True,True,render_gcs_ingest
910010200160,1,SALE,UNKNOWN,UNKNOWN,SALE IMMOVABLE,,16-Jan-2002,,,2002,True,True,render_gcs_ingest
911330501068,1,SALE,NABARANGPUR,NABARANGPUR,SALE IMMOVABLE,10-Sep-2005,10-Sep-2005,,1068,2005,True,True,render_gcs_ingest
910010704660,1,SALE,UNKNOWN,UNKNOWN,SALE IMMOVABLE,,,16000,4660,2007,True,True,render_gcs_ingest
911770900283,1,SALE,UNKNOWN,UNKNOWN,SALE IMMOVABLE,,,,,2009,True,True,render_gcs_ingest
910600800786,1,SALE,UNKNOWN,UNKNOWN,SALE IMMOVABLE,24-Feb-2008,24-Feb-2008,5225,786,2008,True,True,render_gcs_ingest
910250800799,1,SALE,UNKNOWN,UNKNOWN,SALE IMMOVABLE,25-Aug-2008,25-Aug-2008,6250,,2008,True,True,render_gcs_ingest
910010704787,1,SALE,ANGUL,UNKNOWN,SALE IMMOVABLE,,,28000,4787,2007,True,True,render_gcs_ingest
910500805763,1,SALE,UNKNOWN,UNKNOWN,SALE IMMOVABLE,,,,,2008,True,True,render_gcs_ingest
910810701808,1,SALE,UNKNOWN,UNKNOWN,SALE IMMOVABLE,,,,,,True,True,render_gcs_ingest
911730300243,1,SALE,UNKNOWN,UNKNOWN,SALE IMMOVABLE,,,9750,,,True,True,render_gcs_ingest
910370800460,1,SALE,UNKNOWN,UNKNOWN,SALE IMMOVABLE,,20-Apr-2008,,,2008,True,True,render_gcs_ingest
911180500634,1,SALE,KORAPUT,BARIGUMA,SALE IMMOVABLE,21-Nov-2005,20-Nov-2005,40000,634,2005,True,True,render_gcs_ingest
910060505260,1,SALE,BALASORE,BALASORE,SALE IMMOVABLE,07-Jul-2005,07-Jul-2005,55000,5260,2005,True,True,render_gcs_ingest
910010501575,1,SALE,UNKNOWN,UNKNOWN,SALE IMMOVABLE,12-Jul-2005,12-Apr-2005,,,2005,True,True,render_gcs_ingest
910010701371,1,SALE,UNKNOWN,UNKNOWN,SALE IMMOVABLE,17-Apr-2007,09-Apr-2007,33000,1371,2007,True,True,render_gcs_ingest
910060404124,1,SALE,BALASORE,BALASORE,LEASE RENT RESERVED(IMMOVABLE),17-Jun-2004,17-Jun-2004,3300,,2004,True,True,render_gcs_ingest
910019501161,1,SALE,UNKNOWN,UNKNOWN,SALE IMMOVABLE,,,0,,1995,True,True,render_gcs_ingest
911480501772,1,SALE,PURI,PURI,SALE IMMOVABLE,12-Mar-2005,12-Mar-2005,16800,1772,2005,True,True,render_gcs_ingest
910020500132,1,SALE,UNKNOWN,UNKNOWN,SALE IMMOVABLE,,,0,,2005,True,True,render_gcs_ingest
910010701111,1,SALE,UNKNOWN,UNKNOWN,SALE IMMOVABLE,30-Mar-2007,30-Mar-2007,,,2007,True,True,render_gcs_ingest
910530300971,1,SALE,DHENKANAL,HINDOL,SALE IMMOVABLE,,,25000,971,,True,True,render_gcs_ingest
910500703464,1,SALE,DHENKANAL,DHENKANAL,SALE IMMOVABLE,22-Oct-2007,03-Sep-2007,6000,3464,2007,True,False,render_gcs_ingest
910010403180,1,SALE,ANGUL,UNKNOWN,RECONVEYANCE OF MORTGAGE,,15-Oct-2004,0,,2004,True,True,render_gcs_ingest
911180300563,1,SALE,KORAPUT,BARIGUMA,SALE IMMOVABLE,09-Nov-2003,09-Nov-2003,18000,563,2003,True,True,render_gcs_ingest
910500906731,1,SALE,DHENKANAL,DHENKANAL,SALE IMMOVABLE,29-Dec-2009,,12600,6731,2009,True,True,render_gcs_ingest
910020300267,1,SALE,UNKNOWN,ATHAMALLIK,SALE IMMOVABLE,12-Mar-2003,12-Mar-2003,,267,2003,True,True,render_gcs_ingest
910010903036,1,SALE,UNKNOWN,UNKNOWN,SALE IMMOVABLE,,,40850,,2009,True,True,render_gcs_ingest
910010701629,1,SALE,ANGUL,UNKNOWN,SALE IMMOVABLE,,,,1629,2007,True,True,render_gcs_ingest
910010800972,1,SALE,ANGUL,UNKNOWN,SALE IMMOVABLE,,,165000,,2008,True,True,render_gcs_ingest
910060300262,1,SALE,BALASORE,BALASORE,SALE IMMOVABLE,09-Jan-2003,09-Jan-2003,25000,262,2003,True,True,render_gcs_ingest
910530500166,1,SALE,DHENKANAL,HINDOL,SALE IMMOVABLE,05-Mar-2005,05-Mar-2005,11200,,2005,True,False,render_gcs_ingest
910010905446,1,SALE,UNKNOWN,UNKNOWN,SALE IMMOVABLE,10-Feb-2009,02-Dec-2009,7425,,2009,True,True,render_gcs_ingest
910050500204,1,SALE,UNKNOWN,UNKNOWN,SALE IMMOVABLE,,29-Jan-2005,,,2005,True,True,render_gcs_ingest
910060307488,1,SALE,BALASORE,BALASORE,LEASE WITH ADVANCE ONLY(IMMOVABLE),17-Nov-2003,17-Nov-2003,5000,7488,2003,True,True,render_gcs_ingest
910010600144,1,SALE,UNKNOWN,UNKNOWN,SALE IMMOVABLE,,,108000,,2006,True,True,render_gcs_ingest
910510800272,1,SALE,DHENKANAL,KAMAKSHYANAGAR,SALE IMMOVABLE,16-Mar-2008,16-Mar-2008,14700,272,2008,True,True,render_gcs_ingest
910010501618,1,SALE,UNKNOWN,UNKNOWN,SALE IMMOVABLE,,,62000,,2005,True,True,render_gcs_ingest
910330801145,1,SALE,BOLANGIR,UNKNOWN,SALE IMMOVABLE,,,22000,,2008,True,True,render_gcs_ingest
911040300198,1,SALE,KEONJHAR,CHAMPUA,SALE IMMOVABLE,09-Mar-2003,09-Mar-2003,3000,198,2003,True,True,render_gcs_ingest
910030000773,1,SALE,ANGUL,CHHENDIPADA,SALE IMMOVABLE,04-Nov-2000,04-Nov-2000,23200,773,2000,True,True,render_gcs_ingest
911180300337,1,SALE,KORAPUT,UNKNOWN,SALE IMMOVABLE,08-Jun-2003,08-Jun-2003,,,2003,True,True,render_gcs_ingest
911160300402,1,SALE,KHURDA,BOLAGARH,SALE IMMOVABLE,,,1952,,2003,True,True,render_gcs_ingest
910060507195,1,SALE,BALASORE,BALASORE,LEASE RENT RESERVED(IMMOVABLE),22-Oct-2005,22-Oct-2005,12000,7195,2005,True,True,render_gcs_ingest
910530301522,1,SALE,UNKNOWN,UNKNOWN,SALE IMMOVABLE,,,,,2004,True,True,render_gcs_ingest
910010700257,1,SALE,ANGUL,UNKNOWN,SALE IMMOVABLE,,,,,2007,True,True,render_gcs_ingest
910010904813,1,SALE,ANGUL,UNKNOWN,SALE IMMOVABLE,,26-Oct-2009,,,2009,True,True,render_gcs_ingest
910030300413,1,SALE,ANGUL,CHHENDIPADA,SALE IMMOVABLE,,,68376,413,,True,True,render_gcs_ingest
910770501234,1,SALE,JAGATSINGHPUR,UNKNOWN,SALE IMMOVABLE,,,,,,True,True,render_gcs_ingest
910010503182,1,SALE,ANGUL,UNKNOWN,SALE IMMOVABLE,22-Sep-2005,,,,2005,True,True,render_gcs_ingest
910020500640,1,SALE,ANGUL,ATHAMALLIK,SALE IMMOVABLE,31-Aug-2005,31-Aug-2005,0,640,2005,True,True,render_gcs_ingest
911150200971,1,SALE,KHURDA,TANGI,SALE IMMOVABLE,22-Nov-2002,22-Dec-2002,75000,971,2002,True,True,render_gcs_ingest
910010503901,1,SALE,UNKNOWN,UNKNOWN,GIFT IMMOVABLE,21-Dec-2005,07-Nov-2005,,,2005,True,True,render_gcs_ingest
910060308006,1,SALE,BALASORE,BALASORE,SALE IMMOVABLE,16-Dec-2003,16-Dec-2003,9750,8006,2003,True,True,render_gcs_ingest
910020500269,1,SALE,ANGUL,ATHAMALLIK,SALE IMMOVABLE,05-Apr-2005,05-Apr-2005,5600,269,2005,True,True,render_gcs_ingest
910030901284,1,SALE,UNKNOWN,CHHENDIPADA,SALE IMMOVABLE,07-Aug-2009,07-Aug-2009,147600,1284,2009,True,True,render_gcs_ingest
910010501755,1,SALE,UNKNOWN,UNKNOWN,SALE IMMOVABLE,,25-Apr-2005,,,2005,True,True,render_gcs_ingest
910010300336,1,SALE,UNKNOWN,UNKNOWN,SALE IMMOVABLE,23-May-2003,03-Feb-2003,,,2003,True,True,render_gcs_ingest
910790300981,1,SALE,JAJPUR,BARACHANA,SALE IMMOVABLE,18-May-2003,18-May-2003,6000,981,2003,True,False,render_gcs_ingest
910010301914,1,SALE,ANGUL,UNKNOWN,SALE IMMOVABLE,04-Sep-2003,,,1914,2003,True,True,render_gcs_ingest
910039600274,1,SALE,ANGUL,CHHENDIPADA,GIFT IMMOVABLE,20-Apr-1996,20-Apr-1996,32500,274,1996,True,True,render_gcs_ingest
910010703146,1,SALE,UNKNOWN,UNKNOWN,SALE IMMOVABLE,22-Aug-2007,07-Aug-2007,,3146,2007,True,True,render_gcs_ingest
911250900049,1,SALE,MALKANGIRI,CHITRAKONDA,SALE IMMOVABLE,28-Nov-2009,28-Nov-2009,15000,49,2009,True,True,render_gcs_ingest
910750501775,1,SALE,UNKNOWN,KUJANGA,SALE IMMOVABLE,,16-Oct-2005,12830,1775,2005,True,True,render_gcs_ingest
910010903245,1,SALE,UNKNOWN,UNKNOWN,SALE IMMOVABLE,,,,3245,2009,True,True,render_gcs_ingest
910530500097,1,SALE,DHENKANAL,HINDOL,SALE IMMOVABLE,23-Jan-2005,23-Jan-2005,18400,97,2005,True,True,render_gcs_ingest
910010704147,1,SALE,UNKNOWN,UNKNOWN,SALE IMMOVABLE,,,,,2007,True,True,render_gcs_ingest
910060703865,1,SALE,BALASORE,UNKNOWN,SALE IMMOVABLE,,30-Jun-2007,57000,,2007,True,True,render_gcs_ingest
910010300993,1,SALE,UNKNOWN,UNKNOWN,SALE IMMOVABLE,,,,,2003,True,True,render_gcs_ingest
911450300199,1,SALE,KANDHAMAL,BALIGUDA,SALE IMMOVABLE,28-Sep-2003,28-Sep-2003,18000,199,2003,True,True,render_gcs_ingest
910760500792,1,SALE,UNKNOWN,RAGHUNATHPUR,SALE IMMOVABLE,,,,792,2005,True,True,render_gcs_ingest
910140802874,1,SALE,BALASORE,SORO,SALE IMMOVABLE,20-Nov-2008,20-Nov-2008,47400,2874,2008,True,True,render_gcs_ingest
910490700630,1,SALE,DEOGARH,DEOGARH,SALE IMMOVABLE,,08-Dec-2007,2790,630,2007,True,True,render_gcs_ingest
910010703876,1,SALE,UNKNOWN,UNKNOWN,SALE IMMOVABLE,,,,3876,2007,True,True,render_gcs_ingest
910060506932,1,SALE,BALASORE,BALASORE,LEASE RENT RESERVED(IMMOVABLE),01-Oct-2005,01-Oct-2005,2100,6932,2005,True,True,render_gcs_ingest
910350200265,1,SALE,UNKNOWN,UNKNOWN,SALE IMMOVABLE,14-Apr-2002,14-Apr-2002,8000,,2002,True,True,render_gcs_ingest
910480700430,1,SALE,CUTTACK,TIGIRIA,SALE IMMOVABLE,10-Sep-2007,10-Sep-2007,26000,430,2007,True,True,render_gcs_ingest
910390702656,1,SALE,UNKNOWN,UNKNOWN,SALE IMMOVABLE,,,0,,2007,True,True,render_gcs_ingest
911100701976,1,SALE,KHURDA,BANPUR,SALE IMMOVABLE,28-Oct-2007,28-Oct-2007,5000,1976,2007,True,True,render_gcs_ingest
910010900597,1,SALE,UNKNOWN,UNKNOWN,SALE IMMOVABLE,,,,,2009,True,True,render_gcs_ingest
910010300889,1,SALE,UNKNOWN,UNKNOWN,SALE IMMOVABLE,,,,,2003,True,True,render_gcs_ingest
910020300882,1,SALE,ANGUL,ATHAMALLIK,GIFT IMMOVABLE,02-Jun-2003,02-Jun-2003,13000,882,2003,True,True,render_gcs_ingest
910010400098,1,SALE,UNKNOWN,UNKNOWN,SALE IMMOVABLE,,,,98,2004,True,True,render_gcs_ingest
910090700378,1,SALE,BALASORE,JALESWAR,SALE IMMOVABLE,17-Feb-2007,17-Feb-2007,25000,378,2007,True,True,render_gcs_ingest
910880500799,1,SALE,KALAHANDI,BHAWANIPATNA,SALE IMMOVABLE,07-Apr-2005,21-Jan-2005,,799,2005,True,False,render_gcs_ingest
910040500489,1,SALE,ANGUL,PALLAHARA,SALE IMMOVABLE,17-Nov-2005,17-Nov-2005,22000,489,2005,True,True,render_gcs_ingest
910060306998,1,SALE,UNKNOWN,BALASORE,SALE IMMOVABLE,,21-Oct-2003,15300,,2003,True,True,render_gcs_ingest
910060505804,1,SALE,UNKNOWN,UNKNOWN,RECONVEYANCE OF MORTGAGE FOR AGRICULTURAL LAND,,,0,,2005,True,True,render_gcs_ingest
911440300208,1,SALE,UNKNOWN,UNKNOWN,CONVEYANCE GOVERNMENT,29-Sep-2003,06-Jul-2003,,208,2003,True,True,render_gcs_ingest
910010301235,1,SALE,UNKNOWN,UNKNOWN,SALE IMMOVABLE,11-Jul-2003,,,,2003,True,True,render_gcs_ingest
910010901870,1,SALE,UNKNOWN,UNKNOWN,SALE IMMOVABLE,20-Jun-2009,,,,2009,True,True,render_gcs_ingest
910010702703,1,SALE,UNKNOWN,UNKNOWN,RECONVEYANCE OF MORTGAGE,,,0,,2007,True,True,render_gcs_ingest
911200500077,1,SALE,KORAPUT,KOTPAD,SALE IMMOVABLE,27-Mar-2005,27-Mar-2005,5500,77,2005,True,True,render_gcs_ingest
910010500295,1,SALE,UNKNOWN,UNKNOWN,SALE IMMOVABLE,15-Mar-2005,,11200,295,2005,True,True,render_gcs_ingest
910030300363,1,SALE,ANGUL,CHHENDIPADA,SALE IMMOVABLE,10-Oct-2003,10-Oct-2003,3818,,2003,True,True,render_gcs_ingest
910760301186,1,SALE,UNKNOWN,RAGHUNATHPUR,SALE IMMOVABLE,07-Sep-2003,07-Sep-2003,10200,1186,2003,True,True,render_gcs_ingest
910930101588,1,SALE,KENDRAPARA,KENDRAPARA,SALE IMMOVABLE,25-Apr-2001,24-Jun-2001,12500,1588,2001,True,True,render_gcs_ingest
910060305681,1,SALE,BALASORE,BALASORE,MORTGAGE WITH POSSESION,28-Jul-2003,,,5681,2003,True,True,render_gcs_ingest
911300300022,1,SALE,MAYURBHANJ,KARANJIA,LEASE RENT RESERVED(IMMOVABLE),09-Nov-2003,09-Nov-2003,3030,22,2003,True,True,render_gcs_ingest
910010301438,1,SALE,ANGUL,UNKNOWN,SALE IMMOVABLE,,,,,2003,True,True,render_gcs_ingest
910010905820,1,SALE,UNKNOWN,UNKNOWN,SALE IMMOVABLE,,21-Dec-2009,,,2009,True,True,render_gcs_ingest
911600800108,1,SALE,RAYAGADA,GUNUPUR,SALE IMMOVABLE,,,31000,108,,True,True,render_gcs_ingest
910010905033,1,SALE,UNKNOWN,UNKNOWN,SALE IMMOVABLE,,,0,,2009,True,True,render_gcs_ingest
910169600318,1,SALE,BARGARH,ATTABIRA,SALE IMMOVABLE,25-Feb-1996,25-Feb-1996,0,318,1996,True,True,render_gcs_ingest
910040600529,1,SALE,UNKNOWN,UNKNOWN,SALE IMMOVABLE,,,7000,,2006,True,True,render_gcs_ingest
910010503592,1,SALE,UNKNOWN,UNKNOWN,SALE IMMOVABLE,,30-Sep-2005,11000,,2005,True,True,render_gcs_ingest
910650700168,1,SALE,UNKNOWN,KABISURYANAGAR,SALE IMMOVABLE,30-Jan-2007,30-Jan-2007,,,2007,True,True,render_gcs_ingest
910210800139,1,SALE,BARGARH,UNKNOWN,SALE IMMOVABLE,14-Jun-2008,14-Jun-2008,10000,,2008,True,True,render_gcs_ingest
910610303619,1,SALE,UNKNOWN,UNKNOWN,SALE IMMOVABLE,,,,,2003,True,True,render_gcs_ingest
910010903558,1,SALE,UNKNOWN,UNKNOWN,SALE IMMOVABLE,,05-Aug-2009,,,2009,True,True,render_gcs_ingest
910060507598,1,SALE,BALASORE,BALASORE,SALE IMMOVABLE,14-Nov-2005,14-Nov-2005,,,2005,True,True,render_gcs_ingest
910010300620,1,SALE,UNKNOWN,UNKNOWN,SALE IMMOVABLE,,,,,2003,True,True,render_gcs_ingest
910030300410,1,SALE,ANGUL,CHHENDIPADA,SALE IMMOVABLE,21-Oct-2003,21-Oct-2003,31059,410,2003,True,True,render_gcs_ingest
911760800599,1,SALE,SUNDARGARH,UNKNOWN,MORTGAGE WITH POSSESION,05-Oct-2008,05-Oct-2008,,,2008,True,True,render_gcs_ingest
910010901169,1,SALE,UNKNOWN,UNKNOWN,SALE IMMOVABLE,,,,,2009,True,True,render_gcs_ingest
910060304256,1,SALE,BALASORE,BALASORE,SALE IMMOVABLE,28-May-2003,26-Aug-2003,3832,4256,2003,True,True,render_gcs_ingest
910039600701,1,SALE,UNKNOWN,CHHENDIPADA,SALE IMMOVABLE,,,11200,701,1996,True,False,render_gcs_ingest
911340500045,1,SALE,NABARANGPUR,DABUGAON,SALE IMMOVABLE,24-Mar-2005,20-Mar-2005,16500,45,2005,True,True,render_gcs_ingest
910010501897,1,SALE,UNKNOWN,UNKNOWN,SALE IMMOVABLE,,,,,2005,True,True,render_gcs_ingest
910080102670,1,SALE,BALASORE,BASTA,SALE IMMOVABLE,18-Oct-2001,18-Oct-2001,35000,2670,2001,True,True,render_gcs_ingest
910050401658,1,SALE,ANGUL,TALCHER,SALE IMMOVABLE,25-Jan-2004,25-Jan-2004,24000,1658,2004,True,True,render_gcs_ingest
910020700072,1,SALE,UNKNOWN,UNKNOWN,SALE IMMOVABLE,05-Feb-2007,05-Feb-2007,0,,2007,True,True,render_gcs_ingest
910010902500,1,SALE,UNKNOWN,UNKNOWN,SALE IMMOVABLE,,02-Jun-2009,,,2009,True,True,render_gcs_ingest
910020301324,1,SALE,ANGUL,ATHAMALLIK,SALE IMMOVABLE,,,,1324,2003,True,True,render_gcs_ingest
910010705427,1,SALE,UNKNOWN,UNKNOWN,SALE IMMOVABLE,,28-Dec-2007,0,,2007,True,True,render_gcs_ingest
910060501526,1,SALE,BALASORE,BALASORE,SALE IMMOVABLE,22-Apr-2005,22-Apr-2005,45090,1526,2005,True,True,render_gcs_ingest
911500700402,1,SALE,PURI,GOP,SALE IMMOVABLE,18-Feb-2007,18-Feb-2007,6700,402,2007,True,True,render_gcs_ingest
910010300407,1,SALE,UNKNOWN,UNKNOWN,SALE IMMOVABLE,,,,,2003,True,True,render_gcs_ingest
910060505791,1,SALE,BALASORE,UNKNOWN,LEASE RENT RESERVED(IMMOVABLE),02-Aug-2005,02-Aug-2005,0,5791,2005,True,True,render_gcs_ingest
910010901296,1,SALE,ANGUL,UNKNOWN,SALE IMMOVABLE,,19-Mar-2009,39600,,2009,True,True,render_gcs_ingest
911600300662,1,SALE,RAYAGADA,GUNUPUR,SALE IMMOVABLE,,,,,,True,True,render_gcs_ingest
910070701678,1,SALE,BALASORE,UNKNOWN,SALE IMMOVABLE,,,17250,,2007,True,True,render_gcs_ingest
910740300720,1,SALE,JAGATSINGHPUR,DEBIDOL,SALE IMMOVABLE,02-Feb-2003,02-Feb-2003,8060,720,2003,True,True,render_gcs_ingest
910010902332,1,SALE,UNKNOWN,UNKNOWN,SALE IMMOVABLE,,25-May-2009,64800,2332,2009,True,True,render_gcs_ingest
910010900840,1,SALE,UNKNOWN,UNKNOWN,SALE IMMOVABLE,15-Apr-2009,17-Feb-2009,,840,2009,True,True,render_gcs_ingest
910680200311,1,SALE,UNKNOWN,UNKNOWN,SALE IMMOVABLE,,,,,2002,True,True,render_gcs_ingest
910670300651,1,SALE,UNKNOWN,UNKNOWN,SALE IMMOVABLE,,,19760,,2003,True,True,render_gcs_ingest
910370300351,1,SALE,UNKNOWN,BOUDH,SALE IMMOVABLE,,,8000,,2003,True,True,render_gcs_ingest
910010503700,1,SALE,UNKNOWN,UNKNOWN,SALE IMMOVABLE,,,,3700,2005,True,False,render_gcs_ingest
910110901546,1,SALE,BALASORE,KHAIRA,SALE IMMOVABLE,26-Nov-2009,26-Nov-2009,42240,1546,2009,True,True,render_gcs_ingest
910010802526,1,SALE,UNKNOWN,UNKNOWN,SALE IMMOVABLE,,,0,,2008,True,True,render_gcs_ingest
910060505760,1,SALE,BALASORE,BALASORE,LEASE ADVANCE WITH RENT IMMOVABLE,30-Jul-2005,30-Jul-2005,9060,5760,2005,True,True,render_gcs_ingest
910010500601,1,SALE,ANGUL,UNKNOWN,SALE IMMOVABLE,,,18800,601,2005,True,True,render_gcs_ingest
910010801668,1,SALE,UNKNOWN,UNKNOWN,SALE IMMOVABLE,22-May-2008,24-Apr-2008,20000,,2008,True,True,render_gcs_ingest
910900701509,1,SALE,KALAHANDI,JAIPATNA,SALE IMMOVABLE,25-Oct-2007,25-Oct-2007,0,1509,2007,True,True,render_gcs_ingest
911350400011,1,SALE,NABARANGPUR,UNKNOWN,SALE IMMOVABLE,,,,,2004,True,False,render_gcs_ingest
910040700099,1,SALE,UNKNOWN,PALLAHARA,SALE IMMOVABLE,29-Mar-2007,29-Mar-2007,69500,99,2007,True,False,render_gcs_ingest
910060504520,1,SALE,BALASORE,BALASORE,SALE IMMOVABLE,06-Jun-2005,06-Jun-2005,27540,4520,2005,True,True,render_gcs_ingest
910020800453,1,SALE,ANGUL,ATHAMALLIK,SALE IMMOVABLE,25-Jun-2008,25-Jun-2008,3000,453,2008,True,True,render_gcs_ingest
910010905788,1,SALE,UNKNOWN,UNKNOWN,LEASE WITH ADVANCE ONLY(IMMOVABLE),,18-Dec-2009,,,2009,True,True,render_gcs_ingest
910010300670,1,SALE,ANGUL,UNKNOWN,SALE IMMOVABLE,,,,,2003,True,True,render_gcs_ingest
910020301329,1,SALE,UNKNOWN,UNKNOWN,SALE IMMOVABLE,,,,,2003,True,True,render_gcs_ingest
910039600458,1,SALE,UNKNOWN,UNKNOWN,SALE IMMOVABLE,,04-Jul-1996,8800,,1996,True,True,render_gcs_ingest
910060306408,1,SALE,UNKNOWN,UNKNOWN,SALE IMMOVABLE,,08-Sep-2003,,,2003,True,True,render_gcs_ingest
910010903589,1,SALE,UNKNOWN,UNKNOWN,SALE IMMOVABLE,,10-Aug-2009,,,2009,True,True,render_gcs_ingest
910010301093,1,SALE,ANGUL,UNKNOWN,SALE IMMOVABLE,,,,,2003,True,True,render_gcs_ingest
910060304934,1,SALE,UNKNOWN,UNKNOWN,SALE IMMOVABLE,,,,4934,2003,True,False,render_gcs_ingest
910360900759,1,SALE,BOLANGIR,LUISINGA,SALE IMMOVABLE,31-May-2009,31-May-2009,,,2009,True,True,render_gcs_ingest
910010803423,1,SALE,UNKNOWN,UNKNOWN,SALE IMMOVABLE,,,,,2008,True,True,render_gcs_ingest
910050500296,1,SALE,UNKNOWN,TALCHER,LEASE ADVANCE WITH RENT IMMOVABLE,11-Aug-2005,10-Feb-2005,10500,296,2005,True,True,render_gcs_ingest
910540700295,1,SALE,DHENKANAL,BHUBAN,SALE IMMOVABLE,03-Jun-2007,03-Jun-2007,22000,295,2007,True,True,render_gcs_ingest
910050500579,1,SALE,UNKNOWN,TALCHER,SALE IMMOVABLE,16-Sep-2005,,,579,2005,True,True,render_gcs_ingest
910010903475,1,SALE,ANGUL,UNKNOWN,SALE IMMOVABLE,14-Oct-2009,31-Jul-2009,40735,3475,2009,True,True,render_gcs_ingest
910010700992,1,SALE,UNKNOWN,UNKNOWN,SALE IMMOVABLE,,,,,,True,True,render_gcs_ingest
911040200548,1,SALE,KEONJHAR,CHAMPUA,SALE IMMOVABLE,,,7000,,2002,True,True,render_gcs_ingest
910010904231,1,SALE,UNKNOWN,UNKNOWN,SALE IMMOVABLE,19-Sep-2009,19-Sep-2009,,,2009,True,True,render_gcs_ingest
910010500212,1,SALE,UNKNOWN,UNKNOWN,SALE IMMOVABLE,,,,,2005,True,True,render_gcs_ingest
910010901821,1,SALE,ANGUL,UNKNOWN,CONVEYANCE GOVERNMENT,,,18000,,2009,True,True,render_gcs_ingest
910060906402,1,SALE,BALASORE,BALASORE,SALE IMMOVABLE,07-Nov-2009,07-Nov-2009,100000,6402,2009,True,True,render_gcs_ingest
911020000660,1,SALE,KEONJHAR,SAINKUL,SALE IMMOVABLE,13-May-2000,13-May-2000,13500,660,2000,True,True,render_gcs_ingest
910550402908,1,SALE,UNKNOWN,UNKNOWN,SALE IMMOVABLE,,,,,2004,True,True,render_gcs_ingest
910080200483,1,SALE,BALASORE,BASTA,SALE IMMOVABLE,01-Mar-2002,01-Mar-2002,,,2002,True,True,render_gcs_ingest
910880800240,1,SALE,KALAHANDI,BHAWANIPATNA,SALE IMMOVABLE,23-Jan-2008,23-Jan-2008,31250,240,2008,True,True,render_gcs_ingest
910010704159,1,SALE,ANGUL,UNKNOWN,SALE IMMOVABLE,,,3300,4159,,True,True,render_gcs_ingest
910039600174,1,SALE,ANGUL,CHHENDIPADA,SALE IMMOVABLE,15-Mar-1996,15-Mar-1996,2000,174,1996,True,False,render_gcs_ingest
910180401596,1,SALE,BARGARH,SOHELLA,SALE IMMOVABLE,,,15900,1596,2004,True,True,render_gcs_ingest
910260900627,1,SALE,BHADRAK,BONTH,RECONVEYANCE OF MORTGAGE,16-Oct-2009,28-Jun-2009,50000,627,2009,True,True,render_gcs_ingest
910380300020,1,SALE,BOUDH,UNKNOWN,SALE IMMOVABLE,,13-Jan-2002,0,,2003,True,True,render_gcs_ingest
910020500805,1,SALE,ANGUL,UNKNOWN,SALE IMMOVABLE,,,0,,2005,True,True,render_gcs_ingest
911530500534,1,SALE,UNKNOWN,PIPILI,SALE IMMOVABLE,14-Mar-2005,12-Mar-2005,,,2005,True,True,render_gcs_ingest
910010402462,1,SALE,UNKNOWN,UNKNOWN,SALE IMMOVABLE,,,,,2004,True,True,render_gcs_ingest
910010704233,1,SALE,ANGUL,UNKNOWN,SALE IMMOVABLE,29-Oct-2007,14-Sep-2007,20300,,2007,True,True,render_gcs_ingest
910090800594,1,SALE,BALASORE,UNKNOWN,SALE IMMOVABLE,,,,594,,True,True,render_gcs_ingest
911280301203,1,SALE,MAYURBHANJ,BETNOTI,LEASE WITH ADVANCE ONLY(IMMOVABLE),14-Apr-2003,14-Apr-2003,1000,1203,2003,True,True,render_gcs_ingest
911590300236,1,SALE,UNKNOWN,UNKNOWN,MORTGAGE WITH POSSESION,,,,,2003,True,True,render_gcs_ingest
911269900926,1,SALE,MAYURBHANJ,UNKNOWN,RECONVEYANCE OF MORTGAGE,16-May-1999,16-May-1999,15000,,1999,True,True,render_gcs_ingest
910300800028,1,SALE,BHADRAK,TIHIDI,SALE IMMOVABLE,,,24000,,2008,True,True,render_gcs_ingest
910060507325,1,SALE,UNKNOWN,UNKNOWN,LEASE RENT RESERVED(IMMOVABLE),29-Oct-2005,,1200,7325,2005,True,True,render_gcs_ingest
910060104643,1,SALE,BALASORE,BALASORE,SALE IMMOVABLE,,,4000,,2001,True,False,render_gcs_ingest
910060504136,1,SALE,UNKNOWN,UNKNOWN,LEASE WITH ADVANCE ONLY(IMMOVABLE),21-May-2005,21-May-2005,,,2005,True,True,render_gcs_ingest
910750900694,1,SALE,UNKNOWN,KUJANGA,SALE IMMOVABLE,15-Apr-2009,10-Apr-2009,82580,694,2009,True,True,render_gcs_ingest
910230900608,1,SALE,BHADRAK,BHADRAK,SALE IMMOVABLE,08-Feb-2009,08-Feb-2009,93500,608,2009,True,True,render_gcs_ingest
910830701102,1,SALE,JAJPUR,MANSADA,SALE IMMOVABLE,02-Dec-2007,02-Dec-2007,26500,1102,2007,True,True,render_gcs_ingest
910010500386,1,SALE,UNKNOWN,UNKNOWN,SALE IMMOVABLE,,28-Jan-2005,28300,,2005,True,True,render_gcs_ingest
911300900363,1,SALE,MAYURBHANJ,KARANJIA,SALE IMMOVABLE,08-Aug-2009,08-Aug-2009,405000,363,2009,True,True,render_gcs_ingest
911410801374,1,SALE,NAYAGARH,UNKNOWN,SALE IMMOVABLE,,,,,,True,True,render_gcs_ingest
910010704410,1,SALE,UNKNOWN,UNKNOWN,SALE IMMOVABLE,08-Nov-2007,,,,2007,True,True,render_gcs_ingest
911590700447,1,SALE,RAYAGADA,BISAM CUTTACK,SALE IMMOVABLE,10-Jun-2007,10-Jun-2007,30000,,2007,True,True,render_gcs_ingest
910010903594,1,SALE,UNKNOWN,UNKNOWN,SALE IMMOVABLE,,,46200,,2009,True,True,render_gcs_ingest
910820802970,1,SALE,JAJPUR,DOLIPUR,SALE IMMOVABLE,,,30685,2970,,True,True,render_gcs_ingest
911380300550,1,SALE,NAYAGARH,DASPALLA,SALE IMMOVABLE,,,27600,550,2003,True,True,render_gcs_ingest
910820900996,1,SALE,UNKNOWN,UNKNOWN,SALE IMMOVABLE,,,,996,2009,True,True,render_gcs_ingest
910020300583,1,SALE,ANGUL,ATHAMALLIK,SALE IMMOVABLE,12-Mar-2003,12-Mar-2003,2500,,2003,True,True,render_gcs_ingest
910010900843,1,SALE,UNKNOWN,UNKNOWN,SALE IMMOVABLE,15-Apr-2009,,19360,,2009,True,True,render_gcs_ingest
910240302181,1,SALE,BHADRAK,BASUDEVPUR,SALE IMMOVABLE,15-Sep-2003,13-Sep-2003,18500,2181,2003,True,True,render_gcs_ingest
910010300226,1,SALE,ANGUL,UNKNOWN,SALE IMMOVABLE,,,,,2003,True,True,render_gcs_ingest
910010503418,1,SALE,UNKNOWN,UNKNOWN,SALE IMMOVABLE,,,,,2005,True,True,render_gcs_ingest
910010704871,1,SALE,UNKNOWN,UNKNOWN,SALE IMMOVABLE,,,,,2007,True,True,render_gcs_ingest
910060400294,1,SALE,UNKNOWN,UNKNOWN,LEASE RENT RESERVED(IMMOVABLE),,,,,2004,True,True,render_gcs_ingest
910010800462,1,SALE,UNKNOWN,UNKNOWN,SALE IMMOVABLE,,,40000,,2008,True,True,render_gcs_ingest
911510500849,1,SALE,PURI,KAKATPUR,SALE IMMOVABLE,,,674,,2005,True,True,render_gcs_ingest
910040500141,1,SALE,ANGUL,UNKNOWN,SALE IMMOVABLE,,,,141,2005,True,True,render_gcs_ingest
910010702195,1,SALE,UNKNOWN,UNKNOWN,SALE IMMOVABLE,,,,,2007,True,True,render_gcs_ingest
910540400652,1,SALE,DHENKANAL,BHUBAN,SALE IMMOVABLE,14-Feb-2004,14-Feb-2004,15000,652,2004,True,True,render_gcs_ingest
911360500015,1,SALE,NABARANGPUR,UMERKOTE,SALE IMMOVABLE,10-Dec-2005,10-Dec-2005,6000,15,2005,True,False,render_gcs_ingest
910820500036,1,SALE,JAJPUR,DOLIPUR,SALE IMMOVABLE,01-May-2005,01-May-2005,133400,36,2005,True,True,render_gcs_ingest
911530701580,1,SALE,PURI,PIPILI,GIFT IMMOVABLE,16-Oct-2007,19-Oct-2007,16000,1580,2007,True,True,render_gcs_ingest
910010301113,1,SALE,UNKNOWN,UNKNOWN,SALE IMMOVABLE,,,,,2003,True,True,render_gcs_ingest
910010702343,1,SALE,UNKNOWN,UNKNOWN,SALE IMMOVABLE,27-Jun-2007,,,,2007,True,True,render_gcs_ingest
910309600559,1,SALE,UNKNOWN,UNKNOWN,SALE IMMOVABLE,,,,,,True,True,render_gcs_ingest
910010501680,1,SALE,UNKNOWN,UNKNOWN,SALE IMMOVABLE,,20-Apr-2005,2000,,2005,True,True,render_gcs_ingest
910010700663,1,SALE,UNKNOWN,UNKNOWN,SALE IMMOVABLE,01-Mar-2007,21-Feb-2007,,,2007,True,True,render_gcs_ingest
910010705385,1,SALE,UNKNOWN,UNKNOWN,SALE IMMOVABLE,,,,,,True,True,render_gcs_ingest
910060506621,1,SALE,BALASORE,UNKNOWN,SALE IMMOVABLE,,,9100,6621,2005,True,True,render_gcs_ingest
910800300329,1,SALE,JAJPUR,BARI,LEASE WITH ADVANCE ONLY(IMMOVABLE),21-Mar-2003,19-Mar-2003,0,329,2003,True,True,render_gcs_ingest
910169600715,1,SALE,BARGARH,UNKNOWN,SALE IMMOVABLE,,,25000,715,1996,True,True,render_gcs_ingest
910060901085,1,SALE,BALASORE,BALASORE,MORTGAGE WITH POSSESION,,,120000,,2009,True,True,render_gcs_ingest
910010401182,1,SALE,ANGUL,UNKNOWN,RECONVEYANCE OF MORTGAGE,,24-Apr-2004,,,2004,True,True,render_gcs_ingest
910130201094,1,SALE,BALASORE,SIMULIA,SALE IMMOVABLE,21-Jul-2002,21-Jul-2002,20000,1094,2002,True,True,render_gcs_ingest
910030300217,1,SALE,ANGUL,CHHENDIPADA,SALE IMMOVABLE,09-Apr-2003,09-Apr-2003,27762,217,2003,True,True,render_gcs_ingest
910880903411,1,SALE,KALAHANDI,BHAWANIPATNA,SALE IMMOVABLE,,23-Jan-2009,9680,3411,2009,True,True,render_gcs_ingest
910930800625,1,SALE,KENDRAPARA,KENDRAPARA,SALE IMMOVABLE,22-Jun-2008,22-Jun-2008,20000,625,2008,True,True,render_gcs_ingest
910030200474,1,SALE,UNKNOWN,UNKNOWN,SALE IMMOVABLE,,,,,2002,True,True,render_gcs_ingest
910010904472,1,SALE,ANGUL,UNKNOWN,SALE IMMOVABLE,,,231000,4472,2009,True,True,render_gcs_ingest
910010300707,1,SALE,UNKNOWN,UNKNOWN,SALE IMMOVABLE,,,,707,2003,True,True,render_gcs_ingest
910010301657,1,SALE,UNKNOWN,UNKNOWN,SALE IMMOVABLE,12-Aug-2003,,,,2003,True,True,render_gcs_ingest
911190500311,1,SALE,KORAPUT,KORAPUT,SALE IMMOVABLE,15-Jun-2005,15-Jun-2005,7500,311,2005,True,True,render_gcs_ingest
910010904835,1,SALE,UNKNOWN,UNKNOWN,SALE IMMOVABLE,,,,,2009,True,True,render_gcs_ingest
910480500485,1,SALE,CUTTACK,TIGIRIA,SALE IMMOVABLE,11-Jul-2005,11-Oct-2005,9000,,2005,True,True,render_gcs_ingest
910600303641,1,SALE,UNKNOWN,UNKNOWN,SALE IMMOVABLE,,07-Dec-2003,3402,,2003,True,True,render_gcs_ingest
910039600728,1,SALE,ANGUL,CHHENDIPADA,SALE IMMOVABLE,20-Dec-1996,20-Dec-1996,16563,728,1996,True,True,render_gcs_ingest
910010502249,1,SALE,UNKNOWN,UNKNOWN,LEASE WITH ADVANCE ONLY(IMMOVABLE),11-Aug-2005,,,,2005,True,True,render_gcs_ingest
910010503222,1,SALE,UNKNOWN,UNKNOWN,SALE IMMOVABLE,,,21000,3222,,True,True,render_gcs_ingest
910100702420,1,SALE,UNKNOWN,JALESWARPUR,SALE IMMOVABLE,21-Oct-2007,21-Oct-2007,,2420,2007,True,False,render_gcs_ingest
910060306106,1,SALE,UNKNOWN,UNKNOWN,SALE IMMOVABLE,,,,,2003,True,True,render_gcs_ingest
910840500524,1,SALE,JAJPUR,SUKINDA,SALE IMMOVABLE,08-May-2005,08-May-2005,30000,,2005,True,True,render_gcs_ingest
911610500142,1,SALE,UNKNOWN,KASIPUR,SALE IMMOVABLE,26-Jan-2005,26-Jan-2005,5500,,2005,True,True,render_gcs_ingest
910030500143,1,SALE,UNKNOWN,CHHENDIPADA,SALE IMMOVABLE,01-Jan-2005,01-Jan-2005,0,,2005,True,True,render_gcs_ingest
910010502668,1,SALE,UNKNOWN,UNKNOWN,SALE IMMOVABLE,01-Sep-2005,,,,2005,True,True,render_gcs_ingest
911630100463,1,SALE,UNKNOWN,UNKNOWN,SALE IMMOVABLE,,,,463,2001,True,True,render_gcs_ingest
910780901736,1,SALE,JAJPUR,JAJPUR,SALE IMMOVABLE,02-Oct-2009,,46300,1736,2009,True,True,render_gcs_ingest
910050401928,1,SALE,ANGUL,TALCHER,LEASE ADVANCE WITH RENT IMMOVABLE,15-Nov-2004,15-Nov-2004,1466,1928,2004,True,True,render_gcs_ingest
910080000229,1,SALE,UNKNOWN,BASTA,SALE IMMOVABLE,17-Mar-2000,17-Mar-2000,1000,229,2000,True,True,render_gcs_ingest
910010503365,1,SALE,UNKNOWN,UNKNOWN,SALE IMMOVABLE,,05-Sep-2005,20000,,2005,True,True,render_gcs_ingest
910110801035,1,SALE,BALASORE,KHAIRA,SALE IMMOVABLE,21-Mar-2008,21-Mar-2008,4200,1035,2008,True,True,render_gcs_ingest
910010504051,1,SALE,UNKNOWN,UNKNOWN,SALE IMMOVABLE,,,,,2005,True,True,render_gcs_ingest
910930301754,1,SALE,KENDRAPARA,KENDRAPARA,SALE IMMOVABLE,22-Jun-2003,22-Jun-2003,8500,1754,2003,True,True,render_gcs_ingest
910010503753,1,SALE,UNKNOWN,UNKNOWN,SALE IMMOVABLE,,,0,,2005,True,True,render_gcs_ingest
910010502968,1,SALE,UNKNOWN,UNKNOWN,SALE IMMOVABLE,,,9600,2968,2005,True,True,render_gcs_ingest
910010301820,1,SALE,UNKNOWN,UNKNOWN,SALE IMMOVABLE,27-Aug-2003,08-Aug-2003,,1820,2003,True,True,render_gcs_ingest
910069802032,1,SALE,UNKNOWN,UNKNOWN,SALE IMMOVABLE,,,,,1998,True,True,render_gcs_ingest
910090302685,1,SALE,BALASORE,JALESWAR,SALE IMMOVABLE,04-Sep-2003,04-Sep-2003,,2685,2003,True,True,render_gcs_ingest
910010503973,1,SALE,UNKNOWN,UNKNOWN,SALE IMMOVABLE,23-Dec-2005,16-Nov-2005,46800,3973,2005,True,True,render_gcs_ingest
910010300775,1,SALE,UNKNOWN,UNKNOWN,SALE IMMOVABLE,,24-Mar-2003,10710,,2003,True,True,render_gcs_ingest
911050700452,1,SALE,UNKNOWN,UNKNOWN,SALE IMMOVABLE,,,,,2007,True,True,render_gcs_ingest
910010900099,1,SALE,UNKNOWN,UNKNOWN,SALE IMMOVABLE,,,,,2009,True,True,render_gcs_ingest
910460901085,1,SALE,CUTTACK,UNKNOWN,SALE IMMOVABLE,08-Feb-2009,08-Feb-2009,,1085,2009,True,True,render_gcs_ingest
911580500214,1,SALE,RAYAGADA,RAYAGADA,SALE IMMOVABLE,30-Jan-2005,30-Jan-2005,41000,214,2005,True,True,render_gcs_ingest
910030100479,1,SALE,UNKNOWN,UNKNOWN,SALE IMMOVABLE,,,,,,True,True,render_gcs_ingest
911510501810,1,SALE,PURI,KAKATPUR,LEASE WITH ADVANCE ONLY(IMMOVABLE),28-Sep-2005,13-Aug-2005,1950,1810,2005,True,True,render_gcs_ingest
910060806029,1,SALE,BALASORE,BALASORE,MORTGAGE WITH POSSESION,,11-Nov-2008,550000,,2008,True,True,render_gcs_ingest
911270200044,1,SALE,UNKNOWN,UNKNOWN,SALE IMMOVABLE,,,,,,True,True,render_gcs_ingest
910070901411,1,SALE,BALASORE,BALIAPAL,SALE IMMOVABLE,24-Aug-2009,24-Aug-2009,24688,1411,2009,True,True,render_gcs_ingest
910019500512,1,SALE,UNKNOWN,UNKNOWN,SALE IMMOVABLE,,,0,,1995,True,True,render_gcs_ingest
910050300597,1,SALE,ANGUL,TALCHER,SALE IMMOVABLE,17-May-2003,17-May-2003,,597,2003,True,True,render_gcs_ingest
910100500266,1,SALE,BALASORE,JALESWARPUR,SALE IMMOVABLE,25-Dec-2005,25-Dec-2005,9250,266,2005,True,False,render_gcs_ingest
910010500516,1,SALE,UNKNOWN,UNKNOWN,SALE IMMOVABLE,,,6400,516,2005,True,True,render_gcs_ingest
911710500268,1,SALE,SUNDARGARH,PANPOSH,LEASE RENT RESERVED(IMMOVABLE),11-Dec-2005,11-Dec-2005,0,268,2005,True,True,render_gcs_ingest
910019502022,1,SALE,UNKNOWN,UNKNOWN,SALE IMMOVABLE,,,,,1995,True,True,render_gcs_ingest
910010900713,1,SALE,UNKNOWN,UNKNOWN,SALE IMMOVABLE,,,,,,True,True,render_gcs_ingest
911589901530,1,SALE,RAYAGADA,RAYAGADA,SALE IMMOVABLE,04-Apr-1999,04-Apr-1999,21000,1530,1999,True,True,render_gcs_ingest
910030300409,1,SALE,ANGUL,UNKNOWN,SALE IMMOVABLE,19-Oct-2003,19-Oct-2003,28756,409,2003,True,True,render_gcs_ingest
910010700872,1,SALE,UNKNOWN,UNKNOWN,SALE IMMOVABLE,,,,,2007,True,True,render_gcs_ingest
910050300595,1,SALE,ANGUL,TALCHER,LEASE RENT RESERVED(IMMOVABLE),,,,,2003,True,True,render_gcs_ingest
910020301121,1,SALE,ANGUL,ATHAMALLIK,SALE IMMOVABLE,,28-Oct-2003,,1121,2003,True,True,render_gcs_ingest
910010902098,1,SALE,UNKNOWN,UNKNOWN,SALE IMMOVABLE,,11-May-2009,26800,2098,2009,True,False,render_gcs_ingest
910050501455,1,SALE,UNKNOWN,UNKNOWN,SALE IMMOVABLE,,22-Sep-2005,,,2005,True,True,render_gcs_ingest
910010502969,1,SALE,UNKNOWN,UNKNOWN,RECONVEYANCE OF MORTGAGE,,,0,,2005,True,True,render_gcs_ingest
910060506848,1,SALE,UNKNOWN,UNKNOWN,SALE IMMOVABLE,,,,,2005,True,True,render_gcs_ingest
910010402249,1,SALE,UNKNOWN,UNKNOWN,SALE IMMOVABLE,,,,,2004,True,True,render_gcs_ingest
910430701644,1,SALE,UNKNOWN,UNKNOWN,SALE IMMOVABLE,,24-Jun-2007,,,2007,True,True,render_gcs_ingest
910780701224,1,SALE,UNKNOWN,UNKNOWN,SALE IMMOVABLE,,,,,2007,True,True,render_gcs_ingest
911260300836,1,SALE,MAYURBHANJ,MAYURBHANJ,SALE IMMOVABLE,30-Mar-2003,30-Mar-2003,500000,836,2003,True,True,render_gcs_ingest
911600701124,1,SALE,UNKNOWN,UNKNOWN,SALE IMMOVABLE,16-Dec-2007,16-Dec-2007,44900,1124,2007,True,True,render_gcs_ingest
910010402278,1,SALE,UNKNOWN,UNKNOWN,SALE IMMOVABLE,,,,,1910,True,True,render_gcs_ingest
910010301744,1,SALE,UNKNOWN,UNKNOWN,SALE IMMOVABLE,,25-Jul-2003,15500,,2003,True,True,render_gcs_ingest
910010905384,1,SALE,UNKNOWN,UNKNOWN,SALE IMMOVABLE,,30-Nov-2009,,,2009,True,True,render_gcs_ingest
911720700227,1,SALE,UNKNOWN,UNKNOWN,SALE IMMOVABLE,13-May-2007,13-May-2007,,227,2007,True,True,render_gcs_ingest
910650802209,1,SALE,UNKNOWN,UNKNOWN,SALE IMMOVABLE,,,,,2008,True,True,render_gcs_ingest
910090800952,1,SALE,BALASORE,JALESWAR,SALE IMMOVABLE,04-May-2008,04-May-2008,34200,952,2008,True,True,render_gcs_ingest
911580500359,1,SALE,UNKNOWN,UNKNOWN,SALE IMMOVABLE,18-Jun-2005,06-Feb-2005,,,2005,True,True,render_gcs_ingest
910040300387,1,SALE,UNKNOWN,PALLAHARA,SALE IMMOVABLE,,,,387,2003,True,True,render_gcs_ingest
910010501416,1,SALE,UNKNOWN,UNKNOWN,SALE IMMOVABLE,,02-Apr-2005,0,1416,2005,True,True,render_gcs_ingest
910850700109,1,SALE,UNKNOWN,UNKNOWN,SALE IMMOVABLE,,,,,,True,True,render_gcs_ingest
910010300217,1,SALE,UNKNOWN,UNKNOWN,SALE IMMOVABLE,20-May-2003,,37200,,2003,True,True,render_gcs_ingest
910050900035,1,SALE,UNKNOWN,TALCHER,SALE IMMOVABLE,,05-Oct-2009,22500,35,2009,True,True,render_gcs_ingest
911250800054,1,SALE,UNKNOWN,CHITRAKONDA,SALE IMMOVABLE,,,,,2008,True,True,render_gcs_ingest
911530501305,1,SALE,UNKNOWN,PIPILI,SALE IMMOVABLE,,,0,1305,2005,True,True,render_gcs_ingest
911720900397,1,SALE,SUNDARGARH,BANEI,SALE IMMOVABLE,04-Oct-2009,04-Oct-2009,,397,2009,True,True,render_gcs_ingest
910970900300,1,SALE,UNKNOWN,PATTAMUNDAI,SALE IMMOVABLE,,,,,,True,True,render_gcs_ingest
911120902829,1,SALE,KHURDA,JATANI,SALE IMMOVABLE,28-Nov-2009,28-Nov-2009,65100,2829,2009,True,True,render_gcs_ingest
910010902275,1,SALE,UNKNOWN,UNKNOWN,SALE IMMOVABLE,,,18975,2275,2009,True,False,render_gcs_ingest
911580300580,1,SALE,RAYAGADA,RAYAGADA,SALE IMMOVABLE,,20-Apr-2003,16000,,2003,True,True,render_gcs_ingest
911600400716,1,SALE,RAYAGADA,GUNUPUR,SALE IMMOVABLE,11-Jul-2004,11-Jul-2004,7000,716,2004,True,True,render_gcs_ingest
910970300198,1,SALE,KENDRAPARA,PATTAMUNDAI,SALE IMMOVABLE,21-Feb-2003,12-Feb-2003,1000,198,2003,True,True,render_gcs_ingest
910030000523,1,SALE,UNKNOWN,UNKNOWN,SALE IMMOVABLE,,,,,2000,True,True,render_gcs_ingest
910820302414,1,SALE,JAJPUR,DOLIPUR,SALE IMMOVABLE,14-Nov-2003,,17625,,2003,True,True,render_gcs_ingest
910060900948,1,SALE,UNKNOWN,UNKNOWN,MORTGAGE WITH POSSESION,19-Feb-2009,19-Feb-2009,,948,2009,True,False,render_gcs_ingest
910820703534,1,SALE,UNKNOWN,UNKNOWN,SALE IMMOVABLE,,,,,2007,True,True,render_gcs_ingest
910010901244,1,SALE,UNKNOWN,UNKNOWN,SALE IMMOVABLE,17-Mar-2009,17-Mar-2009,110000,,2009,True,True,render_gcs_ingest
910010902108,1,SALE,UNKNOWN,UNKNOWN,SALE IMMOVABLE,,,,,2009,True,True,render_gcs_ingest
910070700215,1,SALE,BALASORE,BALIAPAL,SALE IMMOVABLE,04-Feb-2007,04-Feb-2007,72000,215,2007,True,True,render_gcs_ingest
910140302399,1,SALE,UNKNOWN,UNKNOWN,SALE IMMOVABLE,,,11500,,2003,True,False,render_gcs_ingest
910060306914,1,SALE,BALASORE,BALASORE,SALE IMMOVABLE,18-Oct-2003,17-Oct-2003,3750,6914,2003,True,True,render_gcs_ingest
910010502971,1,SALE,UNKNOWN,UNKNOWN,RECONVEYANCE OF MORTGAGE,,,0,,2005,True,True,render_gcs_ingest
910010704111,1,SALE,UNKNOWN,UNKNOWN,SALE IMMOVABLE,,,,,2007,True,True,render_gcs_ingest
910010503992,1,SALE,UNKNOWN,UNKNOWN,SALE IMMOVABLE,,,9800,3992,2005,True,True,render_gcs_ingest
910090302007,1,SALE,BALASORE,JALESWAR,SALE IMMOVABLE,22-Jun-2003,22-Jun-2003,0,2007,2003,True,True,render_gcs_ingest
910080900368,1,SALE,UNKNOWN,UNKNOWN,SALE IMMOVABLE,,,13200,,2009,True,True,render_gcs_ingest
910320700548,1,SALE,BOLANGIR,PATNAGARH,SALE IMMOVABLE,14-Apr-2007,14-Apr-2007,17000,548,2007,True,True,render_gcs_ingest
910060504752,1,SALE,BALASORE,BALASORE,LEASE RENT RESERVED(IMMOVABLE),,02-Jun-2005,1200,,2005,True,True,render_gcs_ingest
910020300928,1,SALE,UNKNOWN,UNKNOWN,SALE IMMOVABLE,17-Jun-2003,17-Jun-2003,27600,,2003,True,True,render_gcs_ingest
911270100550,1,SALE,MAYURBHANJ,RAIRANGPUR,SALE IMMOVABLE,17-Jun-2001,17-Jun-2001,33000,550,2001,True,True,render_gcs_ingest
910810802289,1,SALE,UNKNOWN,DHARMASALA,SALE IMMOVABLE,10-Aug-2008,10-Aug-2008,6000,2289,2008,True,True,render_gcs_ingest
910010900655,1,SALE,UNKNOWN,UNKNOWN,SALE IMMOVABLE,,07-Feb-2009,,,2009,True,True,render_gcs_ingest
910010700161,1,SALE,UNKNOWN,UNKNOWN,SALE IMMOVABLE,,10-Jan-2007,24500,161,2007,True,True,render_gcs_ingest
910010200840,1,SALE,UNKNOWN,UNKNOWN,SALE IMMOVABLE,23-Sep-2002,20-Mar-2002,,840,2002,True,True,render_gcs_ingest
910060505842,1,SALE,BALASORE,BALASORE,SALE IMMOVABLE,04-Aug-2005,04-Aug-2005,13020,5842,2005,True,True,render_gcs_ingest
910010301893,1,SALE,UNKNOWN,UNKNOWN,SALE IMMOVABLE,,,,,,True,True,render_gcs_ingest
911240200002,1,SALE,MALKANGIRI,MOTU,SALE IMMOVABLE,09-Jun-2002,09-Jun-2002,8000,2,2002,True,True,render_gcs_ingest
910260500469,1,SALE,BHADRAK,BONTH,SALE IMMOVABLE,30-May-2005,22-May-2005,20400,469,2005,True,True,render_gcs_ingest
910060305242,1,SALE,BALASORE,BALASORE,SALE IMMOVABLE,08-Jul-2003,05-Jul-2003,42000,,2003,True,True,render_gcs_ingest
910019901632,1,SALE,UNKNOWN,UNKNOWN,SALE IMMOVABLE,,,,,1999,True,True,render_gcs_ingest
911100501835,1,SALE,KHURDA,BANPUR,SALE IMMOVABLE,16-Oct-2005,16-Oct-2005,33575,1835,2005,True,True,render_gcs_ingest
910250800787,1,SALE,UNKNOWN,BHANDARIPOKHARI,SALE IMMOVABLE,16-Aug-2008,16-Aug-2008,,787,2008,True,True,render_gcs_ingest
910060302313,1,SALE,UNKNOWN,UNKNOWN,LEASE RENT RESERVED(IMMOVABLE),07-Apr-2003,,1800,2313,2003,True,True,render_gcs_ingest
910010801528,1,SALE,UNKNOWN,UNKNOWN,SALE IMMOVABLE,,,23000,,2008,True,True,render_gcs_ingest
910010502521,1,SALE,UNKNOWN,UNKNOWN,SALE IMMOVABLE,,,,,2005,True,True,render_gcs_ingest
911140901616,1,SALE,KHURDA,KHURDA,SALE IMMOVABLE,,,28950,,2009,True,True,render_gcs_ingest
910060505721,1,SALE,UNKNOWN,UNKNOWN,SALE IMMOVABLE,,28-Jul-2005,1500,5721,2005,True,True,render_gcs_ingest
910010402684,1,SALE,UNKNOWN,UNKNOWN,SALE IMMOVABLE,,,,,2004,True,True,render_gcs_ingest
911420800494,1,SALE,NUAPADA,NUAPADA,SALE IMMOVABLE,22-Mar-2008,22-Mar-2008,12000,494,2008,True,True,render_gcs_ingest
910010501069,1,SALE,UNKNOWN,UNKNOWN,SALE IMMOVABLE,,,,,2005,True,True,render_gcs_ingest
910010501034,1,SALE,UNKNOWN,UNKNOWN,SALE IMMOVABLE,,,,,2005,True,True,render_gcs_ingest
911670700261,1,SALE,SUBARNAPUR,UNKNOWN,SALE IMMOVABLE,,,7400,,2007,True,True,render_gcs_ingest
910610803890,1,SALE,UNKNOWN,UNKNOWN,SALE IMMOVABLE WITH  AGREEMENT,,08-Jun-2008,567970,,2008,True,True,render_gcs_ingest
911030500228,1,SALE,KEONJHAR,UNKNOWN,LEASE ADVANCE WITH RENT IMMOVABLE,15-May-2005,,,228,2005,True,True,render_gcs_ingest
911140502784,1,SALE,KHURDA,KHURDA,SALE IMMOVABLE,13-Nov-2005,13-Nov-2005,50400,2784,2005,True,True,render_gcs_ingest
911060800416,1,SALE,UNKNOWN,UNKNOWN,SALE IMMOVABLE,,,,,2008,True,True,render_gcs_ingest
911600500011,1,SALE,RAYAGADA,GUNUPUR,SALE IMMOVABLE,,,,,,True,True,render_gcs_ingest
910060700869,1,SALE,BALASORE,BALASORE,SALE IMMOVABLE,03-Feb-2007,03-Feb-2007,16800,869,2007,True,True,render_gcs_ingest
910060300410,1,SALE,UNKNOWN,UNKNOWN,LEASE ADVANCE WITH RENT IMMOVABLE,,,,,2003,True,True,render_gcs_ingest
910010201603,1,SALE,UNKNOWN,UNKNOWN,SALE IMMOVABLE,,,7000,,2002,True,True,render_gcs_ingest
910060003073,1,SALE,BALASORE,BALASORE,SALE IMMOVABLE,24-Jun-2000,24-Jun-2000,22500,3073,2000,True,True,render_gcs_ingest
910020500687,1,SALE,UNKNOWN,UNKNOWN,SALE IMMOVABLE,,,,,2005,True,True,render_gcs_ingest
910320901401,1,SALE,BOLANGIR,PATNAGARH,SALE IMMOVABLE,24-May-2009,24-May-2009,9000,,2009,True,True,render_gcs_ingest
910300300369,1,SALE,BHADRAK,TIHIDI,SALE IMMOVABLE,01-Apr-2003,01-Apr-2003,12500,369,2003,True,True,render_gcs_ingest
911610400197,1,SALE,RAYAGADA,KASIPUR,SALE IMMOVABLE,,08-Feb-2004,900,197,2004,True,True,render_gcs_ingest
910180700343,1,SALE,BARGARH,SOHELLA,SALE IMMOVABLE,23-Jan-2007,23-Jan-2007,7000,343,2007,True,True,render_gcs_ingest
910830500728,1,SALE,JAJPUR,UNKNOWN,SALE IMMOVABLE,,,32000,728,,True,True,render_gcs_ingest
910010903004,1,SALE,UNKNOWN,UNKNOWN,SALE IMMOVABLE,,30-Jun-2009,101750,,2009,True,True,render_gcs_ingest
910010704955,1,SALE,UNKNOWN,UNKNOWN,SALE IMMOVABLE,17-Dec-2007,,60500,4955,2007,True,True,render_gcs_ingest
910010703245,1,SALE,UNKNOWN,UNKNOWN,SALE IMMOVABLE,,,,,2007,True,True,render_gcs_ingest
910410701510,1,SALE,UNKNOWN,BANKI,SALE IMMOVABLE,11-Dec-2007,,,,2007,True,True,render_gcs_ingest
911250500028,1,SALE,MALKANGIRI,CHITRAKONDA,SALE IMMOVABLE,20-Apr-2005,01-Apr-2005,25000,28,2005,True,True,render_gcs_ingest
910050700737,1,SALE,UNKNOWN,UNKNOWN,SALE IMMOVABLE,,,,,2007,True,True,render_gcs_ingest
911719800915,1,SALE,SUNDARGARH,PANPOSH,LEASE RENT RESERVED(IMMOVABLE),11-Oct-1998,11-Oct-1998,18000,915,1998,True,True,render_gcs_ingest
910010700004,1,SALE,UNKNOWN,UNKNOWN,SALE IMMOVABLE,10-Jan-2007,,,,2007,True,True,render_gcs_ingest
910970400034,1,SALE,KENDRAPARA,UNKNOWN,SALE IMMOVABLE,,,30000,,,True,True,render_gcs_ingest
910560500337,1,SALE,UNKNOWN,UNKNOWN,LEASE WITH ADVANCE ONLY(IMMOVABLE),08-Oct-2005,08-Oct-2005,,337,2005,True,True,render_gcs_ingest
910010703276,1,SALE,UNKNOWN,UNKNOWN,SALE IMMOVABLE,28-Aug-2007,,,,2007,True,True,render_gcs_ingest
910580500107,1,SALE,UNKNOWN,UNKNOWN,SALE IMMOVABLE,,,,,2005,True,True,render_gcs_ingest
910260500465,1,SALE,BHADRAK,UNKNOWN,SALE IMMOVABLE,30-May-2005,29-May-2005,33000,465,2005,True,True,render_gcs_ingest
910550900379,1,SALE,UNKNOWN,UNKNOWN,SALE IMMOVABLE,10-Feb-2009,,,,2009,True,True,render_gcs_ingest
910260300171,1,SALE,UNKNOWN,UNKNOWN,SALE IMMOVABLE,,,,,2003,True,True,render_gcs_ingest
910900501007,1,SALE,KALAHANDI,UNKNOWN,SALE IMMOVABLE,18-Jun-2005,,,1007,2005,True,True,render_gcs_ingest
910640901368,1,SALE,UNKNOWN,UNKNOWN,SALE IMMOVABLE,,,,,,True,True,render_gcs_ingest
910010701441,1,SALE,UNKNOWN,UNKNOWN,SALE IMMOVABLE,,,,,2007,True,True,render_gcs_ingest
910010905641,1,SALE,UNKNOWN,UNKNOWN,SALE IMMOVABLE,22-Feb-2009,14-Dec-2009,,5641,2009,True,True,render_gcs_ingest
910010500063,1,SALE,UNKNOWN,UNKNOWN,SALE IMMOVABLE,,,,,2005,True,True,render_gcs_ingest
910060504983,1,SALE,UNKNOWN,UNKNOWN,LEASE ADVANCE WITH RENT IMMOVABLE,,,,4983,2005,True,True,render_gcs_ingest
910080103032,1,SALE,UNKNOWN,UNKNOWN,SALE IMMOVABLE,20-Dec-2001,,9400,3032,2001,True,True,render_gcs_ingest
910010500116,1,SALE,UNKNOWN,UNKNOWN,SALE IMMOVABLE,,,,,2005,True,True,render_gcs_ingest
910010705112,1,SALE,UNKNOWN,UNKNOWN,SALE IMMOVABLE,28-Dec-2007,,0,,2007,True,True,render_gcs_ingest
910460900247,1,SALE,CUTTACK,NIALI,SALE IMMOVABLE,16-Feb-2009,14-Feb-2009,5000,247,2009,True,True,render_gcs_ingest
911600901026,1,SALE,RAYAGADA,GUNUPUR,SALE IMMOVABLE,09-Aug-2009,09-Aug-2009,17600,1026,2009,True,True,render_gcs_ingest
910750102866,1,SALE,JAGATSINGHPUR,KUJANGA,SALE IMMOVABLE,12-Nov-2001,11-Nov-2001,10000,2866,2001,True,True,render_gcs_ingest
910010601954,1,SALE,UNKNOWN,UNKNOWN,SALE IMMOVABLE,,05-May-2006,111600,1954,2006,True,True,render_gcs_ingest
910660101872,1,SALE,UNKNOWN,UNKNOWN,GIFT IMMOVABLE,,,,,2001,True,True,render_gcs_ingest
910310600615,1,SALE,BOLANGIR,BALANGIR,SALE IMMOVABLE,29-Mar-2006,26-Mar-2006,13000,615,2006,True,True,render_gcs_ingest
910010200325,1,SALE,UNKNOWN,UNKNOWN,SALE IMMOVABLE,06-Aug-2002,29-Jan-2002,50000,325,2002,True,True,render_gcs_ingest
910060306832,1,SALE,BALASORE,BALASORE,SALE IMMOVABLE,08-Oct-2003,08-Oct-2003,,6832,2003,True,True,render_gcs_ingest
910010500890,1,SALE,UNKNOWN,UNKNOWN,SALE IMMOVABLE,,,,,2005,True,True,render_gcs_ingest
910030300361,1,SALE,UNKNOWN,UNKNOWN,SALE IMMOVABLE,10-Oct-2003,,7969,,2003,True,True,render_gcs_ingest
910120801164,1,SALE,UNKNOWN,UNKNOWN,SALE IMMOVABLE,,,,,,True,True,render_gcs_ingest
910010502456,1,SALE,UNKNOWN,UNKNOWN,SALE IMMOVABLE,20-Aug-2005,09-Jun-2005,,,2005,True,True,render_gcs_ingest
911240700054,1,SALE,MALKANGIRI,MOTU,SALE IMMOVABLE,08-Aug-2007,11-Mar-2007,30000,54,2007,True,True,render_gcs_ingest
910050100457,1,SALE,UNKNOWN,UNKNOWN,SALE IMMOVABLE,22-Apr-2001,,20250,457,2001,True,True,render_gcs_ingest
910020500267,1,SALE,UNKNOWN,UNKNOWN,SALE IMMOVABLE,,,,,2005,True,True,render_gcs_ingest
910350900755,1,SALE,UNKNOWN,UNKNOWN,SALE IMMOVABLE,22-Feb-2009,22-Feb-2009,10000,,2009,True,True,render_gcs_ingest
911110800737,1,SALE,KHURDA,BEGUNIA,SALE IMMOVABLE,21-Dec-2008,21-Dec-2008,18000,737,2008,True,True,render_gcs_ingest
910010504035,1,SALE,UNKNOWN,UNKNOWN,SALE IMMOVABLE,24-Dec-2005,,,,2005,True,True,render_gcs_ingest
910010300592,1,SALE,UNKNOWN,UNKNOWN,SALE IMMOVABLE,,,,,,True,True,render_gcs_ingest
910010702239,1,SALE,UNKNOWN,UNKNOWN,RECONVEYANCE OF MORTGAGE,,,0,,2007,True,True,render_gcs_ingest
911320500210,1,SALE,MAYURBHANJ,RASAGOBINDAPUR,SALE IMMOVABLE,14-Apr-2005,14-Apr-2005,17160,210,2005,True,True,render_gcs_ingest
910930702318,1,SALE,KENDRAPARA,KENDRAPARA,SALE IMMOVABLE,12-Aug-2007,12-Aug-2007,4000,2318,2007,True,True,render_gcs_ingest
910060700605,1,SALE,BALASORE,BALASORE,SALE IMMOVABLE,27-Jan-2007,27-Jan-2007,10500,605,2007,True,True,render_gcs_ingest
910010900364,1,SALE,UNKNOWN,UNKNOWN,SALE IMMOVABLE,,,92400,,2009,True,True,render_gcs_ingest
910460800946,1,SALE,UNKNOWN,UNKNOWN,SALE IMMOVABLE,,,,,2008,True,True,render_gcs_ingest
910940301018,1,SALE,KENDRAPARA,AUL,SALE IMMOVABLE,17-Oct-2003,26-Oct-2003,3900,1018,2003,True,True,render_gcs_ingest
910060300078,1,SALE,UNKNOWN,BALASORE,SALE IMMOVABLE,,,,,2003,True,True,render_gcs_ingest
910010700526,1,SALE,UNKNOWN,UNKNOWN,SALE IMMOVABLE,,,126000,,2007,True,True,render_gcs_ingest
910010902676,1,SALE,UNKNOWN,UNKNOWN,SALE IMMOVABLE,,10-Jun-2009,21175,2676,2009,True,True,render_gcs_ingest
911680900333,1,SALE,UNKNOWN,UNKNOWN,SALE CANCELLATION EXECUTANT (IMMOVABLE),17-May-2009,17-May-2009,45000,333,2009,True,True,render_gcs_ingest
910010301413,1,SALE,UNKNOWN,UNKNOWN,RECONVEYANCE OF MORTGAGE,,,0,,2003,True,True,render_gcs_ingest
910610303813,1,SALE,UNKNOWN,BERHAMPUR-I,SALE IMMOVABLE,,,,3813,2003,True,True,render_gcs_ingest
911610200241,1,SALE,UNKNOWN,UNKNOWN,GIFT IMMOVABLE,,,,,2002,True,True,render_gcs_ingest
910250900257,1,SALE,UNKNOWN,UNKNOWN,SALE IMMOVABLE,,,,,2009,True,True,render_gcs_ingest
910380300038,1,SALE,UNKNOWN,KANTAMAL,LEASE WITH ADVANCE ONLY(IMMOVABLE),,,0,38,2003,True,True,render_gcs_ingest
910650302266,1,SALE,UNKNOWN,UNKNOWN,SALE IMMOVABLE,,,,,2003,True,True,render_gcs_ingest
910010403009,1,SALE,UNKNOWN,UNKNOWN,SALE IMMOVABLE,11-Oct-2004,27-Sep-2004,8000,3009,2004,True,True,render_gcs_ingest
910340500309,1,SALE,BOLANGIR,KANTABANJHI,MORTGAGE WITHOUT POSSESION,,,374640,309,2005,True,True,render_gcs_ingest
910020300452,1,SALE,UNKNOWN,UNKNOWN,SALE IMMOVABLE,,,,,2003,True,False,render_gcs_ingest
910039600616,1,SALE,UNKNOWN,UNKNOWN,SALE IMMOVABLE,,,,,1996,True,True,render_gcs_ingest
910760800489,1,SALE,JAGATSINGHPUR,RAGHUNATHPUR,SALE IMMOVABLE,21-Mar-2008,21-Mar-2008,2500,489,2008,True,True,render_gcs_ingest
910010500274,1,SALE,UNKNOWN,UNKNOWN,SALE IMMOVABLE,,19-Jan-2005,7800,,2005,True,True,render_gcs_ingest
910010501378,1,SALE,UNKNOWN,UNKNOWN,SALE IMMOVABLE,,,18200,,2005,True,True,render_gcs_ingest
910060303372,1,SALE,BALASORE,BALASORE,LEASE RENT RESERVED(IMMOVABLE),,26-Apr-2003,3000,3372,2003,True,True,render_gcs_ingest
910060701111,1,SALE,UNKNOWN,UNKNOWN,SALE IMMOVABLE,15-Feb-2007,,,,2007,True,False,render_gcs_ingest
911530800592,1,SALE,PURI,PIPILI,SALE IMMOVABLE,07-Apr-2008,06-Apr-2008,2340,592,2008,True,True,render_gcs_ingest
910010502420,1,SALE,UNKNOWN,UNKNOWN,SALE IMMOVABLE,,,6700,,2005,True,True,render_gcs_ingest
911370900368,1,SALE,NAYAGARH,NAYAGARH,SALE IMMOVABLE,18-Jan-2009,18-Jan-2009,25663,368,2009,True,True,render_gcs_ingest
910710300922,1,SALE,UNKNOWN,UNKNOWN,SALE IMMOVABLE,,,38560,922,,True,True,render_gcs_ingest
910290300425,1,SALE,BHADRAK,DHUSURI,SALE IMMOVABLE,19-Aug-2003,19-Aug-2003,12800,425,2003,True,True,render_gcs_ingest
911510401769,1,SALE,PURI,KAKATPUR,SALE IMMOVABLE,31-Oct-2004,31-Oct-2004,960,1769,2004,True,True,render_gcs_ingest
910010700649,1,SALE,UNKNOWN,UNKNOWN,SALE IMMOVABLE,01-Mar-2007,,,,2007,True,True,render_gcs_ingest
910010502463,1,SALE,UNKNOWN,UNKNOWN,SALE IMMOVABLE,,,,,2005,True,True,render_gcs_ingest
910010900001,1,SALE,UNKNOWN,UNKNOWN,SALE IMMOVABLE,,01-Jan-2009,157500,,2009,True,True,render_gcs_ingest
911050800130,1,SALE,UNKNOWN,UNKNOWN,SALE IMMOVABLE,,,11000,,2008,True,True,render_gcs_ingest
910010300774,1,SALE,UNKNOWN,UNKNOWN,SALE IMMOVABLE,17-Jun-2003,,,774,2003,True,True,render_gcs_ingest
911350500175,1,SALE,UNKNOWN,UNKNOWN,LEASE WITH ADVANCE ONLY(IMMOVABLE),14-Jun-2005,14-Jun-2005,2000,175,2005,True,True,render_gcs_ingest
910060702482,1,SALE,UNKNOWN,UNKNOWN,SALE IMMOVABLE,,,,2482,2007,True,True,render_gcs_ingest
910010200704,1,SALE,UNKNOWN,UNKNOWN,SALE IMMOVABLE,,,,,2002,True,True,render_gcs_ingest
910010500671,1,SALE,UNKNOWN,UNKNOWN,SALE IMMOVABLE,,16-Feb-2005,11000,,2005,True,True,render_gcs_ingest
910150502717,1,SALE,BARGARH,BARGARH,SALE IMMOVABLE,,,,,2005,True,True,render_gcs_ingest
910010702298,1,SALE,UNKNOWN,UNKNOWN,SALE IMMOVABLE,23-Jun-2007,02-Jun-2007,13500,2298,2007,True,True,render_gcs_ingest
910060906390,1,SALE,BALASORE,BALASORE,SALE IMMOVABLE,07-Nov-2009,07-Nov-2009,68992,6390,2009,True,True,render_gcs_ingest
910010501614,1,SALE,UNKNOWN,UNKNOWN,SALE IMMOVABLE,,,,,2005,True,True,render_gcs_ingest
911050500162,1,SALE,KEONJHAR,UNKNOWN,SALE IMMOVABLE,08-May-2005,08-May-2005,80000,,2005,True,True,render_gcs_ingest
910480900442,1,SALE,UNKNOWN,TIGIRIA,SALE IMMOVABLE,18-Sep-2009,18-Sep-2009,61000,442,2009,True,True,render_gcs_ingest
911150700393,1,SALE,UNKNOWN,UNKNOWN,LEASE WITH ADVANCE ONLY(IMMOVABLE),,,,,2007,True,True,render_gcs_ingest
910610707368,1,SALE,UNKNOWN,UNKNOWN,RELEASE - MORE THAN RS.1000,,23-Dec-2007,,,2007,True,True,render_gcs_ingest
910060904275,1,SALE,BALASORE,UNKNOWN,MORTGAGE WITH POSSESION,18-Jul-2009,18-Jul-2009,100000,4275,2009,True,True,render_gcs_ingest
911490900107,1,SALE,UNKNOWN,UNKNOWN,SALE IMMOVABLE,,,,,,True,True,render_gcs_ingest
911000401257,1,SALE,KEONJHAR,KEONJHAR,LEASE WITH ADVANCE ONLY(IMMOVABLE),29-Aug-2004,29-Aug-2004,0,1257,2004,True,True,render_gcs_ingest
910010900759,1,SALE,UNKNOWN,UNKNOWN,SALE IMMOVABLE,,,,,2009,True,True,render_gcs_ingest
910230401145,1,SALE,BHADRAK,BHADRAK,SALE IMMOVABLE,02-Mar-2004,02-Mar-2004,5000,1145,2004,True,True,render_gcs_ingest
910010300545,1,SALE,UNKNOWN,UNKNOWN,SALE IMMOVABLE,03-Jun-2003,,,,2003,True,True,render_gcs_ingest
910010501355,1,SALE,UNKNOWN,UNKNOWN,SALE IMMOVABLE,,29-Mar-2005,,,2005,True,True,render_gcs_ingest
910060504477,1,SALE,UNKNOWN,UNKNOWN,LEASE ADVANCE WITH RENT IMMOVABLE,,,0,,2005,True,True,render_gcs_ingest
910010300585,1,SALE,UNKNOWN,UNKNOWN,SALE IMMOVABLE,,,,,2003,True,True,render_gcs_ingest
910990101719,1,SALE,UNKNOWN,UNKNOWN,SALE IMMOVABLE,,,,,2001,True,True,render_gcs_ingest
910400301085,1,SALE,CUTTACK,ATHAGARGH,SALE IMMOVABLE,,,7200,1085,,True,True,render_gcs_ingest
910010200833,1,SALE,UNKNOWN,UNKNOWN,SALE IMMOVABLE,,,,833,2002,True,True,render_gcs_ingest
910010700236,1,SALE,UNKNOWN,UNKNOWN,SALE IMMOVABLE,,,,,2007,True,True,render_gcs_ingest
910550902048,1,SALE,GAJAPATI,PARALAKHEMUNDI,RECONVEYANCE OF MORTGAGE,14-Jun-2009,14-Jun-2009,20000,2048,2009,True,True,render_gcs_ingest
910270300720,1,SALE,UNKNOWN,CHANDBALI,SALE IMMOVABLE,19-Apr-2003,18-Apr-2003,,720,2003,True,True,render_gcs_ingest
910010901432,1,SALE,UNKNOWN,UNKNOWN,SALE IMMOVABLE,,25-Mar-2009,80000,,2009,True,True,render_gcs_ingest
910720300234,1,SALE,JAGATSINGHPUR,JAGATSINGHPUR,SALE IMMOVABLE,07-Feb-2003,02-Feb-2003,9400,,2003,True,True,render_gcs_ingest
910860803449,1,SALE,UNKNOWN,UNKNOWN,SALE IMMOVABLE,,,,,2008,True,True,render_gcs_ingest
910500804014,1,SALE,DHENKANAL,DHENKANAL,SALE IMMOVABLE,15-Oct-2008,17-Aug-2008,11900,4014,2008,True,True,render_gcs_ingest
910010503833,1,SALE,UNKNOWN,UNKNOWN,SALE IMMOVABLE,,,,,2005,True,True,render_gcs_ingest
911680500472,1,SALE,UNKNOWN,BINIKA,SALE IMMOVABLE,,,11000,,2005,True,True,render_gcs_ingest
910340100627,1,SALE,UNKNOWN,UNKNOWN,SALE IMMOVABLE,,,,,2001,True,True,render_gcs_ingest
911550600188,1,SALE,PURI,DELANGA,SALE IMMOVABLE,08-Apr-2006,08-Apr-2006,13680,188,2006,True,True,render_gcs_ingest
910019501137,1,SALE,UNKNOWN,UNKNOWN,SALE IMMOVABLE,,,0,,1995,True,True,render_gcs_ingest
910019500839,1,SALE,UNKNOWN,UNKNOWN,SALE IMMOVABLE,24-Apr-1995,,0,,1995,True,True,render_gcs_ingest
910640500372,1,SALE,UNKNOWN,HINJILI,SALE IMMOVABLE,25-Feb-2005,,,,2005,True,True,render_gcs_ingest
911190900737,1,SALE,UNKNOWN,UNKNOWN,SALE IMMOVABLE,,,4000,,2009,True,True,render_gcs_ingest
910010701924,1,SALE,UNKNOWN,UNKNOWN,SALE IMMOVABLE,01-Jun-2007,,,1924,2007,True,True,render_gcs_ingest
910010900404,1,SALE,UNKNOWN,UNKNOWN,SALE IMMOVABLE,,,53200,,2009,True,True,render_gcs_ingest
911580501207,1,SALE,RAYAGADA,RAYAGADA,LEASE WITH ADVANCE ONLY(IMMOVABLE),,01-Apr-2005,2200,1207,2005,True,True,render_gcs_ingest
910790700625,1,SALE,JAJPUR,BARACHANA,SALE IMMOVABLE,25-Mar-2007,25-Mar-2007,11000,625,2007,True,True,render_gcs_ingest
910019502562,1,SALE,UNKNOWN,UNKNOWN,SALE IMMOVABLE,,,0,,1995,True,True,render_gcs_ingest
910010502351,1,SALE,UNKNOWN,UNKNOWN,SALE IMMOVABLE,,,,,2005,True,True,render_gcs_ingest
