registration_no,book_no,district,office,deed_type,registration_date,presentation_date,consideration_amount,old_reg_no,deed_volume_no,listed_on
910310402353,1,BALANGIR,BALANGIR,SALE IMMOVABLE,11-Oct-2004,11-Oct-2004,100000,2353,119,11-Oct-2004
910680402284,1,GANJAM,PURUSOTTAMPUR,SALE IMMOVABLE,01-Oct-2004,01-Oct-2004,6400,2284,2249,01-Oct-2004
911170102989,1,KORAPUT,JAYAPUR,SALE IMMOVABLE,27-Nov-2001,27-Nov-2001,40000,2989,2025,27-Nov-2001
910790601197,1,JAJPUR,BARACHANA,SALE IMMOVABLE,16-Sep-2006,16-Sep-2006,137500,1197,50,16-Sep-2006
910590103620,1,GANJAM,BHANJANAGAR,SALE IMMOVABLE,06-Nov-2001,06-Nov-2001,19400,3620,2600,06-Nov-2001
911130000243,1,KHORDHA,KHANDAGIRI,SALE IMMOVABLE,21-Jan-2000,21-Jan-2000,61100,243,11,21-Jan-2000
911540100254,1,PURI,SATYABADI,SALE IMMOVABLE,26-Mar-2001,26-Mar-2001,10000,254,11,26-Mar-2001
910390402567,1,KATAKA,KATAKA,SALE IMMOVABLE,24-May-2004,24-May-2004,0,2567,165,24-May-2004
910780202068,1,JAJPUR,JAJPUR,SALE IMMOVABLE,11-Dec-2002,11-Dec-2002,1500,2068,72,11-Dec-2002
910750101010,1,JAGATSINGHPUR,KUJANGA,SALE IMMOVABLE,10-Apr-2001,10-Apr-2001,17500,1010,30,10-Apr-2001
910370301501,1,BOUDH,BOUDH,SALE IMMOVABLE,26-Dec-2003,26-Dec-2003,8000,1501,70,26-Dec-2003
911020101992,1,KENDUJHAR,SAINKUL,SALE IMMOVABLE,16-Nov-2001,16-Nov-2001,6500,1992,36,16-Nov-2001
910570200378,1,GANJAM,CHHATRAPUR,SALE IMMOVABLE,15-Feb-2002,15-Feb-2002,29100,378,2357,15-Feb-2002
910550000457,1,GAJAPATI,PARALAKHEMUNDI,SALE IMMOVABLE,06-Mar-2000,06-Mar-2000,5400,457,8,06-Mar-2000
911560000682,1,PURI,KANAS,SALE IMMOVABLE,15-Sep-2000,15-Sep-2000,4800,682,21,15-Sep-2000
910780101933,1,JAJPUR,JAJPUR,SALE IMMOVABLE,06-Nov-2001,06-Nov-2001,10000,1933,56,06-Nov-2001
910960602462,1,KENDRAPADA,MARSAGHAI,SALE IMMOVABLE,15-Dec-2006,15-Dec-2006,20000,2462,143,15-Dec-2006
910980401270,1,KENDRAPADA,RAJNAGAR,LEASE WITH ADVANCE ONLY(IMMOVABLE),20-Nov-2004,20-Nov-2004,9999,1270,37,20-Nov-2004
910360001042,1,BALANGIR,LUISINGA,SALE IMMOVABLE,17-Oct-2000,17-Oct-2000,7000,1042,34,17-Oct-2000
911150300801,1,KHORDHA,TANGI,SALE IMMOVABLE,01-Nov-2003,01-Nov-2003,47400,801,41,01-Nov-2003
911620002392,1,SAMBALPUR,SAMBALPUR,SALE IMMOVABLE,01-Dec-2000,01-Dec-2000,63300,2392,825,01-Dec-2000
910270101568,1,BHADRAK,CHANDBALI,MORTGAGE WITHOUT POSSESION,30-May-2001,30-May-2001,323000,1568,42,30-May-2001
911570200159,1,PURI,KRUSHNAPRASAD,SALE IMMOVABLE,01-Aug-2002,01-Aug-2002,54100,159,3,01-Aug-2002
910790301216,1,JAJPUR,BARACHANA,SALE IMMOVABLE,12-Sep-2003,12-Sep-2003,6200,1216,37,12-Sep-2003
911480103161,1,PURI,PURI,SALE IMMOVABLE,27-Jun-2001,27-Jun-2001,10000,3161,94,27-Jun-2001
911370603690,1,NAYAGADA,NAYAGADA,SALE IMMOVABLE,01-Nov-2006,01-Nov-2006,9000,3690,171,01-Nov-2006
911580201315,1,RAYAGADA,RAYAGADA,SALE IMMOVABLE,21-Nov-2002,21-Nov-2002,16000,1315,39,21-Nov-2002
910690101147,1,GANJAM,SORADA,SALE IMMOVABLE,28-Aug-2001,28-Aug-2001,8100,1147,821,28-Aug-2001
911150400743,1,KHORDHA,TANGI,SALE IMMOVABLE,23-Jul-2004,23-Jul-2004,118875,743,37,23-Jul-2004
910760300929,1,JAGATSINGHPUR,RAGHUNATHPUR,SALE IMMOVABLE,19-Jul-2003,19-Jul-2003,4050,929,46,19-Jul-2003
911500201227,1,PURI,GOP,SALE IMMOVABLE,22-Oct-2002,22-Oct-2002,7500,1227,37,22-Oct-2002
910390200473,1,KATAKA,KATAKA,SALE IMMOVABLE,30-Jan-2002,30-Jan-2002,22000,473,20,30-Jan-2002
911580001587,1,RAYAGADA,RAYAGADA,SALE IMMOVABLE,17-Oct-2000,17-Oct-2000,22500,1587,0,17-Oct-2000
910630303611,1,GANJAM,DIGAPAHANDI,SALE IMMOVABLE,21-Nov-2003,21-Nov-2003,24800,3611,2314,21-Nov-2003
911520500802,1,PURI,NIMAPADA,SALE IMMOVABLE,04-May-2005,04-May-2005,12000,802,39,04-May-2005
910070600986,1,BALESHWAR,BALIAPAL,GIFT IMMOVABLE,24-May-2006,24-May-2006,3700,986,52,24-May-2006
911580501637,1,RAYAGADA,RAYAGADA,SALE IMMOVABLE,21-Oct-2005,21-Oct-2005,12000,1637,43,21-Oct-2005
911000300573,1,KENDUJHAR,KENDUJHAR,SALE IMMOVABLE,26-Mar-2003,26-Mar-2003,30000,573,35,26-Mar-2003
910340000864,1,BALANGIR,KANTABANJHI,SALE IMMOVABLE,08-Aug-2000,08-Aug-2000,10000,864,26,08-Aug-2000
910810200540,1,JAJPUR,DHARMASHALA,SALE IMMOVABLE,26-Mar-2002,26-Mar-2002,2400,540,14,26-Mar-2002
910580001593,1,GANJAM,ASIKA,SALE IMMOVABLE,20-May-2000,20-May-2000,6000,1593,2143,20-May-2000
911530001451,1,PURI,PIPILI,SALE IMMOVABLE,28-Aug-2000,28-Aug-2000,5100,1451,38,28-Aug-2000
911510402068,1,PURI,KAKATPUR,SALE IMMOVABLE,28-Dec-2004,28-Dec-2004,15014,2068,105,28-Dec-2004
911120201803,1,KHORDHA,JATANI,SALE IMMOVABLE,29-Jul-2002,29-Jul-2002,935,1803,62,29-Jul-2002
911530500205,1,PURI,PIPILI,SALE IMMOVABLE,29-Jan-2005,29-Jan-2005,14826,205,12,29-Jan-2005
910550600316,1,GAJAPATI,PARALAKHEMUNDI,SALE IMMOVABLE,15-Feb-2006,15-Feb-2006,706150,316,15,15-Feb-2006
910640600605,1,GANJAM,HINJILIKATU,SALE IMMOVABLE,25-Mar-2006,25-Mar-2006,10278,605,2132,25-Mar-2006
911260600037,1,MAYURBHANJ,MAYURBHANJ,SALE IMMOVABLE,04-Jan-2006,04-Jan-2006,169680,37,3,04-Jan-2006
911480302296,1,PURI,PURI,SALE IMMOVABLE,28-May-2003,28-May-2003,23300,2296,96,28-May-2003
910100502837,1,BALESHWAR,JALESWARPUR,SALE IMMOVABLE,26-Sep-2005,26-Sep-2005,18550,2837,152,26-Sep-2005
911500600719,1,PURI,GOP,SALE IMMOVABLE,03-Jun-2006,03-Jun-2006,20000,719,30,03-Jun-2006
911380200604,1,NAYAGADA,DASHAPALLA,SALE IMMOVABLE,24-Jun-2002,24-Jun-2002,6400,604,19,24-Jun-2002
910810102753,1,JAJPUR,DHARMASHALA,SALE IMMOVABLE,27-Nov-2001,27-Nov-2001,12000,2753,67,27-Nov-2001
910440000725,1,KATAKA,MAHANGA,SALE IMMOVABLE,09-Jun-2000,09-Jun-2000,6500,725,20,09-Jun-2000
911130503362,1,KHORDHA,KHANDAGIRI,SALE IMMOVABLE,01-Jun-2005,01-Jun-2005,162000,3362,217,01-Jun-2005
911000202076,1,KENDUJHAR,KENDUJHAR,SALE IMMOVABLE,16-Dec-2002,16-Dec-2002,15000,2076,77,16-Dec-2002
910610204807,1,GANJAM,BRAHMAPUR-I,RECONVEYANCE OF MORTGAGE,06-Nov-2002,06-Nov-2002,30000,4807,168,06-Nov-2002
910930502270,1,KENDRAPADA,KENDRAPADA,SALE IMMOVABLE,01-Aug-2005,01-Aug-2005,15000,2270,67,01-Aug-2005
910750202087,1,JAGATSINGHPUR,KUJANGA,SALE IMMOVABLE,29-Jul-2002,29-Jul-2002,4000,2087,61,29-Jul-2002
910780500369,1,JAJPUR,JAJPUR,SALE IMMOVABLE,23-Feb-2005,23-Feb-2005,4000,369,12,23-Feb-2005
910060405061,1,BALESHWAR,BALESHWAR,SALE IMMOVABLE,01-Jan-2004,01-Jan-2004,40000,5061,294,01-Jan-2004
911520000527,1,PURI,NIMAPADA,SALE IMMOVABLE,15-Apr-2000,15-Apr-2000,2500,527,16,15-Apr-2000
911480201759,1,PURI,PURI,SALE IMMOVABLE,27-Apr-2002,27-Apr-2002,4000,1759,58,27-Apr-2002
910880500251,1,KALAHANDI,BHABANIPATANA,SALE IMMOVABLE,08-Feb-2005,08-Feb-2005,11260,251,1072,08-Feb-2005
910890201305,1,KALAHANDI,DHARMAGADA,SALE IMMOVABLE,24-Jun-2002,24-Jun-2002,68800,1305,469,24-Jun-2002
911800100077,1,KORAPUT,MACHHAKUND,SALE IMMOVABLE,20-Apr-2001,20-Apr-2001,8000,77,22,20-Apr-2001
910060001693,1,BALESHWAR,BALESHWAR,SALE IMMOVABLE,10-Apr-2000,10-Apr-2000,22500,1693,62,10-Apr-2000
910400100657,1,KATAKA,ATHAGADA,SALE IMMOVABLE,16-Mar-2001,16-Mar-2001,8150,657,19,16-Mar-2001
910820101680,1,JAJPUR,DOLIPUR,SALE IMMOVABLE,04-Jun-2001,04-Jun-2001,9800,1680,42,04-Jun-2001
910940100780,1,KENDRAPADA,AALI,SALE IMMOVABLE,29-Jun-2001,29-Jun-2001,29600,780,16,29-Jun-2001
910840200349,1,JAJPUR,SUKINDA,SALE IMMOVABLE,01-May-2002,01-May-2002,20300,349,2,01-May-2002
910800400458,1,JAJPUR,BARI,SALE IMMOVABLE,14-May-2004,14-May-2004,0,458,24,14-May-2004
910240200211,1,BHADRAK,BASUDEVPUR,SALE IMMOVABLE,28-Jan-2002,28-Jan-2002,10700,211,7,28-Jan-2002
911370300498,1,NAYAGADA,NAYAGADA,SALE IMMOVABLE,14-Feb-2003,14-Feb-2003,20000,498,24,14-Feb-2003
910430501705,1,KATAKA,JAGATPUR,SALE IMMOVABLE,26-Sep-2005,26-Sep-2005,10125,1705,99,26-Sep-2005
910860101619,1,JHARSUGUDA,JHARSUGUDA,SALE IMMOVABLE,06-Nov-2001,06-Nov-2001,4000,1619,59,06-Nov-2001
911680100045,1,SUBARNAPUR,BINIKA,SALE IMMOVABLE WITH  AGREEMENT,10-Jan-2001,10-Jan-2001,17000,45,04,10-Jan-2001
911420001198,1,NUAPADA,NUAPADA,SALE IMMOVABLE,29-Jun-2000,29-Jun-2000,41000,1198,210,29-Jun-2000
910400600776,1,KATAKA,ATHAGADA,SALE IMMOVABLE,24-May-2006,24-May-2006,13000,776,36,24-May-2006
910600003827,1,GANJAM,BRAHMAPUR-II,SALE IMMOVABLE,15-Nov-2000,15-Nov-2000,2727,3827,2823,15-Nov-2000
910850500875,1,JAJPUR,MANGALPUR,SALE IMMOVABLE,22-Aug-2005,22-Aug-2005,34330,875,28,22-Aug-2005
910850101039,1,JAJPUR,MANGALPUR,SALE IMMOVABLE,07-Sep-2001,07-Sep-2001,15400,1039,30,07-Sep-2001
910270602150,1,BHADRAK,CHANDBALI,SALE IMMOVABLE,01-Nov-2006,01-Nov-2006,2000,2150,107,01-Nov-2006
910430300097,1,KATAKA,JAGATPUR,SALE IMMOVABLE,20-Jan-2003,20-Jan-2003,15000,97,7,20-Jan-2003
911020301263,1,KENDUJHAR,SAINKUL,SALE IMMOVABLE,02-Sep-2003,02-Sep-2003,28796,1263,59,02-Sep-2003
911500301404,1,PURI,GOP,SALE IMMOVABLE,01-Dec-2003,01-Dec-2003,5400,1404,52,01-Dec-2003
911080508063,1,KHORDHA,KHORDHA(BBSR),SALE IMMOVABLE,23-Jul-2005,23-Jul-2005,101000,8063,418,23-Jul-2005
910060005730,1,BALESHWAR,BALESHWAR,SALE IMMOVABLE,21-Dec-2000,21-Dec-2000,27500,5730,206,21-Dec-2000
911090501107,1,KHORDHA,BALIPATNA,SALE IMMOVABLE,02-Aug-2005,02-Aug-2005,43500,1107,66,02-Aug-2005
910600603275,1,GANJAM,BRAHMAPUR-II,SALE IMMOVABLE,02-Aug-2006,02-Aug-2006,76760,3275,3747,02-Aug-2006
910580200124,1,GANJAM,ASIKA,SALE IMMOVABLE,15-Jan-2002,15-Jan-2002,4470,124,2225,15-Jan-2002
911330000855,1,NABARANGPUR,NABARANGPUR,SALE IMMOVABLE,10-Apr-2000,10-Apr-2000,15600,855,1255,10-Apr-2000
911130000888,1,KHORDHA,KHANDAGIRI,RECONVEYANCE OF MORTGAGE,06-Mar-2000,06-Mar-2000,200000,888,34,06-Mar-2000
910570200265,1,GANJAM,CHHATRAPUR,SALE IMMOVABLE,04-Feb-2002,04-Feb-2002,57480,265,2354,04-Feb-2002
910790001218,1,JAJPUR,BARACHANA,SALE IMMOVABLE,19-Jul-2000,19-Jul-2000,10000,1218,23,19-Jul-2000
910730000216,1,JAGATSINGHPUR,BALIKUDA,SALE IMMOVABLE,15-Feb-2000,15-Feb-2000,12000,216,6,15-Feb-2000
911170600219,1,KORAPUT,JAYAPUR,GIFT IMMOVABLE,03-Feb-2006,03-Feb-2006,150000,219,10/2006,03-Feb-2006
910180100182,1,BARAGADA,SOHELLA,SALE IMMOVABLE,20-Jan-2001,20-Jan-2001,6000,182,570,20-Jan-2001
910740400892,1,JAGATSINGHPUR,DEBIDOL,SALE IMMOVABLE,28-Dec-2004,28-Dec-2004,2640,892,54,28-Dec-2004
910820300370,1,JAJPUR,DOLIPUR,SALE IMMOVABLE,15-Feb-2003,15-Feb-2003,7500,370,17,15-Feb-2003
911140301897,1,KHORDHA,KHORDHA,SALE IMMOVABLE,23-Aug-2003,23-Aug-2003,3500,1897,81,23-Aug-2003
910750301322,1,JAGATSINGHPUR,KUJANGA,SALE IMMOVABLE,14-Jul-2003,14-Jul-2003,12000,1322,70,14-Jul-2003
910900601584,1,KALAHANDI,JAYAPATANA,SALE IMMOVABLE,30-Dec-2006,30-Dec-2006,0,1584,582,30-Dec-2006
910550403280,1,GAJAPATI,PARALAKHEMUNDI,SALE IMMOVABLE,28-Dec-2004,28-Dec-2004,560,3280,155,28-Dec-2004
911480402376,1,PURI,PURI,SALE IMMOVABLE,28-May-2004,28-May-2004,25000,2376,105,28-May-2004
911130404965,1,KHORDHA,KHANDAGIRI,SUPPLEMENTARY DEED (IMMOVABLE),01-Oct-2004,01-Oct-2004,95700,4965,342,01-Oct-2004
911480000905,1,PURI,PURI,GIFT IMMOVABLE,16-Mar-2000,16-Mar-2000,50000,905,30,16-Mar-2000
911130000356,1,KHORDHA,KHANDAGIRI,SALE IMMOVABLE,28-Jan-2000,28-Jan-2000,90000,356,14,28-Jan-2000
911000200874,1,KENDUJHAR,KENDUJHAR,SALE IMMOVABLE,30-Apr-2002,30-Apr-2002,96000,874,31,30-Apr-2002
910580000422,1,GANJAM,ASIKA,SALE IMMOVABLE,01-Mar-2000,01-Mar-2000,8420,422,2125,01-Mar-2000
911560100634,1,PURI,KANAS,SALE IMMOVABLE,19-Jun-2001,19-Jun-2001,6250,634,21,19-Jun-2001
910060003460,1,BALESHWAR,BALESHWAR,RECTIFICATION  ONE ERROR (IMMOVABLE),11-Jul-2000,01-Jul-2000,109230,3460,123,01-Jul-2000
910860301248,1,JHARSUGUDA,JHARSUGUDA,LEASE RENT RESERVED(IMMOVABLE),23-Aug-2003,23-Aug-2003,0,1248,79,23-Aug-2003
910860001238,1,JHARSUGUDA,JHARSUGUDA,SALE IMMOVABLE,28-Jul-2000,28-Jul-2000,2400,1238,369,28-Jul-2000
911700101167,1,SUNDARAGADA,SUNDARAGADA,SALE IMMOVABLE,21-Nov-2001,21-Nov-2001,28060,1167,45,21-Nov-2001
910310500629,1,BALANGIR,BALANGIR,SALE IMMOVABLE,23-Feb-2005,23-Feb-2005,30000,629,29,23-Feb-2005
910570100299,1,GANJAM,CHHATRAPUR,SALE IMMOVABLE,01-Feb-2001,01-Feb-2001,224000,299,2267,01-Feb-2001
910240602259,1,BHADRAK,BASUDEVPUR,SALE IMMOVABLE,27-Sep-2006,27-Sep-2006,21200,2259,117,27-Sep-2006
910090201190,1,BALESHWAR,JALESWAR,SALE IMMOVABLE,20-Apr-2002,20-Apr-2002,2820,1190,28,20-Apr-2002
910670600342,1,GANJAM,PATRAPUR,SALE IMMOVABLE,20-Mar-2006,20-Mar-2006,2850,342,1181,20-Mar-2006
911130001702,1,KHORDHA,KHANDAGIRI,SALE IMMOVABLE,01-May-2000,01-May-2000,12000,1702,68,01-May-2000
910600403957,1,GANJAM,BRAHMAPUR-II,SALE IMMOVABLE,15-Sep-2004,15-Sep-2004,67400,3957,3390,15-Sep-2004
910770500198,1,JAGATSINGHPUR,TIRTOL,GIFT IMMOVABLE,18-Feb-2005,18-Feb-2005,12700,198,14,18-Feb-2005
910790000592,1,JAJPUR,BARACHANA,SALE IMMOVABLE,27-Apr-2000,27-Apr-2000,150000,592,13,27-Apr-2000
910260100365,1,BHADRAK,BANTA,SALE IMMOVABLE,31-Mar-2001,31-Mar-2001,6000,365,10,31-Mar-2001
910570001335,1,GANJAM,CHHATRAPUR,SALE IMMOVABLE,10-May-2000,10-May-2000,1129,1335,2204,10-May-2000
911520201203,1,PURI,NIMAPADA,SALE IMMOVABLE,03-Aug-2002,03-Aug-2002,8060,1203,34,03-Aug-2002
911080307523,1,KHORDHA,KHORDHA(BBSR),SALE IMMOVABLE,22-Oct-2003,22-Oct-2003,302050,7523,507,22-Oct-2003
910580503086,1,GANJAM,ASIKA,SALE IMMOVABLE,15-Oct-2005,15-Oct-2005,7650,3086,2423,15-Oct-2005
911550000021,1,PURI,DELANGA,SALE IMMOVABLE,11-Jan-2000,11-Jan-2000,6500,21,1,11-Jan-2000
911500400576,1,PURI,GOP,SALE IMMOVABLE,19-Apr-2004,19-Apr-2004,7500,576,24,19-Apr-2004
911620402920,1,SAMBALPUR,SAMBALPUR,SALE IMMOVABLE,10-Nov-2004,10-Nov-2004,2700,2920,201,10-Nov-2004
911060400792,1,KENDUJHAR,HATADIHI,SALE IMMOVABLE,29-May-2004,29-May-2004,29000,792,35,29-May-2004
910230602974,1,BHADRAK,BHADRAK,SALE IMMOVABLE,18-Jul-2006,18-Jul-2006,187500,2974,185,18-Jul-2006
910150200909,1,BARAGADA,BARAGADA,SALE IMMOVABLE,30-Apr-2002,30-Apr-2002,45000,909,832,30-Apr-2002
911080611962,1,KHORDHA,KHORDHA(BBSR),SALE IMMOVABLE,27-Nov-2006,27-Nov-2006,188125,11962,382,27-Nov-2006
910570601536,1,GANJAM,CHHATRAPUR,SALE IMMOVABLE,01-Jun-2006,01-Jun-2006,7560,1536,2807,01-Jun-2006
911080607391,1,KHORDHA,KHORDHA(BBSR),SALE IMMOVABLE,13-Jul-2006,13-Jul-2006,120000,7391,236,13-Jul-2006
910470300534,1,KATAKA,SALEPUR,SALE IMMOVABLE,15-Mar-2003,15-Mar-2003,1006700,534,30,15-Mar-2003
911080505483,1,KHORDHA,KHORDHA(BBSR),LEASE WITH ADVANCE ONLY(IMMOVABLE),12-May-2005,15-May-2005,6600,5483,337,15-May-2005
910060305753,1,BALESHWAR,BALESHWAR,SALE IMMOVABLE,29-Jul-2003,29-Jul-2003,80000,5753,360,29-Jul-2003
911380100447,1,NAYAGADA,DASHAPALLA,SALE IMMOVABLE,10-May-2001,10-May-2001,10500,447,15,10-May-2001
910680100238,1,GANJAM,PURUSOTTAMPUR,SALE IMMOVABLE,09-Feb-2001,09-Feb-2001,1980,238,1871,09-Feb-2001
910100203698,1,BALESHWAR,JALESWARPUR,SALE IMMOVABLE,15-Nov-2002,15-Nov-2002,4000,3698,125,15-Nov-2002
910150100257,1,BARAGADA,BARAGADA,SALE IMMOVABLE,01-Feb-2001,01-Feb-2001,34650,257,717,01-Feb-2001
911510101470,1,PURI,KAKATPUR,SALE IMMOVABLE,19-Jun-2001,19-Jun-2001,15750,1470,41,19-Jun-2001
910400101556,1,KATAKA,ATHAGADA,SALE IMMOVABLE,22-Sep-2001,22-Sep-2001,18750,1556,41,22-Sep-2001
910930402802,1,KENDRAPADA,KENDRAPADA,GIFT IMMOVABLE,16-Oct-2004,16-Oct-2004,66000,2802,87,16-Oct-2004
911080303968,1,KHORDHA,KHORDHA(BBSR),SALE IMMOVABLE,28-May-2003,28-May-2003,2640,3968,265,28-May-2003
910780301717,1,JAJPUR,JAJPUR,SALE IMMOVABLE,11-Nov-2003,11-Nov-2003,10000,1717,81,11-Nov-2003
911130602336,1,KHORDHA,KHANDAGIRI,POA WITH POSSESSION,25-Mar-2006,25-Mar-2006,0,2336,159,25-Mar-2006
911120501888,1,KHORDHA,JATANI,LEASE WITH ADVANCE ONLY(IMMOVABLE),23-Jul-2005,23-Jul-2005,0,1888,115,23-Jul-2005
911600600941,1,RAYAGADA,GUNUPUR,SALE IMMOVABLE,01-Jul-2006,01-Jul-2006,10000,941,899,01-Jul-2006
910080101125,1,BALESHWAR,BASTA,SALE IMMOVABLE,10-Apr-2001,10-Apr-2001,24000,1125,37,10-Apr-2001
911500400905,1,PURI,GOP,SALE IMMOVABLE,18-Jun-2004,18-Jun-2004,81000,905,36,18-Jun-2004
910930401088,1,KENDRAPADA,KENDRAPADA,SALE IMMOVABLE,01-May-2004,01-May-2004,6600,1088,35,01-May-2004
910430401556,1,KATAKA,JAGATPUR,SALE IMMOVABLE,07-Aug-2004,07-Aug-2004,27350,1556,89,07-Aug-2004
910860501601,1,JHARSUGUDA,JHARSUGUDA,SALE IMMOVABLE,23-Jun-2005,23-Jun-2005,100000,1601,101,23-Jun-2005
911360100151,1,NABARANGPUR,UMARKOT,SALE IMMOVABLE,19-Feb-2001,19-Feb-2001,15000,151,320,19-Feb-2001
910320401694,1,BALANGIR,PATNAGARH,SALE IMMOVABLE,01-Dec-2004,01-Dec-2004,600,1694,89,01-Dec-2004
910470201187,1,KATAKA,SALEPUR,SALE IMMOVABLE,20-May-2002,20-May-2002,21600,1187,40,20-May-2002
910570301900,1,GANJAM,CHHATRAPUR,SALE IMMOVABLE,04-Jun-2003,04-Jun-2003,10420,1900,2492,04-Jun-2003
911300600611,1,MAYURBHANJ,KARANJIA,SALE IMMOVABLE,03-Jul-2006,03-Jul-2006,65000,611,32,03-Jul-2006
911720500114,1,SUNDARAGADA,BANAIGADA,SALE IMMOVABLE,01-Feb-2005,01-Feb-2005,89000,114,6,01-Feb-2005
910760401484,1,JAGATSINGHPUR,RAGHUNATHPUR,SALE IMMOVABLE,20-Dec-2004,20-Dec-2004,9472,1484,89,20-Dec-2004
911140602747,1,KHORDHA,KHORDHA,SALE IMMOVABLE,20-Dec-2006,20-Dec-2006,58000,2747,135,20-Dec-2006
910420201576,1,KATAKA,BADAMBA,SALE IMMOVABLE,24-Jul-2002,24-Jul-2002,39000,1576,41,24-Jul-2002
910180100739,1,BARAGADA,SOHELLA,SALE IMMOVABLE,28-Mar-2001,28-Mar-2001,11000,739,586,28-Mar-2001
911180200791,1,KORAPUT,BARIGUMA,SALE IMMOVABLE,15-Nov-2002,15-Nov-2002,8000,791,389,15-Nov-2002
910610402556,1,GANJAM,BRAHMAPUR-I,SALE IMMOVABLE,14-May-2004,14-May-2004,310156,2556,3111,14-May-2004
910100003439,1,BALESHWAR,JALESWARPUR,SALE IMMOVABLE,27-Nov-2000,27-Nov-2000,24000,3439,103,27-Nov-2000
910880402338,1,KALAHANDI,BHABANIPATANA,SALE IMMOVABLE,01-Dec-2004,01-Dec-2004,32800,2338,145,01-Dec-2004
910230103452,1,BHADRAK,BHADRAK,SALE IMMOVABLE,22-Oct-2001,22-Oct-2001,10500,3452,109,22-Oct-2001
911020600209,1,KENDUJHAR,SAINKUL,SALE IMMOVABLE,01-Feb-2006,01-Feb-2006,2000,209,10,01-Feb-2006
910150601155,1,BARAGADA,BARAGADA,SALE IMMOVABLE,03-Jun-2006,03-Jun-2006,5000,1155,1585,03-Jun-2006
911660600290,1,SUBARNAPUR,SONPUR,SALE IMMOVABLE,18-Feb-2006,18-Feb-2006,27300,290,17,18-Feb-2006
911700100816,1,SUNDARAGADA,SUNDARAGADA,SALE IMMOVABLE,03-Aug-2001,03-Aug-2001,5000,816,32,03-Aug-2001
910780000910,1,JAJPUR,JAJPUR,SALE IMMOVABLE,20-May-2000,20-May-2000,700,910,29,20-May-2000
910470400829,1,KATAKA,SALEPUR,SALE IMMOVABLE,15-Apr-2004,15-Apr-2004,45700,829,48,15-Apr-2004
911420001199,1,NUAPADA,NUAPADA,SALE IMMOVABLE,29-Jun-2000,29-Jun-2000,50000,1199,210,29-Jun-2000
911130106458,1,KHORDHA,KHANDAGIRI,RECONVEYANCE OF MORTGAGE,26-Dec-2001,26-Dec-2001,50000,6458,267,26-Dec-2001
910820001219,1,JAJPUR,DOLIPUR,SALE IMMOVABLE,05-May-2000,05-May-2000,24000,1219,33,05-May-2000
911120101707,1,KHORDHA,JATANI,SALE IMMOVABLE,22-Sep-2001,22-Sep-2001,0,1707,59,22-Sep-2001
910320400485,1,BALANGIR,PATNAGARH,SALE IMMOVABLE,01-Mar-2004,01-Mar-2004,50000,485,24,01-Mar-2004
910500302814,1,DHENKANAL,DHENKANAL,SALE IMMOVABLE,05-Aug-2003,09-Jul-2003,20000,2814,131,09-Jul-2003
910180201929,1,BARAGADA,SOHELLA,GIFT IMMOVABLE,07-Oct-2002,07-Oct-2002,20000,1929,670,07-Oct-2002
910860000152,1,JHARSUGUDA,JHARSUGUDA,SALE IMMOVABLE,05-Feb-2000,05-Feb-2000,103300,152,335,05-Feb-2000
911660601470,1,SUBARNAPUR,SONPUR,SALE IMMOVABLE,01-Aug-2006,01-Aug-2006,17700,1470,76,01-Aug-2006
910100100843,1,BALESHWAR,JALESWARPUR,SALE IMMOVABLE,15-Mar-2001,15-Mar-2001,9600,843,29,15-Mar-2001
910570401805,1,GANJAM,CHHATRAPUR,SALE IMMOVABLE,24-May-2004,24-May-2004,20806,1805,2593,24-May-2004
910930400523,1,KENDRAPADA,KENDRAPADA,SALE IMMOVABLE,01-Mar-2004,01-Mar-2004,22000,523,18,01-Mar-2004
910390001111,1,KATAKA,KATAKA,SALE IMMOVABLE,10-Apr-2000,10-Apr-2000,25000,1111,42,10-Apr-2000
910030400442,1,ANUGOLA,CHHENDIPADA,SALE IMMOVABLE,23-Jun-2004,23-Jun-2004,17250,442,26,23-Jun-2004
911110100121,1,KHORDHA,BEGUNIA,SALE IMMOVABLE,09-Feb-2001,09-Feb-2001,32100,121,4,09-Feb-2001
911480305442,1,PURI,PURI,SALE IMMOVABLE,31-Dec-2003,31-Dec-2003,21000,5442,222,31-Dec-2003
911260603456,1,MAYURBHANJ,MAYURBHANJ,SALE IMMOVABLE,26-Oct-2006,26-Oct-2006,290000,3456,97,26-Oct-2006
910810202607,1,JAJPUR,DHARMASHALA,SALE IMMOVABLE,11-Nov-2002,11-Nov-2002,10000,2607,74,11-Nov-2002
911260403209,1,MAYURBHANJ,MAYURBHANJ,SALE IMMOVABLE,11-Oct-2004,11-Oct-2004,90000,3209,117,11-Oct-2004
910950000904,1,KENDRAPADA,GARADPUR,SALE IMMOVABLE,29-Jun-2000,29-Jun-2000,24000,904,238,29-Jun-2000
910990501538,1,KENDRAPADA,KANIKA,SALE IMMOVABLE,30-Dec-2005,30-Dec-2005,15000,1538,46,30-Dec-2005
910240101675,1,BHADRAK,BASUDEVPUR,SALE IMMOVABLE,04-Jul-2001,04-Jul-2001,67000,1675,47,04-Jul-2001
910130300015,1,BALESHWAR,SIMULIA,SALE IMMOVABLE,10-Jan-2003,10-Jan-2003,56000,15,1,10-Jan-2003
910320501261,1,BALANGIR,PATNAGARH,SALE IMMOVABLE,01-Oct-2005,01-Oct-2005,7000,1261,67,01-Oct-2005
911080507684,1,KHORDHA,KHORDHA(BBSR),POA WITH POSSESSION,13-Jul-2005,13-Jul-2005,0,7684,406,13-Jul-2005
911480602546,1,PURI,PURI,SALE IMMOVABLE,13-Jun-2006,13-Jun-2006,497256,2546,114,13-Jun-2006
910660200679,1,GANJAM,KHALLIKOTE,SALE IMMOVABLE,10-Apr-2002,10-Apr-2002,13160,679,1166,10-Apr-2002
911700201111,1,SUNDARAGADA,SUNDARAGADA,SALE IMMOVABLE,29-Jul-2002,29-Jul-2002,38000,1111,46,29-Jul-2002
910750000198,1,JAGATSINGHPUR,KUJANGA,SALE IMMOVABLE,21-Jan-2000,21-Jan-2000,21000,198,8,21-Jan-2000
910100403196,1,BALESHWAR,JALESWARPUR,SALE IMMOVABLE,25-Nov-2004,25-Nov-2004,21350,3196,169,25-Nov-2004
911330300339,1,NABARANGPUR,NABARANGPUR,SALE IMMOVABLE,15-Apr-2003,15-Apr-2003,50000,339,1431,15-Apr-2003
910790600510,1,JAJPUR,BARACHANA,SALE IMMOVABLE,14-Apr-2006,14-Apr-2006,19200,510,22,14-Apr-2006
911130503579,1,KHORDHA,KHANDAGIRI,POA WITH POSSESSION,13-Jun-2005,13-Jun-2005,1000,3579,231,13-Jun-2005
910230201587,1,BHADRAK,BHADRAK,SALE IMMOVABLE,10-May-2002,10-May-2002,24000,1587,51,10-May-2002
910600403599,1,GANJAM,BRAHMAPUR-II,SALE IMMOVABLE,17-Aug-2004,17-Aug-2004,7779,3599,3378,17-Aug-2004
910060104099,1,BALESHWAR,BALESHWAR,SALE IMMOVABLE,13-Aug-2001,13-Aug-2001,32000,4099,150,13-Aug-2001
911500500254,1,PURI,GOP,SALE IMMOVABLE,28-Feb-2005,28-Feb-2005,7125,254,12,28-Feb-2005
910020000233,1,ANUGOLA,ATHAMALLIK,SALE IMMOVABLE,20-Apr-2000,20-Apr-2000,52000,233,7,20-Apr-2000
910150101471,1,BARAGADA,BARAGADA,SALE IMMOVABLE,08-Aug-2001,08-Aug-2001,41000,1471,766,08-Aug-2001
910880400025,1,KALAHANDI,BHABANIPATANA,SALE IMMOVABLE,05-Jan-2004,05-Jan-2004,10000,25,907,05-Jan-2004
911280600056,1,MAYURBHANJ,BETANATI,SALE IMMOVABLE,24-Jan-2006,24-Jan-2006,50000,56,4,24-Jan-2006
910570001148,1,GANJAM,CHHATRAPUR,SALE IMMOVABLE,27-Apr-2000,27-Apr-2000,25650,1148,2199,27-Apr-2000
911140102722,1,KHORDHA,KHORDHA,SALE IMMOVABLE,21-Nov-2001,21-Nov-2001,41140,2722,63,21-Nov-2001
911080501856,1,KHORDHA,KHORDHA(BBSR),POA WITH POSSESSION,15-Feb-2005,15-Feb-2005,1000,1856,121,15-Feb-2005
910070101427,1,BALESHWAR,BALIAPAL,SALE IMMOVABLE,19-Jun-2001,19-Jun-2001,15500,1427,33,19-Jun-2001
910790501163,1,JAJPUR,BARACHANA,SALE IMMOVABLE,15-Jul-2005,15-Jul-2005,6000,1163,44,15-Jul-2005
910400101806,1,KATAKA,ATHAGADA,SALE IMMOVABLE,26-Nov-2001,26-Nov-2001,1500,1806,48,26-Nov-2001
910230203738,1,BHADRAK,BHADRAK,SALE IMMOVABLE,26-Nov-2002,26-Nov-2002,18000,3738,143,26-Nov-2002
911500200632,1,PURI,GOP,SALE IMMOVABLE,01-Jun-2002,01-Jun-2002,25000,632,20,01-Jun-2002
910140603182,1,BALESHWAR,SORA,SALE IMMOVABLE,28-Oct-2006,28-Oct-2006,31500,3182,142,28-Oct-2006
910410300687,1,KATAKA,BANKI,SALE IMMOVABLE,05-May-2003,05-May-2003,21000,687,33,05-May-2003
910310601470,1,BALANGIR,BALANGIR,SALE IMMOVABLE,15-Jul-2006,15-Jul-2006,31115,1470,72,15-Jul-2006
911410001111,1,NAYAGADA,RANAPUR,SALE IMMOVABLE,07-Aug-2000,08-Aug-2000,20800,1111,29,08-Aug-2000
910820100186,1,JAJPUR,DOLIPUR,SALE IMMOVABLE,20-Jan-2001,20-Jan-2001,22500,186,8,20-Jan-2001
910230101734,1,BHADRAK,BHADRAK,SALE IMMOVABLE,30-Apr-2001,30-Apr-2001,9000,1734,55,30-Apr-2001
910910201961,1,KALAHANDI,M.RAMPUR,SALE IMMOVABLE,19-Jul-2002,19-Jul-2002,11000,1961,536,19-Jul-2002
911000401452,1,KENDUJHAR,KENDUJHAR,SALE IMMOVABLE,02-Aug-2004,02-Aug-2004,44000,1452,72,02-Aug-2004
910790300062,1,JAJPUR,BARACHANA,SALE IMMOVABLE,20-Jan-2003,20-Jan-2003,24000,62,3,20-Jan-2003
910060004707,1,BALESHWAR,BALESHWAR,SALE IMMOVABLE,12-Oct-2000,12-Oct-2000,12500,4707,168,12-Oct-2000
911130200153,1,KHORDHA,KHANDAGIRI,GIFT IMMOVABLE,10-Jan-2002,10-Jan-2002,80000,153,7,10-Jan-2002
911530301588,1,PURI,PIPILI,SALE IMMOVABLE,14-Jul-2003,14-Jul-2003,16000,1588,70,14-Jul-2003
911230100022,1,MALKANGIRI,MALKANAGIRI,SALE IMMOVABLE,20-Jan-2001,20-Jan-2001,28000,22,152,20-Jan-2001
910270100350,1,BHADRAK,CHANDBALI,SALE IMMOVABLE,09-Feb-2001,09-Feb-2001,5700,350,11,09-Feb-2001
911580100492,1,RAYAGADA,RAYAGADA,SALE IMMOVABLE,15-Sep-2001,15-Sep-2001,20000,492,16,15-Sep-2001
910100201640,1,BALESHWAR,JALESWARPUR,SALE IMMOVABLE,30-May-2002,30-May-2002,18480,1640,47,30-May-2002
911080400822,1,KHORDHA,KHORDHA(BBSR),POA WITH POSSESSION,28-Jan-2004,28-Jan-2004,0,822,51,28-Jan-2004
910680502486,1,GANJAM,PURUSOTTAMPUR,SALE IMMOVABLE,06-Sep-2005,06-Sep-2005,2560,2486,2383,06-Sep-2005
910750501343,1,JAGATSINGHPUR,KUJANGA,LEASE RENT RESERVED(IMMOVABLE),23-Jul-2005,23-Jul-2005,500,1343,84,23-Jul-2005
910680500001,1,GANJAM,PURUSOTTAMPUR,SALE IMMOVABLE,01-Jan-2005,01-Jan-2005,15660,1,2268,01-Jan-2005
910790101839,1,JAJPUR,BARACHANA,SALE IMMOVABLE,21-Nov-2001,21-Nov-2001,6000,1839,34,21-Nov-2001
911520001713,1,PURI,NIMAPADA,SALE IMMOVABLE,06-Nov-2000,06-Nov-2000,35200,1713,46,06-Nov-2000
910150101973,1,BARAGADA,BARAGADA,SALE IMMOVABLE,15-Nov-2001,15-Nov-2001,21000,1973,785,15-Nov-2001
911480400048,1,PURI,PURI,SALE IMMOVABLE,05-Jan-2004,05-Jan-2004,3994,48,6,05-Jan-2004
911590200628,1,RAYAGADA,BISAM CUTTACK,GIFT IMMOVABLE,06-Nov-2002,06-Nov-2002,10200,628,368,06-Nov-2002
910750401898,1,JAGATSINGHPUR,KUJANGA,SALE IMMOVABLE,16-Oct-2004,16-Oct-2004,5400,1898,116,16-Oct-2004
910760201238,1,JAGATSINGHPUR,RAGHUNATHPUR,SALE IMMOVABLE,24-Jul-2002,24-Jul-2002,8000,1238,37,24-Jul-2002
910110301555,1,BALESHWAR,KHAIRA,SALE IMMOVABLE,05-Feb-2003,02-Sep-2003,14400,1555,38,02-Sep-2003
910270101326,1,BHADRAK,CHANDBALI,MORTGAGE WITHOUT POSSESION,15-May-2001,15-May-2001,25000,1326,34,15-May-2001
911530302423,1,PURI,PIPILI,SALE IMMOVABLE,16-Dec-2003,16-Dec-2003,3000,2423,106,16-Dec-2003
910840400778,1,JAJPUR,SUKINDA,SALE IMMOVABLE,26-Oct-2004,26-Oct-2004,18000,778,38,26-Oct-2004
910400300189,1,KATAKA,ATHAGADA,SALE IMMOVABLE,28-Jan-2003,28-Jan-2003,23000,189,9,28-Jan-2003
910570002382,1,GANJAM,CHHATRAPUR,SALE IMMOVABLE,18-Aug-2000,18-Aug-2000,4095,2382,2231,18-Aug-2000
910610403232,1,GANJAM,BRAHMAPUR-I,SALE IMMOVABLE,18-Jun-2004,18-Jun-2004,14760,3232,3133,18-Jun-2004
911080606409,1,KHORDHA,KHORDHA(BBSR),SALE IMMOVABLE,13-Jun-2006,13-Jun-2006,8046,6409,205,13-Jun-2006
911150500782,1,KHORDHA,TANGI,SALE IMMOVABLE,15-Jul-2005,15-Jul-2005,18000,782,37,15-Jul-2005
910610304507,1,GANJAM,BRAHMAPUR-I,SALE IMMOVABLE,28-Aug-2003,28-Aug-2003,54250,4507,2962,28-Aug-2003
910050101215,1,ANUGOLA,TALACHER,SALE IMMOVABLE,09-Jul-2002,09-Jul-2002,125000,1215,36,09-Jul-2002
911510601724,1,PURI,KAKATPUR,SALE IMMOVABLE,01-Dec-2006,01-Dec-2006,6432,1724,87,01-Dec-2006
911170501094,1,KORAPUT,JAYAPUR,SALE IMMOVABLE,19-Apr-2005,19-Apr-2005,70000,1094,2430,19-Apr-2005
911080601788,1,KHORDHA,KHORDHA(BBSR),LEASE WITH ADVANCE ONLY(IMMOVABLE),18-Feb-2006,18-Feb-2006,5400,1788,57,18-Feb-2006
910890201920,1,KALAHANDI,DHARMAGADA,SALE IMMOVABLE,07-Oct-2002,07-Oct-2002,8000,1920,494,07-Oct-2002
911140101813,1,KHORDHA,KHORDHA,SALE IMMOVABLE,29-Jun-2001,29-Jun-2001,4400,1813,43,29-Jun-2001
910410201547,1,KATAKA,BANKI,SALE IMMOVABLE,15-Jul-2002,15-Jul-2002,25750,1547,42,15-Jul-2002
911130604957,1,KHORDHA,KHANDAGIRI,SALE IMMOVABLE,28-Jun-2006,28-Jun-2006,108000,4957,339,28-Jun-2006
911080609723,1,KHORDHA,KHORDHA(BBSR),SALE IMMOVABLE,15-Sep-2006,15-Sep-2006,31050,9723,308,15-Sep-2006
910270001311,1,BHADRAK,CHANDBALI,SALE IMMOVABLE,24-Jun-2000,24-Jun-2000,30000,1311,37,24-Jun-2000
910060500642,1,BALESHWAR,BALESHWAR,SALE IMMOVABLE,24-Jan-2005,24-Jan-2005,5320,642,38,24-Jan-2005
910980300334,1,KENDRAPADA,RAJNAGAR,SALE IMMOVABLE,28-Mar-2003,28-Mar-2003,10000,334,17,28-Mar-2003
910610104574,1,GANJAM,BRAHMAPUR-I,SALE IMMOVABLE,06-Dec-2001,06-Dec-2001,366600,4574,2697,06-Dec-2001
911160501123,1,KHORDHA,BOLAGADA,SALE IMMOVABLE,28-Dec-2005,28-Dec-2005,4026,1123,69,28-Dec-2005
911580401491,1,RAYAGADA,RAYAGADA,SALE IMMOVABLE,08-Jul-2004,08-Jul-2004,8700,1491,37,08-Jul-2004
911540100558,1,PURI,SATYABADI,SALE IMMOVABLE,09-Jul-2001,09-Jul-2001,0,558,19,09-Jul-2001
910620501985,1,GANJAM,BUGUDA,SALE IMMOVABLE,28-Jun-2005,28-Jun-2005,0,1985,2144,28-Jun-2005
911660600673,1,SUBARNAPUR,SONPUR,SALE IMMOVABLE,15-Apr-2006,15-Apr-2006,11500,673,35,15-Apr-2006
910940600291,1,KENDRAPADA,AALI,SALE IMMOVABLE,28-Mar-2006,28-Mar-2006,3000,291,20,28-Mar-2006
910070202172,1,BALESHWAR,BALIAPAL,SALE IMMOVABLE,01-Oct-2002,01-Oct-2002,10000,2172,55,01-Oct-2002
911490600719,1,PURI,BRAHMAGIRI,SALE IMMOVABLE,18-Jul-2006,18-Jul-2006,6050,719,33,18-Jul-2006
910170300845,1,BARAGADA,PADMAPUR,SALE IMMOVABLE,27-Oct-2003,27-Oct-2003,67000,845,419,27-Oct-2003
910750401866,1,JAGATSINGHPUR,KUJANGA,SALE IMMOVABLE,11-Oct-2004,11-Oct-2004,3100,1866,114,11-Oct-2004
911020300816,1,KENDUJHAR,SAINKUL,SALE IMMOVABLE,20-May-2003,20-May-2003,7000,816,40,20-May-2003
910120200735,1,BALESHWAR,NILAGIRI,SALE IMMOVABLE,15-Aug-2002,15-Aug-2002,20000,735,23,15-Aug-2002
911080102235,1,KHORDHA,KHORDHA(BBSR),SALE IMMOVABLE,28-Mar-2001,28-Mar-2001,76000,2235,93,28-Mar-2001
910300600887,1,BHADRAK,TIHIDI,SALE IMMOVABLE,23-Jun-2006,23-Jun-2006,27200,887,54,23-Jun-2006
910820001361,1,JAJPUR,DOLIPUR,SALE IMMOVABLE,15-May-2000,15-May-2000,4250,1361,36,15-May-2000
911720100143,1,SUNDARAGADA,BANAIGADA,SALE IMMOVABLE,16-Mar-2001,16-Mar-2001,30000,143,6,16-Mar-2001
910130100023,1,BALESHWAR,SIMULIA,SALE IMMOVABLE,05-Jan-2001,05-Jan-2001,40000,23,1,05-Jan-2001
910800300364,1,JAJPUR,BARI,SALE IMMOVABLE,26-Mar-2003,26-Mar-2003,0,364,19,26-Mar-2003
910890200332,1,KALAHANDI,DHARMAGADA,SALE IMMOVABLE,01-Mar-2002,01-Mar-2002,17500,332,441,01-Mar-2002
910680600633,1,GANJAM,PURUSOTTAMPUR,SALE IMMOVABLE,28-Mar-2006,28-Mar-2006,14200,633,2434,28-Mar-2006
910820502775,1,JAJPUR,DOLIPUR,SALE IMMOVABLE,26-Sep-2005,26-Sep-2005,20000,2775,112,26-Sep-2005
911120200181,1,KHORDHA,JATANI,SALE IMMOVABLE,25-Jan-2002,25-Jan-2002,0,181,8,25-Jan-2002
910470300731,1,KATAKA,SALEPUR,SALE IMMOVABLE,15-Apr-2003,15-Apr-2003,27900,731,41,15-Apr-2003
910140402218,1,BALESHWAR,SORA,SALE IMMOVABLE,13-Jul-2004,13-Jul-2004,13300,2218,92,13-Jul-2004
911080107213,1,KHORDHA,KHORDHA(BBSR),SALE IMMOVABLE,21-Nov-2001,21-Nov-2001,23970,7213,303,21-Nov-2001
910830200457,1,JAJPUR,MANSADA,SALE IMMOVABLE,27-Apr-2002,27-Apr-2002,12500,457,10,27-Apr-2002
910770101184,1,JAGATSINGHPUR,TIRTOL,SALE IMMOVABLE,29-Jun-2001,29-Jun-2001,14000,1184,37,29-Jun-2001
910270300177,1,BHADRAK,CHANDBALI,SALE IMMOVABLE,04-Feb-2003,04-Feb-2003,18000,177,11,04-Feb-2003
910610404187,1,GANJAM,BRAHMAPUR-I,SALE IMMOVABLE,07-Aug-2004,07-Aug-2004,261900,4187,3168,07-Aug-2004
911700300937,1,SUNDARAGADA,SUNDARAGADA,SALE IMMOVABLE,23-Aug-2003,23-Aug-2003,22185,937,56,23-Aug-2003
911480402580,1,PURI,PURI,SALE IMMOVABLE,08-Jun-2004,08-Jun-2004,30000,2580,115,08-Jun-2004
911580000939,1,RAYAGADA,RAYAGADA,SALE IMMOVABLE,16-Nov-2000,16-Nov-2000,2600,939,26,16-Nov-2000
911160001146,1,KHORDHA,BOLAGADA,SALE IMMOVABLE,15-Nov-2000,15-Nov-2000,875,1146,23,15-Nov-2000
911080609243,1,KHORDHA,KHORDHA(BBSR),SALE IMMOVABLE,01-Sep-2006,01-Sep-2006,8955,9243,293,01-Sep-2006
910600603247,1,GANJAM,BRAHMAPUR-II,SALE IMMOVABLE,01-Aug-2006,01-Aug-2006,54740,3247,3745,01-Aug-2006
910400100302,1,KATAKA,ATHAGADA,SALE IMMOVABLE,09-Feb-2001,09-Feb-2001,10000,302,9,09-Feb-2001
910390202006,1,KATAKA,KATAKA,SALE IMMOVABLE,10-May-2002,10-May-2002,110000,2006,73,10-May-2002
911490100585,1,PURI,BRAHMAGIRI,SALE IMMOVABLE,27-Apr-2001,27-Apr-2001,11750,585,19,27-Apr-2001
910730200367,1,JAGATSINGHPUR,BALIKUDA,SALE IMMOVABLE,05-Apr-2002,05-Apr-2002,4800,367,10,05-Apr-2002
911130502002,1,KHORDHA,KHANDAGIRI,SALE IMMOVABLE,04-Apr-2005,04-Apr-2005,595900,2002,134,04-Apr-2005
910300301233,1,BHADRAK,TIHIDI,SALE IMMOVABLE,11-Nov-2003,11-Nov-2003,30000,1233,63,11-Nov-2003
911480401107,1,PURI,PURI,SALE IMMOVABLE,10-Mar-2004,10-Mar-2004,36500,1107,49,10-Mar-2004
911130601317,1,KHORDHA,KHANDAGIRI,POA WITH POSSESSION,20-Feb-2006,20-Feb-2006,1000,1317,90,20-Feb-2006
910640100001,1,GANJAM,HINJILIKATU,SALE IMMOVABLE,01-Jan-2001,01-Jan-2001,36000,1,1649,01-Jan-2001
911530302297,1,PURI,PIPILI,SALE IMMOVABLE,21-Nov-2003,21-Nov-2003,18000,2297,100,21-Nov-2003
910090403112,1,BALESHWAR,JALESWAR,GIFT IMMOVABLE,15-Dec-2004,15-Dec-2004,375000,3112,151,15-Dec-2004
910750501839,1,JAGATSINGHPUR,KUJANGA,SALE IMMOVABLE,31-Oct-2005,31-Oct-2005,20225,1839,102,31-Oct-2005
911330601189,1,NABARANGPUR,NABARANGPUR,SALE IMMOVABLE,01-Dec-2006,01-Dec-2006,12600,1189,1702,01-Dec-2006
911130103231,1,KHORDHA,KHANDAGIRI,SALE IMMOVABLE,28-May-2001,28-May-2001,3850,3231,132,28-May-2001
911290600495,1,MAYURBHANJ,UDALA,SALE CANCELLATION BY BOTH PARTIES (IMMOVABLE),29-Apr-2006,29-Apr-2006,85500,495,29,29-Apr-2006
911530100401,1,PURI,PIPILI,SALE IMMOVABLE,19-Feb-2001,19-Feb-2001,17313,401,11,19-Feb-2001
911130203579,1,KHORDHA,KHANDAGIRI,RECONVEYANCE OF MORTGAGE,01-Jan-2002,01-Jan-2002,150000,3579,147,01-Jan-2002
910750301461,1,JAGATSINGHPUR,KUJANGA,SALE IMMOVABLE,01-Aug-2003,01-Aug-2003,4000,1461,77,01-Aug-2003
910090300408,1,BALESHWAR,JALESWAR,SALE IMMOVABLE,15-Feb-2003,15-Feb-2003,17300,408,19,15-Feb-2003
910060306872,1,BALESHWAR,BALESHWAR,SALE IMMOVABLE,15-Oct-2003,15-Oct-2003,24000,6872,430,15-Oct-2003
910310200508,1,BALANGIR,BALANGIR,SALE IMMOVABLE,15-Mar-2002,15-Mar-2002,8000,508,18,15-Mar-2002
910420401655,1,KATAKA,BADAMBA,SALE IMMOVABLE,11-Oct-2004,11-Oct-2004,6000,1655,89,11-Oct-2004
910390105231,1,KATAKA,KATAKA,SALE IMMOVABLE,31-Dec-2001,31-Dec-2001,60000,5231,183,31-Dec-2001
910880302133,1,KALAHANDI,BHABANIPATANA,SALE IMMOVABLE,27-Oct-2003,27-Oct-2003,13250,2133,888,27-Oct-2003
911690100129,1,SUBARNAPUR,RAMPUR,SALE IMMOVABLE WITH  AGREEMENT,30-Jan-2001,30-Jan-2001,11000,129,08,30-Jan-2001
910700000416,1,GANJAM,KODALA,SALE IMMOVABLE,01-Feb-2000,01-Feb-2000,2896,416,253,01-Feb-2000
910690400450,1,GANJAM,SORADA,SALE IMMOVABLE,25-Mar-2004,25-Mar-2004,3520,450,911,25-Mar-2004
910820102891,1,JAJPUR,DOLIPUR,SALE IMMOVABLE,26-Nov-2001,26-Nov-2001,40000,2891,71,26-Nov-2001
911590300470,1,RAYAGADA,BISAM CUTTACK,SALE IMMOVABLE,01-Aug-2003,01-Aug-2003,15500,470,394,01-Aug-2003
910390200912,1,KATAKA,KATAKA,AGREEMENT WITH PROPERTY,01-Mar-2002,01-Mar-2002,500,912,35,01-Mar-2002
910140203416,1,BALESHWAR,SORA,SALE IMMOVABLE,01-Oct-2002,01-Oct-2002,49900,3416,86,01-Oct-2002
910720100620,1,JAGATSINGHPUR,JAGATSINGHPUR,SALE IMMOVABLE,21-Mar-2001,21-Mar-2001,10700,620,21,21-Mar-2001
910390103344,1,KATAKA,KATAKA,SALE IMMOVABLE,13-Aug-2001,13-Aug-2001,37000,3344,118,13-Aug-2001
910150401745,1,BARAGADA,BARAGADA,SALE IMMOVABLE,17-Aug-2004,17-Aug-2004,20750,1745,1214,17-Aug-2004
911650400823,1,SAMBALPUR,RENGALI,SALE IMMOVABLE,05-Nov-2004,05-Nov-2004,75600,823,204,05-Nov-2004
910640200421,1,GANJAM,HINJILIKATU,SALE IMMOVABLE,01-Mar-2002,01-Mar-2002,14700,421,1744,01-Mar-2002
910340200723,1,BALANGIR,KANTABANJHI,SALE IMMOVABLE,19-Jun-2002,19-Jun-2002,0,723,20,19-Jun-2002
910810300421,1,JAJPUR,DHARMASHALA,SALE IMMOVABLE,24-Feb-2003,24-Feb-2003,17000,421,21,24-Feb-2003
910580301569,1,GANJAM,ASIKA,SALE IMMOVABLE,20-May-2003,20-May-2003,2000,1569,2300,20-May-2003
910720100243,1,JAGATSINGHPUR,JAGATSINGHPUR,SALE IMMOVABLE,30-Jan-2001,30-Jan-2001,2000,243,9,30-Jan-2001
910440201135,1,KATAKA,MAHANGA,SALE IMMOVABLE,29-Jul-2002,29-Jul-2002,9350,1135,34,29-Jul-2002
910830600523,1,JAJPUR,MANSADA,GIFT IMMOVABLE,24-May-2006,24-May-2006,40000,523,17,24-May-2006
910400300164,1,KATAKA,ATHAGADA,SALE IMMOVABLE,25-Jan-2003,25-Jan-2003,18000,164,8,25-Jan-2003
910800300333,1,JAJPUR,BARI,SALE IMMOVABLE,21-Mar-2003,21-Mar-2003,0,333,18,21-Mar-2003
911080607024,1,KHORDHA,KHORDHA(BBSR),SALE IMMOVABLE,01-Jul-2006,01-Jul-2006,802310,7024,225,01-Jul-2006
910550502834,1,GAJAPATI,PARALAKHEMUNDI,SALE IMMOVABLE,21-Sep-2005,21-Sep-2005,375,2834,135,21-Sep-2005
911000301098,1,KENDUJHAR,KENDUJHAR,SALE IMMOVABLE,27-Jun-2003,27-Jun-2003,102000,1098,65,27-Jun-2003
911530302241,1,PURI,PIPILI,SALE IMMOVABLE,11-Nov-2003,11-Nov-2003,31600,2241,98,11-Nov-2003
910850100859,1,JAJPUR,MANGALPUR,SALE IMMOVABLE,04-Jul-2001,04-Jul-2001,4200,859,25,04-Jul-2001
910580201991,1,GANJAM,ASIKA,SALE IMMOVABLE,04-Jun-2002,04-Jun-2002,8300,1991,2253,04-Jun-2002
910710500440,1,GANJAM,CHIKITI,LEASE ADVANCE WITH RENT IMMOVABLE,15-Apr-2005,15-Apr-2005,1500,440,289,15-Apr-2005
911130201679,1,KHORDHA,KHANDAGIRI,SALE IMMOVABLE,10-Apr-2002,10-Apr-2002,12000,1679,69,10-Apr-2002
910470400325,1,KATAKA,SALEPUR,SALE IMMOVABLE,19-Feb-2004,19-Feb-2004,32670,325,20,19-Feb-2004
911480102676,1,PURI,PURI,SALE IMMOVABLE,28-May-2001,28-May-2001,35000,2676,80,28-May-2001
910700501499,1,GANJAM,KODALA,SALE IMMOVABLE,22-Aug-2005,22-Aug-2005,4836,1499,513,22-Aug-2005
911580001768,1,RAYAGADA,RAYAGADA,SALE IMMOVABLE,21-Nov-2000,21-Nov-2000,12000,1768,47,21-Nov-2000
911480404713,1,PURI,PURI,SALE IMMOVABLE,11-Oct-2004,11-Oct-2004,50000,4713,219,11-Oct-2004
910130100182,1,BALESHWAR,SIMULIA,SALE IMMOVABLE,30-Jan-2001,30-Jan-2001,3000,182,7,30-Jan-2001
911140600250,1,KHORDHA,KHORDHA,SALE IMMOVABLE,03-Feb-2006,03-Feb-2006,205000,250,13,03-Feb-2006
911690100434,1,SUBARNAPUR,RAMPUR,SALE IMMOVABLE,10-Apr-2001,10-Apr-2001,18000,434,18,10-Apr-2001
910970102062,1,KENDRAPADA,PATTAMUNDAI,SALE IMMOVABLE,28-Dec-2001,28-Dec-2001,12000,2062,55,28-Dec-2001
910310301905,1,BALANGIR,BALANGIR,SALE IMMOVABLE,01-Oct-2003,01-Oct-2003,292999,1905,90,01-Oct-2003
910940001071,1,KENDRAPADA,AALI,SALE IMMOVABLE,23-Aug-2000,23-Aug-2000,5000,1071,21,23-Aug-2000
911170601624,1,KORAPUT,JAYAPUR,SALE IMMOVABLE,07-Aug-2006,07-Aug-2006,35000,1624,76/06,07-Aug-2006
910610402193,1,GANJAM,BRAHMAPUR-I,SALE IMMOVABLE,27-Apr-2004,27-Apr-2004,600000,2193,3099,27-Apr-2004
910310101505,1,BALANGIR,BALANGIR,SALE IMMOVABLE,19-Jun-2001,19-Jun-2001,10000,1505,52,19-Jun-2001
911650500432,1,SAMBALPUR,RENGALI,SALE IMMOVABLE,03-Jun-2005,03-Jun-2005,79800,432,27,03-Jun-2005
911530200596,1,PURI,PIPILI,SALE IMMOVABLE,05-Apr-2002,05-Apr-2002,20000,596,17,05-Apr-2002
910140302721,1,BALESHWAR,SORA,SALE IMMOVABLE,18-Aug-2003,18-Aug-2003,22150,2721,104,18-Aug-2003
911080006114,1,KHORDHA,KHORDHA(BBSR),SALE IMMOVABLE,01-Nov-2000,01-Nov-2000,490000,6114,246,01-Nov-2000
910720100895,1,JAGATSINGHPUR,JAGATSINGHPUR,SALE IMMOVABLE,20-Apr-2001,20-Apr-2001,12000,895,28,20-Apr-2001
911000201532,1,KENDUJHAR,KENDUJHAR,SALE IMMOVABLE,13-Aug-2002,13-Aug-2002,140000,1532,52,13-Aug-2002
910660600102,1,GANJAM,KHALLIKOTE,SALE IMMOVABLE,24-Jan-2006,24-Jan-2006,9065,102,1421,24-Jan-2006
911400500869,1,NAYAGADA,ODAGAON,SALE IMMOVABLE,13-Jun-2005,13-Jun-2005,31000,869,39,13-Jun-2005
911140401236,1,KHORDHA,KHORDHA,SALE IMMOVABLE,01-Jan-2004,01-Jan-2004,55000,1236,62,01-Jan-2004
910390105060,1,KATAKA,KATAKA,SALE IMMOVABLE,21-Dec-2001,21-Dec-2001,36000,5060,177,21-Dec-2001
911490600452,1,PURI,BRAHMAGIRI,SALE IMMOVABLE,19-May-2006,19-May-2006,10000,452,22,19-May-2006
910790501257,1,JAJPUR,BARACHANA,SALE IMMOVABLE,28-Jul-2005,28-Jul-2005,100000,1257,48,28-Jul-2005
911080106727,1,KHORDHA,KHORDHA(BBSR),SALE IMMOVABLE,22-Oct-2001,22-Oct-2001,16500,6727,282,22-Oct-2001
910080200226,1,BALESHWAR,BASTA,SALE IMMOVABLE,30-Jan-2002,30-Jan-2002,3300,226,9,30-Jan-2002
910230102741,1,BHADRAK,BHADRAK,SALE IMMOVABLE,19-Jul-2001,19-Jul-2001,4000,2741,87,19-Jul-2001
910650501312,1,GANJAM,KABISURYANAGAR,SALE IMMOVABLE,03-Jun-2005,03-Jun-2005,14320,1312,1969,03-Jun-2005
910090001132,1,BALESHWAR,JALESWAR,SALE IMMOVABLE,05-May-2000,05-May-2000,22500,1132,33,05-May-2000
911750200113,1,SUNDARAGADA,LEPHRIPADA,GIFT TO GOVT. (IMMOVABLE),17-Sep-2002,17-Sep-2002,5000,113,4,17-Sep-2002
910030600766,1,ANUGOLA,CHHENDIPADA,SALE IMMOVABLE,23-Jun-2006,23-Jun-2006,156500,766,42,23-Jun-2006
910840600702,1,JAJPUR,SUKINDA,SALE IMMOVABLE,16-Sep-2006,16-Sep-2006,44000,702,33,16-Sep-2006
910320501301,1,BALANGIR,PATNAGARH,SALE IMMOVABLE,21-Oct-2005,21-Oct-2005,9000,1301,69,21-Oct-2005
910550500115,1,GAJAPATI,PARALAKHEMUNDI,SALE IMMOVABLE,19-Jan-2005,19-Jan-2005,10800,115,5,19-Jan-2005
911150100689,1,KHORDHA,TANGI,SUPPLEMENTARY DEED (IMMOVABLE),28-Aug-2001,28-Aug-2001,53000,689,20,28-Aug-2001
910620502643,1,GANJAM,BUGUDA,SALE IMMOVABLE,26-Sep-2005,26-Sep-2005,0,2643,2162,26-Sep-2005
911550100269,1,PURI,DELANGA,SALE IMMOVABLE,10-Apr-2001,10-Apr-2001,10000,269,7,10-Apr-2001
910170401127,1,BARAGADA,PADMAPUR,GIFT IMMOVABLE,06-Oct-2004,06-Oct-2004,11500,1127,487,06-Oct-2004
910820502478,1,JAJPUR,DOLIPUR,SALE IMMOVABLE,12-Aug-2005,12-Aug-2005,216500,2478,99,12-Aug-2005
910880402332,1,KALAHANDI,BHABANIPATANA,SALE IMMOVABLE,01-Dec-2004,01-Dec-2004,25600,2332,145,01-Dec-2004
910610104700,1,GANJAM,BRAHMAPUR-I,SALE IMMOVABLE,15-Dec-2001,15-Dec-2001,77000,4700,2631,15-Dec-2001
910400500764,1,KATAKA,ATHAGADA,SALE IMMOVABLE,29-Apr-2005,29-Apr-2005,29750,764,35,29-Apr-2005
910610405804,1,GANJAM,BRAHMAPUR-I,SALE IMMOVABLE,25-Nov-2004,25-Nov-2004,110400,5804,3221,25-Nov-2004
911720100229,1,SUNDARAGADA,BANAIGADA,SALE IMMOVABLE,27-Apr-2001,27-Apr-2001,27000,229,9,27-Apr-2001
911260600554,1,MAYURBHANJ,MAYURBHANJ,SALE IMMOVABLE,23-Feb-2006,23-Feb-2006,45900,554,20,23-Feb-2006
910870500480,1,JHARSUGUDA,LAKHANPUR,SALE IMMOVABLE,08-Jun-2005,08-Jun-2005,94600,480,33,08-Jun-2005
911080002542,1,KHORDHA,KHORDHA(BBSR),SALE IMMOVABLE,10-May-2000,10-May-2000,35000,2542,102,10-May-2000
910390202604,1,KATAKA,KATAKA,SALE IMMOVABLE,19-Jun-2002,19-Jun-2002,39500,2604,93,19-Jun-2002
910980300152,1,KENDRAPADA,RAJNAGAR,SALE IMMOVABLE,15-Feb-2003,15-Feb-2003,23400,152,9,15-Feb-2003
911140200231,1,KHORDHA,KHORDHA,SALE IMMOVABLE,28-Jan-2002,28-Jan-2002,30000,231,8,28-Jan-2002
910970601333,1,KENDRAPADA,PATTAMUNDAI,SALE IMMOVABLE,28-Oct-2006,28-Oct-2006,4500,1333,49,28-Oct-2006
911130303332,1,KHORDHA,KHANDAGIRI,POA WITH POSSESSION,13-Aug-2003,13-Aug-2003,0,3332,239,13-Aug-2003
910480200227,1,KATAKA,TIGIRIA,SALE IMMOVABLE,25-Apr-2002,25-Apr-2002,11000,227,9,25-Apr-2002
910470401773,1,KATAKA,SALEPUR,SALE IMMOVABLE,28-Jul-2004,28-Jul-2004,290500,1773,102,28-Jul-2004
911420501548,1,NUAPADA,NUAPADA,SALE IMMOVABLE,31-Oct-2005,31-Oct-2005,23000,1548,548,31-Oct-2005
911130005815,1,KHORDHA,KHANDAGIRI,SALE IMMOVABLE,30-Dec-2000,31-Dec-2000,7150,5815,232,31-Dec-2000
910930103181,1,KENDRAPADA,KENDRAPADA,SALE IMMOVABLE,01-Sep-2001,01-Sep-2001,20000,3181,88,01-Sep-2001
911370602450,1,NAYAGADA,NAYAGADA,SALE IMMOVABLE,23-Jun-2006,23-Jun-2006,170000,2450,112,23-Jun-2006
911480003092,1,PURI,PURI,LEASE ADVANCE WITH RENT IMMOVABLE,08-Aug-2000,08-Aug-2000,0,3092,96,08-Aug-2000
911520300159,1,PURI,NIMAPADA,SALE IMMOVABLE,04-Feb-2003,04-Feb-2003,350,159,9,04-Feb-2003
911670300883,1,SUBARNAPUR,BIRMAHARAJPUR,SALE IMMOVABLE,22-Sep-2003,22-Sep-2003,9000,883,43,22-Sep-2003
910170001304,1,BARAGADA,PADMAPUR,SALE IMMOVABLE,01-Nov-2000,01-Nov-2000,30000,1304,1500,01-Nov-2000
911080601190,1,KHORDHA,KHORDHA(BBSR),SALE IMMOVABLE,03-Feb-2006,03-Feb-2006,71500,1190,38,03-Feb-2006
911680300120,1,SUBARNAPUR,BINIKA,LEASE WITH ADVANCE ONLY(IMMOVABLE),04-Feb-2003,04-Feb-2003,500,120,6,04-Feb-2003
911080000534,1,KHORDHA,KHORDHA(BBSR),GIFT IMMOVABLE,31-Jan-2000,31-Jan-2000,900,534,20,31-Jan-2000
911130104632,1,KHORDHA,KHANDAGIRI,SALE IMMOVABLE,28-Aug-2001,28-Aug-2001,146810,4632,192,28-Aug-2001
911580500935,1,RAYAGADA,RAYAGADA,SALE IMMOVABLE,17-Aug-2005,17-Aug-2005,7200,935,23,17-Aug-2005
911080105892,1,KHORDHA,KHORDHA(BBSR),SALE IMMOVABLE,12-Sep-2001,12-Sep-2001,70000,5892,250,12-Sep-2001
910810002166,1,JAJPUR,DHARMASHALA,SALE IMMOVABLE,24-Jul-2000,24-Jul-2000,12000,2166,48,24-Jul-2000
910750201767,1,JAGATSINGHPUR,KUJANGA,SALE IMMOVABLE,27-Jun-2002,27-Jun-2002,23500,1767,53,27-Jun-2002
910310301656,1,BALANGIR,BALANGIR,SALE IMMOVABLE,08-Aug-2003,08-Aug-2003,22000,1656,79,08-Aug-2003
910310402354,1,BALANGIR,BALANGIR,SALE IMMOVABLE,11-Oct-2004,11-Oct-2004,320000,2354,119,11-Oct-2004
910790400701,1,JAJPUR,BARACHANA,SALE IMMOVABLE,28-May-2004,28-May-2004,40000,701,27,28-May-2004
910880601114,1,KALAHANDI,BHABANIPATANA,SALE IMMOVABLE,09-May-2006,09-May-2006,97405,1114,1266,09-May-2006
910580200222,1,GANJAM,ASIKA,SALE IMMOVABLE,25-Jan-2002,25-Jan-2002,10400,222,2226,25-Jan-2002
910780101831,1,JAJPUR,JAJPUR,SALE IMMOVABLE,17-Oct-2001,17-Oct-2001,62000,1831,54,17-Oct-2001
911130101090,1,KHORDHA,KHANDAGIRI,SALE IMMOVABLE,24-Feb-2001,24-Feb-2001,43200,1090,44,24-Feb-2001
910650401492,1,GANJAM,KABISURYANAGAR,SALE IMMOVABLE,03-Jun-2004,03-Jun-2004,8212,1492,1899,03-Jun-2004
911720401030,1,SUNDARAGADA,BANAIGADA,SALE IMMOVABLE,10-Dec-2004,10-Dec-2004,30000,1030,58,10-Dec-2004
910870600088,1,JHARSUGUDA,LAKHANPUR,SALE IMMOVABLE,15-Feb-2006,15-Feb-2006,35805,88,8,15-Feb-2006
910230401121,1,BHADRAK,BHADRAK,SALE IMMOVABLE,25-Mar-2004,25-Mar-2004,8250,1121,63,25-Mar-2004
910080402523,1,BALESHWAR,BASTA,SALE IMMOVABLE,10-Nov-2004,10-Nov-2004,64770,2523,130,10-Nov-2004
910820500024,1,JAJPUR,DOLIPUR,SALE IMMOVABLE,04-Jan-2005,04-Jan-2005,4000,24,1,04-Jan-2005
911080502553,1,KHORDHA,KHORDHA(BBSR),SALE IMMOVABLE,01-Mar-2005,01-Mar-2005,494000,2553,167,01-Mar-2005
910150200042,1,BARAGADA,BARAGADA,SALE IMMOVABLE,05-Jan-2002,05-Jan-2002,20000,42,798,05-Jan-2002
911530401310,1,PURI,PIPILI,SALE IMMOVABLE,28-Jun-2004,28-Jun-2004,6400,1310,59,28-Jun-2004
911130303398,1,KHORDHA,KHANDAGIRI,SALE IMMOVABLE,18-Aug-2003,18-Aug-2003,9700,3398,243,18-Aug-2003
910690001572,1,GANJAM,SORADA,SALE IMMOVABLE,01-Dec-2000,01-Dec-2000,2735,1572,795,01-Dec-2000
910600000438,1,GANJAM,BRAHMAPUR-II,SALE IMMOVABLE,15-Feb-2000,15-Feb-2000,5236,438,2724,15-Feb-2000
910340300273,1,BALANGIR,KANTABANJHI,SALE IMMOVABLE,21-Mar-2003,21-Mar-2003,5500,273,17,21-Mar-2003
911260502240,1,MAYURBHANJ,MAYURBHANJ,SALE IMMOVABLE,13-Jun-2005,13-Jun-2005,20000,2240,70,13-Jun-2005
910650102584,1,GANJAM,KABISURYANAGAR,SALE IMMOVABLE,17-Oct-2001,17-Oct-2001,750,2584,1734,17-Oct-2001
910650300147,1,GANJAM,KABISURYANAGAR,SALE IMMOVABLE,28-Jan-2003,28-Jan-2003,15415,147,1806,28-Jan-2003
910140503413,1,BALESHWAR,SORA,SALE IMMOVABLE,26-Sep-2005,26-Sep-2005,37500,3413,144,26-Sep-2005
910060002552,1,BALESHWAR,BALESHWAR,SALE IMMOVABLE,30-May-2000,30-May-2000,7785,2552,92,30-May-2000
911260601275,1,MAYURBHANJ,MAYURBHANJ,SALE IMMOVABLE,04-Apr-2006,04-Apr-2006,48530,1275,39,04-Apr-2006
910790001777,1,JAJPUR,BARACHANA,GIFT IMMOVABLE,06-Dec-2000,06-Dec-2000,15000,1777,32,06-Dec-2000
910570503149,1,GANJAM,CHHATRAPUR,SALE IMMOVABLE,21-Oct-2005,21-Oct-2005,6355,3149,2746,21-Oct-2005
910310101818,1,BALANGIR,BALANGIR,SALE IMMOVABLE,01-Sep-2001,01-Sep-2001,22000,1818,61,01-Sep-2001
911160500235,1,KHORDHA,BOLAGADA,SALE IMMOVABLE,15-Mar-2005,15-Mar-2005,1320,235,16,15-Mar-2005
910650001256,1,GANJAM,KABISURYANAGAR,SALE IMMOVABLE,10-May-2000,10-May-2000,750,1256,1667,10-May-2000
910390204731,1,KATAKA,KATAKA,SALE IMMOVABLE,01-Oct-2002,01-Oct-2002,46000,4731,192,01-Oct-2002
910390101531,1,KATAKA,KATAKA,SALE IMMOVABLE,28-Mar-2001,28-Mar-2001,47500,1531,56,28-Mar-2001
911530300270,1,PURI,PIPILI,GIFT IMMOVABLE,15-Feb-2003,15-Feb-2003,4000,270,12,15-Feb-2003
910610304565,1,GANJAM,BRAHMAPUR-I,SALE IMMOVABLE,02-Sep-2003,02-Sep-2003,7320,4565,2964,02-Sep-2003
910090203091,1,BALESHWAR,JALESWAR,SALE IMMOVABLE,22-Oct-2002,22-Oct-2002,8000,3091,84,22-Oct-2002
911130302808,1,KHORDHA,KHANDAGIRI,SALE IMMOVABLE,15-Jul-2003,15-Jul-2003,8400,2808,200,15-Jul-2003
911080602672,1,KHORDHA,KHORDHA(BBSR),SALE IMMOVABLE,10-Mar-2006,10-Mar-2006,86375,2672,85,10-Mar-2006
910570000541,1,GANJAM,CHHATRAPUR,SALE IMMOVABLE,01-Mar-2000,01-Mar-2000,11370,541,2181,01-Mar-2000
911080603587,1,KHORDHA,KHORDHA(BBSR),SALE IMMOVABLE,04-Apr-2006,04-Apr-2006,529700,3587,114,04-Apr-2006
910340401271,1,BALANGIR,KANTABANJHI,SALE IMMOVABLE,15-Jun-2004,15-Jun-2004,40000,1271,65,15-Jun-2004
910880102200,1,KALAHANDI,BHABANIPATANA,SALE IMMOVABLE,07-Sep-2001,07-Sep-2001,13000,2200,644,07-Sep-2001
911120201785,1,KHORDHA,JATANI,SALE IMMOVABLE,29-Jul-2002,29-Jul-2002,0,1785,62,29-Jul-2002
910660300926,1,GANJAM,KHALLIKOTE,SALE IMMOVABLE,30-Apr-2003,30-Apr-2003,25025,926,1241,30-Apr-2003
910270501490,1,BHADRAK,CHANDBALI,SALE IMMOVABLE,01-Jul-2005,01-Jul-2005,10000,1490,73,01-Jul-2005
910990301004,1,KENDRAPADA,KANIKA,SALE IMMOVABLE,27-Jun-2003,27-Jun-2003,9500,1004,31,27-Jun-2003
911090300822,1,KHORDHA,BALIPATNA,SALE IMMOVABLE,24-Jun-2003,24-Jun-2003,24750,822,43,24-Jun-2003
910190100026,1,BARAGADA,BARAPALLI,SALE IMMOVABLE,05-Jan-2001,05-Jan-2001,16000,26,1,05-Jan-2001
911710101007,1,SUNDARAGADA,PANPOSH,LEASE RENT RESERVED(IMMOVABLE),01-Jan-2001,01-Jan-2001,49422,1007,50,01-Jan-2001
911410600535,1,NAYAGADA,RANAPUR,SALE IMMOVABLE,19-May-2006,19-May-2006,20000,535,36,19-May-2006
910820500138,1,JAJPUR,DOLIPUR,SALE IMMOVABLE,19-Jan-2005,19-Jan-2005,28750,138,6,19-Jan-2005
910400501639,1,KATAKA,ATHAGADA,SALE IMMOVABLE,15-Dec-2005,15-Dec-2005,7000,1639,75,15-Dec-2005
910550002787,1,GAJAPATI,PARALAKHEMUNDI,SALE IMMOVABLE,12-Sep-2000,12-Sep-2000,1890,2787,53,12-Sep-2000
911080607054,1,KHORDHA,KHORDHA(BBSR),SALE IMMOVABLE,03-Jul-2006,03-Jul-2006,90000,7054,225,03-Jul-2006
910570300088,1,GANJAM,CHHATRAPUR,SALE IMMOVABLE,15-Jan-2003,15-Jan-2003,7625,88,2442,15-Jan-2003
911220300300,1,KORAPUT,NANDPUR(POTTANGI),SALE IMMOVABLE,22-Sep-2003,22-Sep-2003,20000,300,171,22-Sep-2003
910760201415,1,JAGATSINGHPUR,RAGHUNATHPUR,SALE IMMOVABLE,28-Aug-2002,28-Aug-2002,25000,1415,42,28-Aug-2002
910860400494,1,JHARSUGUDA,JHARSUGUDA,SALE IMMOVABLE,24-Feb-2004,24-Feb-2004,20000,494,34,24-Feb-2004
911500501163,1,PURI,GOP,SALE IMMOVABLE,23-Jul-2005,23-Jul-2005,25000,1163,47,23-Jul-2005
911120600221,1,KHORDHA,JATANI,SALE IMMOVABLE,01-Feb-2006,01-Feb-2006,0,221,13,01-Feb-2006
911530501806,1,PURI,PIPILI,SALE IMMOVABLE,12-Aug-2005,12-Aug-2005,0,1806,96,12-Aug-2005
911480402183,1,PURI,PURI,SALE IMMOVABLE,19-May-2004,19-May-2004,100000,2183,97,19-May-2004
910240002343,1,BHADRAK,BASUDEVPUR,SALE IMMOVABLE,20-Apr-2000,20-Apr-2000,4000,2343,62,20-Apr-2000
911530300910,1,PURI,PIPILI,SALE IMMOVABLE,30-Apr-2003,30-Apr-2003,10000,910,40,30-Apr-2003
911660201585,1,SUBARNAPUR,SONPUR,SALE IMMOVABLE,06-Dec-2002,06-Dec-2002,10000,1585,58,06-Dec-2002
910860201198,1,JHARSUGUDA,JHARSUGUDA,SALE IMMOVABLE,15-Jul-2002,15-Jul-2002,52500,1198,46,15-Jul-2002
911700400812,1,SUNDARAGADA,SUNDARAGADA,SALE IMMOVABLE,28-Jun-2004,28-Jun-2004,51000,812,52,28-Jun-2004
910900200014,1,KALAHANDI,JAYAPATANA,SALE IMMOVABLE,05-Jan-2002,05-Jan-2002,0,14,243,05-Jan-2002
911510001628,1,PURI,KAKATPUR,SALE IMMOVABLE,18-Aug-2000,18-Aug-2000,8000,1628,44,18-Aug-2000
910270101804,1,BHADRAK,CHANDBALI,SALE IMMOVABLE,28-Jul-2001,28-Jul-2001,56000,1804,54,28-Jul-2001
910270101800,1,BHADRAK,CHANDBALI,SALE IMMOVABLE,28-Jul-2001,28-Jul-2001,14000,1800,54,28-Jul-2001
911080611935,1,KHORDHA,KHORDHA(BBSR),SALE IMMOVABLE,27-Nov-2006,27-Nov-2006,252600,11935,381,27-Nov-2006
910650402118,1,GANJAM,KABISURYANAGAR,SALE IMMOVABLE,07-Aug-2004,07-Aug-2004,11840,2118,1916,07-Aug-2004
911080511164,1,KHORDHA,KHORDHA(BBSR),SALE IMMOVABLE,28-Oct-2005,28-Oct-2005,61800,11164,517,28-Oct-2005
911120503109,1,KHORDHA,JATANI,LEASE WITH ADVANCE ONLY(IMMOVABLE),20-Dec-2005,20-Dec-2005,0,3109,184,20-Dec-2005
911510601137,1,PURI,KAKATPUR,SALE IMMOVABLE,01-Jul-2006,01-Jul-2006,33524,1137,58,01-Jul-2006
911130607000,1,KHORDHA,KHANDAGIRI,POA WITH POSSESSION,15-Sep-2006,15-Sep-2006,0,7000,469,15-Sep-2006
911690100754,1,SUBARNAPUR,RAMPUR,SALE IMMOVABLE,24-Jul-2001,24-Jul-2001,42000,754,28,24-Jul-2001
910310401818,1,BALANGIR,BALANGIR,SALE IMMOVABLE,15-Jul-2004,15-Jul-2004,30000,1818,93,15-Jul-2004
910620401807,1,GANJAM,BUGUDA,SALE IMMOVABLE,03-Jul-2004,03-Jul-2004,0,1807,2059,03-Jul-2004
910600303153,1,GANJAM,BRAHMAPUR-II,SALE IMMOVABLE,23-Aug-2003,23-Aug-2003,31785,3153,3224,23-Aug-2003
911530500554,1,PURI,PIPILI,SALE IMMOVABLE,15-Mar-2005,15-Mar-2005,9800,554,31,15-Mar-2005
910140603320,1,BALESHWAR,SORA,SALE IMMOVABLE,20-Nov-2006,20-Nov-2006,61000,3320,147,20-Nov-2006
911080606914,1,KHORDHA,KHORDHA(BBSR),SALE IMMOVABLE,28-Jun-2006,28-Jun-2006,217035,6914,221,28-Jun-2006
910060103761,1,BALESHWAR,BALESHWAR,SALE IMMOVABLE,03-Aug-2001,03-Aug-2001,32000,3761,139,03-Aug-2001
910660200779,1,GANJAM,KHALLIKOTE,SALE IMMOVABLE,20-Apr-2002,20-Apr-2002,50750,779,1169,20-Apr-2002
910840500318,1,JAJPUR,SUKINDA,SALE IMMOVABLE,04-Apr-2005,04-Apr-2005,3300,318,16,04-Apr-2005
910970601589,1,KENDRAPADA,PATTAMUNDAI,SALE IMMOVABLE,30-Dec-2006,30-Dec-2006,21000,1589,56,30-Dec-2006
910060506288,1,BALESHWAR,BALESHWAR,SALE IMMOVABLE,28-May-2005,28-May-2005,450000,6288,364,28-May-2005
910410100416,1,KATAKA,BANKI,SALE IMMOVABLE,24-Feb-2001,24-Feb-2001,9000,416,15,24-Feb-2001
911690200954,1,SUBARNAPUR,RAMPUR,SALE IMMOVABLE,01-Oct-2002,01-Oct-2002,20000,954,34,01-Oct-2002
910570200194,1,GANJAM,CHHATRAPUR,SALE IMMOVABLE,28-Jan-2002,28-Jan-2002,3650,194,2353,28-Jan-2002
910240001080,1,BHADRAK,BASUDEVPUR,SALE IMMOVABLE,16-Mar-2000,16-Mar-2000,33500,1080,28,16-Mar-2000
910080402337,1,BALESHWAR,BASTA,SALE IMMOVABLE,16-Oct-2004,16-Oct-2004,24700,2337,123,16-Oct-2004
911130202311,1,KHORDHA,KHANDAGIRI,SALE IMMOVABLE,15-May-2002,15-May-2002,1250000,2311,95,15-May-2002
910140203948,1,BALESHWAR,SORA,GIFT CANCELLATION EXECUTANT(IMMOVABLE),11-Dec-2002,11-Dec-2002,13500,3948,107,11-Dec-2002
910180600291,1,BARAGADA,SOHELLA,SALE IMMOVABLE,15-Feb-2006,15-Feb-2006,26000,291,1011,15-Feb-2006
910080400917,1,BALESHWAR,BASTA,SALE IMMOVABLE,19-Apr-2004,19-Apr-2004,8000,917,56,19-Apr-2004
910870500580,1,JHARSUGUDA,LAKHANPUR,SALE IMMOVABLE,18-Jul-2005,18-Jul-2005,6660,580,39,18-Jul-2005
910310402483,1,BALANGIR,BALANGIR,LEASE WITH ADVANCE ONLY(IMMOVABLE),28-Oct-2004,28-Oct-2004,5850,2483,125,28-Oct-2004
910060203805,1,BALESHWAR,BALESHWAR,SALE IMMOVABLE,29-Jun-2002,29-Jun-2002,2906,3805,152,29-Jun-2002
910320100875,1,BALANGIR,PATNAGARH,SALE IMMOVABLE,01-Aug-2001,01-Aug-2001,15000,875,28,01-Aug-2001
911260403766,1,MAYURBHANJ,MAYURBHANJ,SALE IMMOVABLE,01-Dec-2004,01-Dec-2004,13950,3766,134,01-Dec-2004
910640101342,1,GANJAM,HINJILIKATU,SALE IMMOVABLE,15-May-2001,15-May-2001,6500,1342,1683,15-May-2001
910140103396,1,BALESHWAR,SORA,LEASE RENT RESERVED(IMMOVABLE),11-Oct-2001,12-Oct-2001,1800,3396,86,12-Oct-2001
911410100800,1,NAYAGADA,RANAPUR,SALE IMMOVABLE,28-May-2001,28-May-2001,20000,800,25,28-May-2001
910970400198,1,KENDRAPADA,PATTAMUNDAI,SALE IMMOVABLE,20-Feb-2004,20-Feb-2004,13750,198,10,20-Feb-2004
910820400472,1,JAJPUR,DOLIPUR,SALE IMMOVABLE,01-Mar-2004,01-Mar-2004,12900,472,20,01-Mar-2004
910080502579,1,BALESHWAR,BASTA,SALE IMMOVABLE,05-Nov-2005,05-Nov-2005,25300,2579,129,05-Nov-2005
910660202385,1,GANJAM,KHALLIKOTE,SALE IMMOVABLE,16-Dec-2002,16-Dec-2002,3672,2385,1211,16-Dec-2002
911000100591,1,KENDUJHAR,KENDUJHAR,SALE IMMOVABLE,15-Mar-2001,15-Mar-2001,18000,591,22,15-Mar-2001
911130605873,1,KHORDHA,KHANDAGIRI,SALE IMMOVABLE,02-Aug-2006,02-Aug-2006,133863,5873,398,02-Aug-2006
911080105402,1,KHORDHA,KHORDHA(BBSR),SALE IMMOVABLE,18-Aug-2001,18-Aug-2001,36000,5402,227,18-Aug-2001
910230203246,1,BHADRAK,BHADRAK,SALE IMMOVABLE,27-Sep-2002,27-Sep-2002,42000,3246,115,27-Sep-2002
910970001801,1,KENDRAPADA,PATTAMUNDAI,SALE IMMOVABLE,06-Nov-2000,06-Nov-2000,3900,1801,50,06-Nov-2000
910080401025,1,BALESHWAR,BASTA,SALE IMMOVABLE,01-May-2004,01-May-2004,13450,1025,62,01-May-2004
910770001160,1,JAGATSINGHPUR,TIRTOL,SALE IMMOVABLE,24-Jul-2000,24-Jul-2000,7000,1160,33,24-Jul-2000
911440000332,1,KANDHAMALA,KANDHAMALA,SALE IMMOVABLE,22-Nov-2000,16-Nov-2000,36000,332,14,16-Nov-2000
911140102461,1,KHORDHA,KHORDHA,SALE IMMOVABLE,12-Oct-2001,12-Oct-2001,2700,2461,57,12-Oct-2001
910090303334,1,BALESHWAR,JALESWAR,SALE IMMOVABLE,26-Dec-2003,26-Dec-2003,15000,3334,159,26-Dec-2003
911080505211,1,KHORDHA,KHORDHA(BBSR),SALE IMMOVABLE,04-May-2005,04-May-2005,135000,5211,329,04-May-2005
910650302270,1,GANJAM,KABISURYANAGAR,SALE IMMOVABLE,17-Oct-2003,17-Oct-2003,10500,2270,1852,17-Oct-2003
911130002378,1,KHORDHA,KHANDAGIRI,SALE IMMOVABLE,01-Jun-2000,01-Jun-2000,22000,2378,94,01-Jun-2000
910020500144,1,ANUGOLA,ATHAMALLIK,SALE IMMOVABLE,15-Feb-2005,15-Feb-2005,0,144,10,15-Feb-2005
910950401140,1,KENDRAPADA,GARADPUR,SALE IMMOVABLE,01-Dec-2004,01-Dec-2004,12375,1140,78,01-Dec-2004
911260303080,1,MAYURBHANJ,MAYURBHANJ,SALE IMMOVABLE,27-Oct-2003,27-Oct-2003,323000,3080,115,27-Oct-2003
910760001396,1,JAGATSINGHPUR,RAGHUNATHPUR,SALE IMMOVABLE,15-Sep-2000,15-Sep-2000,30000,1396,39,15-Sep-2000
910320200633,1,BALANGIR,PATNAGARH,SALE IMMOVABLE,10-May-2002,10-May-2002,2500,633,22,10-May-2002
910130300384,1,BALESHWAR,SIMULIA,SALE IMMOVABLE,21-Mar-2003,21-Mar-2003,2500,384,22,21-Mar-2003
911360200426,1,NABARANGPUR,UMARKOT,SALE IMMOVABLE,24-Jun-2002,24-Jun-2002,8000,426,340,24-Jun-2002
910120501363,1,BALESHWAR,NILAGIRI,SALE IMMOVABLE,27-Sep-2005,27-Sep-2005,11710,1363,75,27-Sep-2005
911720500002,1,SUNDARAGADA,BANAIGADA,SALE IMMOVABLE,01-Jan-2005,01-Jan-2005,91500,2,1,01-Jan-2005
911160400114,1,KHORDHA,BOLAGADA,SALE IMMOVABLE,09-Feb-2004,09-Feb-2004,10395,114,6,09-Feb-2004
911480403774,1,PURI,PURI,SALE IMMOVABLE,17-Aug-2004,17-Aug-2004,200000,3774,175,17-Aug-2004
910060101000,1,BALESHWAR,BALESHWAR,SALE IMMOVABLE,19-Feb-2001,19-Feb-2001,5000,1000,40,19-Feb-2001
910080002757,1,BALESHWAR,BASTA,SALE IMMOVABLE,27-Oct-2000,27-Oct-2000,12000,2757,77,27-Oct-2000
910630600799,1,GANJAM,DIGAPAHANDI,SALE IMMOVABLE,30-Mar-2006,30-Mar-2006,21924,799,2576,30-Mar-2006
910060404144,1,BALESHWAR,BALESHWAR,LEASE RENT RESERVED(IMMOVABLE),18-Jun-2004,18-Jun-2004,1500,4144,254,18-Jun-2004
910970301288,1,KENDRAPADA,PATTAMUNDAI,TRANSFER OF LEASE,28-Aug-2003,28-Aug-2003,300000,1288,65,28-Aug-2003
910050401893,1,ANUGOLA,TALACHER,LEASE ADVANCE WITH RENT IMMOVABLE,28-Oct-2004,28-Oct-2004,3000,1893,103,28-Oct-2004
910150001487,1,BARAGADA,BARAGADA,SALE IMMOVABLE,01-Jul-2000,01-Jul-2000,22000,1487,665,01-Jul-2000
911260403025,1,MAYURBHANJ,MAYURBHANJ,SALE IMMOVABLE,15-Sep-2004,15-Sep-2004,30000,3025,111,15-Sep-2004
910600505077,1,GANJAM,BRAHMAPUR-II,SALE IMMOVABLE,05-Nov-2005,05-Nov-2005,67320,5077,3605,05-Nov-2005
910140300584,1,BALESHWAR,SORA,SALE IMMOVABLE,19-Feb-2003,19-Feb-2003,6022,584,23,19-Feb-2003
911620101668,1,SAMBALPUR,SAMBALPUR,SALE IMMOVABLE,04-Jul-2001,04-Jul-2001,20000,1668,907,04-Jul-2001
911430001378,1,NUAPADA,KHADIAL,SALE IMMOVABLE,01-Aug-2000,01-Aug-2000,22000,1378,122,01-Aug-2000
910600300808,1,GANJAM,BRAHMAPUR-II,SALE IMMOVABLE,21-Mar-2003,21-Mar-2003,20000,808,3148,21-Mar-2003
910860502856,1,JHARSUGUDA,JHARSUGUDA,SALE IMMOVABLE,20-Dec-2005,20-Dec-2005,30000,2856,178,20-Dec-2005
910860200332,1,JHARSUGUDA,JHARSUGUDA,SALE IMMOVABLE,15-Feb-2002,15-Feb-2002,27000,332,15,15-Feb-2002
910610405058,1,GANJAM,BRAHMAPUR-I,SALE IMMOVABLE,28-Oct-2004,28-Oct-2004,6000,5058,3197,28-Oct-2004
910150202165,1,BARAGADA,BARAGADA,SALE IMMOVABLE,26-Nov-2002,26-Nov-2002,15000,2165,897,26-Nov-2002
910090500023,1,BALESHWAR,JALESWAR,SALE IMMOVABLE,04-Jan-2005,04-Jan-2005,12600,23,3,04-Jan-2005
910660601859,1,GANJAM,KHALLIKOTE,SALE IMMOVABLE,28-Jul-2006,28-Jul-2006,10920,1859,1472,28-Jul-2006
910410101109,1,KATAKA,BANKI,SALE IMMOVABLE,05-May-2001,05-May-2001,11000,1109,33,05-May-2001
911160601041,1,KHORDHA,BOLAGADA,SALE IMMOVABLE,11-Oct-2006,11-Oct-2006,6900,1041,585,11-Oct-2006
910820301937,1,JAJPUR,DOLIPUR,SALE IMMOVABLE,29-Jul-2003,29-Jul-2003,24250,1937,82,29-Jul-2003
910310202535,1,BALANGIR,BALANGIR,SALE IMMOVABLE,31-Dec-2002,31-Dec-2002,4000,2535,90,31-Dec-2002
910310102187,1,BALANGIR,BALANGIR,SALE IMMOVABLE,27-Nov-2001,27-Nov-2001,21000,2187,74,27-Nov-2001
910240600167,1,BHADRAK,BASUDEVPUR,SALE IMMOVABLE,28-Jan-2006,28-Jan-2006,21300,167,9,28-Jan-2006
911300000222,1,MAYURBHANJ,KARANJIA,RECTIFICATION MORE THAN ONE ERROR (IMMOVABLE),15-Feb-2000,15-Feb-2000,7000,222,10,15-Feb-2000
910780402310,1,JAJPUR,JAJPUR,SALE IMMOVABLE,20-Dec-2004,20-Dec-2004,7000,2310,61,20-Dec-2004
911100200241,1,KHORDHA,BANAPUR,SALE IMMOVABLE,15-Feb-2002,15-Feb-2002,6800,241,7,15-Feb-2002
910860201020,1,JHARSUGUDA,JHARSUGUDA,SALE IMMOVABLE,14-Jun-2002,14-Jun-2002,31500,1020,40,14-Jun-2002
911080201187,1,KHORDHA,KHORDHA(BBSR),LEASE WITH ADVANCE ONLY(IMMOVABLE),20-Feb-2002,20-Feb-2002,1050000,1187,51,20-Feb-2002
911080506619,1,KHORDHA,KHORDHA(BBSR),SALE IMMOVABLE,13-Jun-2005,13-Jun-2005,15500,6619,373,13-Jun-2005
910130001059,1,BALESHWAR,SIMULIA,SALE IMMOVABLE,27-Jun-2000,27-Jun-2000,40000,1059,29,27-Jun-2000
910320601235,1,BALANGIR,PATNAGARH,SALE IMMOVABLE,01-Sep-2006,01-Sep-2006,17500,1235,59,01-Sep-2006
910170100559,1,BARAGADA,PADMAPUR,SALE IMMOVABLE,30-Apr-2001,30-Apr-2001,3500,559,317,30-Apr-2001
910570202858,1,GANJAM,CHHATRAPUR,SALE IMMOVABLE,28-Oct-2002,28-Oct-2002,66000,2858,2427,28-Oct-2002
911060301149,1,KENDUJHAR,HATADIHI,SALE IMMOVABLE,13-Aug-2003,13-Aug-2003,12000,1149,57,13-Aug-2003
911480100305,1,PURI,PURI,SALE IMMOVABLE,25-Jan-2001,25-Jan-2001,100000,305,9,25-Jan-2001
910060302878,1,BALESHWAR,BALESHWAR,SALE IMMOVABLE,23-Apr-2003,05-Apr-2003,17625,2878,177,05-Apr-2003
911400201608,1,NAYAGADA,ODAGAON,GIFT IMMOVABLE,27-Sep-2002,27-Sep-2002,11500,1608,41,27-Sep-2002
910030400145,1,ANUGOLA,CHHENDIPADA,SALE IMMOVABLE,01-Jan-2004,01-Jan-2004,50375,145,10,01-Jan-2004
911760600698,1,SUNDARAGADA,RAJGANGPUR,SALE IMMOVABLE,10-Nov-2006,10-Nov-2006,2000,698,41,10-Nov-2006
911150300643,1,KHORDHA,TANGI,SALE IMMOVABLE,01-Aug-2003,01-Aug-2003,35800,643,34,01-Aug-2003
911480505359,1,PURI,PURI,SALE IMMOVABLE,26-Oct-2005,26-Oct-2005,30000,5359,239,26-Oct-2005
910620401749,1,GANJAM,BUGUDA,SALE IMMOVABLE,01-Jul-2004,01-Jul-2004,0,1749,2057,01-Jul-2004
911080004473,1,KHORDHA,KHORDHA(BBSR),SALE IMMOVABLE,08-Aug-2000,08-Aug-2000,85160,4473,180,08-Aug-2000
911390200963,1,NAYAGADA,KHANDAPARA,SALE IMMOVABLE,20-May-2002,20-May-2002,15000,963,29,20-May-2002
911220401059,1,KORAPUT,NANDPUR(POTTANGI),SALE IMMOVABLE,01-Nov-2004,01-Nov-2004,20000,1059,218,01-Nov-2004
911130000130,1,KHORDHA,KHANDAGIRI,SALE IMMOVABLE,15-Jan-2000,15-Jan-2000,12580,130,7,15-Jan-2000
911690100135,1,SUBARNAPUR,RAMPUR,SALE IMMOVABLE,30-Jan-2001,30-Jan-2001,60000,135,08,30-Jan-2001
911130002983,1,KHORDHA,KHANDAGIRI,SALE IMMOVABLE,10-Feb-2000,10-Feb-2000,49950,2983,118,10-Feb-2000
910800001644,1,JAJPUR,BARI,SALE IMMOVABLE,08-Aug-2000,08-Aug-2000,0,1644,33,08-Aug-2000
910940400395,1,KENDRAPADA,AALI,SALE IMMOVABLE,01-May-2004,01-May-2004,2000,395,23,01-May-2004
910390103130,1,KATAKA,KATAKA,SALE IMMOVABLE,25-May-2001,25-May-2001,300000,3130,112,25-May-2001
910460002857,1,KATAKA,NIALI,SALE IMMOVABLE,16-Dec-2000,16-Dec-2000,3300,2857,70,16-Dec-2000
911120001762,1,KHORDHA,JATANI,SALE IMMOVABLE,06-Nov-2000,06-Nov-2000,0,1762,60,06-Nov-2000
911080101199,1,KHORDHA,KHORDHA(BBSR),SALE IMMOVABLE,20-Feb-2001,20-Feb-2001,105640,1199,51,20-Feb-2001
910660400466,1,GANJAM,KHALLIKOTE,SALE IMMOVABLE,15-Mar-2004,15-Mar-2004,25137,466,1289,15-Mar-2004
910130300236,1,BALESHWAR,SIMULIA,SALE IMMOVABLE,24-Feb-2003,24-Feb-2003,50000,236,15,24-Feb-2003
911490000164,1,PURI,BRAHMAGIRI,SALE IMMOVABLE,31-Jan-2000,31-Jan-2000,18720,164,5,31-Jan-2000
910600505076,1,GANJAM,BRAHMAPUR-II,SALE IMMOVABLE,05-Nov-2005,05-Nov-2005,145860,5076,3605,05-Nov-2005
911590300468,1,RAYAGADA,BISAM CUTTACK,SALE IMMOVABLE,01-Aug-2003,01-Aug-2003,3450,468,394,01-Aug-2003
910430301034,1,KATAKA,JAGATPUR,SALE IMMOVABLE,24-Jun-2003,24-Jun-2003,54000,1034,60,24-Jun-2003
911480001109,1,PURI,PURI,SALE IMMOVABLE,31-Mar-2000,31-Mar-2000,5000,1109,36,31-Mar-2000
910280601101,1,BHADRAK,DHAMNAGAR,SALE IMMOVABLE,28-Oct-2006,28-Oct-2006,26000,1101,57,28-Oct-2006
911220500551,1,KORAPUT,NANDPUR(POTTANGI),SALE IMMOVABLE,18-Jul-2005,18-Jul-2005,20000,551,249,18-Jul-2005
910460101528,1,KATAKA,NIALI,SALE IMMOVABLE,01-Jun-2001,01-Jun-2001,3900,1528,42,01-Jun-2001
910390000805,1,KATAKA,KATAKA,SALE IMMOVABLE,15-Mar-2000,15-Mar-2000,45000,805,31,15-Mar-2000
911390100362,1,NAYAGADA,KHANDAPARA,SALE IMMOVABLE,20-Feb-2001,20-Feb-2001,25500,362,12,20-Feb-2001
910600500503,1,GANJAM,BRAHMAPUR-II,SALE IMMOVABLE,16-Feb-2005,11-Oct-2005,25390,503,3448,11-Oct-2005
911330200055,1,NABARANGPUR,NABARANGPUR,SALE IMMOVABLE,10-Jan-2002,10-Jan-2002,8000,55,1356,10-Jan-2002
911650600763,1,SAMBALPUR,RENGALI,SALE IMMOVABLE,26-Sep-2006,26-Sep-2006,56000,763,53,26-Sep-2006
910310301540,1,BALANGIR,BALANGIR,SALE IMMOVABLE,15-Jul-2003,15-Jul-2003,3000,1540,73,15-Jul-2003
910760500408,1,JAGATSINGHPUR,RAGHUNATHPUR,SALE IMMOVABLE,30-Mar-2005,30-Mar-2005,16800,408,27,30-Mar-2005
910240400198,1,BHADRAK,BASUDEVPUR,SALE IMMOVABLE,28-Jan-2004,28-Jan-2004,22500,198,12,28-Jan-2004
910470101625,1,KATAKA,SALEPUR,SALE IMMOVABLE,25-May-2001,25-May-2001,32000,1625,48,25-May-2001
911080608209,1,KHORDHA,KHORDHA(BBSR),SALE IMMOVABLE,02-Aug-2006,02-Aug-2006,100000,8209,261,02-Aug-2006
911080102701,1,KHORDHA,KHORDHA(BBSR),SALE IMMOVABLE,10-Apr-2001,10-Apr-2001,92800,2701,113,10-Apr-2001
910550200113,1,GAJAPATI,PARALAKHEMUNDI,SALE IMMOVABLE,20-Feb-2002,20-Feb-2002,14040,113,1,20-Feb-2002
911480300718,1,PURI,PURI,RECONVEYANCE OF MORTGAGE,20-Feb-2003,20-Feb-2003,20000,718,34,20-Feb-2003
911570200024,1,PURI,KRUSHNAPRASAD,SALE IMMOVABLE,01-Mar-2002,01-Mar-2002,9000,24,1,01-Mar-2002
911090000028,1,KHORDHA,BALIPATNA,SALE IMMOVABLE,11-Jan-2000,11-Jan-2000,10000,28,1,11-Jan-2000
911360000113,1,NABARANGPUR,UMARKOT,SALE IMMOVABLE,31-Jan-2000,31-Jan-2000,30000,113,300,31-Jan-2000
910620000375,1,GANJAM,BUGUDA,SALE IMMOVABLE,25-Feb-2000,25-Feb-2000,0,375,1737,25-Feb-2000
910590204066,1,GANJAM,BHANJANAGAR,SALE IMMOVABLE,28-Dec-2002,28-Dec-2002,10500,4066,2699,28-Dec-2002
911480004649,1,PURI,PURI,SALE IMMOVABLE,06-Dec-2000,06-Dec-2000,15000,4649,142,06-Dec-2000
910030100350,1,ANUGOLA,CHHENDIPADA,SALE IMMOVABLE,10-May-2001,10-May-2001,21115,350,10,10-May-2001
910270301430,1,BHADRAK,CHANDBALI,SALE IMMOVABLE,04-Jul-2003,04-Jul-2003,3700,1430,64,04-Jul-2003
910680402077,1,GANJAM,PURUSOTTAMPUR,SALE IMMOVABLE,12-Aug-2004,12-Aug-2004,14256,2077,2240,12-Aug-2004
910680000532,1,GANJAM,PURUSOTTAMPUR,SALE IMMOVABLE,28-Mar-2000,28-Mar-2000,10488,532,1817,28-Mar-2000
911080001111,1,KHORDHA,KHORDHA(BBSR),SALE IMMOVABLE,01-Mar-2000,01-Mar-2000,34500,1111,43,01-Mar-2000
911080602940,1,KHORDHA,KHORDHA(BBSR),SALE IMMOVABLE,20-Mar-2006,20-Mar-2006,7000,2940,94,20-Mar-2006
910390102024,1,KATAKA,KATAKA,SALE IMMOVABLE,27-Apr-2001,27-Apr-2001,61000,2024,74,27-Apr-2001
911170400632,1,KORAPUT,JAYAPUR,SALE IMMOVABLE,20-Mar-2004,20-Mar-2004,3500,632,2279,20-Mar-2004
910070500904,1,BALESHWAR,BALIAPAL,SALE IMMOVABLE,29-Apr-2005,29-Apr-2005,60000,904,44,29-Apr-2005
911130504899,1,KHORDHA,KHANDAGIRI,MORTGAGE WITHOUT POSSESION,17-Aug-2005,17-Aug-2005,142000,4899,319,17-Aug-2005
911140102270,1,KHORDHA,KHORDHA,SALE IMMOVABLE,07-Sep-2001,07-Sep-2001,14500,2270,53,07-Sep-2001
910590400174,1,GANJAM,BHANJANAGAR,SALE IMMOVABLE,20-Jan-2004,20-Jan-2004,1130,174,2799,20-Jan-2004
911170302161,1,KORAPUT,JAYAPUR,SALE IMMOVABLE,21-Nov-2003,21-Nov-2003,30000,2161,2238,21-Nov-2003
910250300145,1,BHADRAK,BHANDARIPOKHARI,SALE IMMOVABLE,15-Feb-2003,15-Feb-2003,12000,145,4,15-Feb-2003
911600000022,1,RAYAGADA,GUNUPUR,SALE IMMOVABLE,26-Jan-2000,26-Jan-2000,8000,22,567,26-Jan-2000
911720000558,1,SUNDARAGADA,BANAIGADA,SALE IMMOVABLE,06-Nov-2000,06-Nov-2000,7500,558,17,06-Nov-2000
911480405352,1,PURI,PURI,SALE IMMOVABLE,30-Nov-2004,30-Nov-2004,100000,5352,247,30-Nov-2004
910680600963,1,GANJAM,PURUSOTTAMPUR,SALE IMMOVABLE,01-May-2006,01-May-2006,15500,963,2450,01-May-2006
911080004117,1,KHORDHA,KHORDHA(BBSR),SALE IMMOVABLE,24-Jul-2000,24-Jul-2000,38700,4117,165,24-Jul-2000
910780401275,1,JAJPUR,JAJPUR,SALE IMMOVABLE,28-Jun-2004,28-Jun-2004,2260,1275,34,28-Jun-2004
911080407369,1,KHORDHA,KHORDHA(BBSR),POA WITH POSSESSION,28-Jul-2004,28-Jul-2004,1000,7369,478,28-Jul-2004
910960400292,1,KENDRAPADA,MARSAGHAI,SALE IMMOVABLE,01-Mar-2004,01-Mar-2004,8480,292,13,01-Mar-2004
910130200212,1,BALESHWAR,SIMULIA,SALE IMMOVABLE,01-Mar-2002,01-Mar-2002,10000,212,9,01-Mar-2002
910790301271,1,JAJPUR,BARACHANA,SALE IMMOVABLE,27-Sep-2003,27-Sep-2003,4175,1271,38,27-Sep-2003
911130101514,1,KHORDHA,KHANDAGIRI,SALE IMMOVABLE,15-Mar-2001,15-Mar-2001,27000,1514,62,15-Mar-2001
910060508532,1,BALESHWAR,BALESHWAR,SALE IMMOVABLE,28-Dec-2005,28-Dec-2005,132660,8532,352,28-Dec-2005
910790500062,1,JAJPUR,BARACHANA,SALE IMMOVABLE,15-Jan-2005,15-Jan-2005,60000,62,3,15-Jan-2005
910230500458,1,BHADRAK,BHADRAK,SALE IMMOVABLE,01-Feb-2005,01-Feb-2005,18000,458,29,01-Feb-2005
911580101047,1,RAYAGADA,RAYAGADA,SALE IMMOVABLE,05-Jan-2001,05-Jan-2001,30500,1047,32,05-Jan-2001
911140302111,1,KHORDHA,KHORDHA,SALE IMMOVABLE,22-Oct-2003,22-Oct-2003,55440,2111,90,22-Oct-2003
911130401265,1,KHORDHA,KHANDAGIRI,SALE IMMOVABLE,15-Mar-2004,15-Mar-2004,40000,1265,86,15-Mar-2004
910910002099,1,KALAHANDI,M.RAMPUR,GIFT IMMOVABLE,17-Oct-2000,17-Oct-2000,3000,2099,413,17-Oct-2000
911260503489,1,MAYURBHANJ,MAYURBHANJ,SALE IMMOVABLE,31-Oct-2005,31-Oct-2005,44000,3489,105,31-Oct-2005
911160100621,1,KHORDHA,BOLAGADA,SALE IMMOVABLE,28-May-2001,28-May-2001,125120,621,13,28-May-2001
910570002219,1,GANJAM,CHHATRAPUR,SALE IMMOVABLE,24-Jul-2000,24-Jul-2000,2015,2219,2227,24-Jul-2000
910660401130,1,GANJAM,KHALLIKOTE,SALE IMMOVABLE,24-May-2004,24-May-2004,63875,1130,1309,24-May-2004
911480203894,1,PURI,PURI,SALE IMMOVABLE,01-Oct-2002,01-Oct-2002,30000,3894,131,01-Oct-2002
911530201468,1,PURI,PIPILI,SALE IMMOVABLE,29-Jul-2002,29-Jul-2002,13750,1468,39,29-Jul-2002
911080611545,1,KHORDHA,KHORDHA(BBSR),POA WITH POSSESSION,15-Nov-2006,15-Nov-2006,1000,11545,368,15-Nov-2006
911080107371,1,KHORDHA,KHORDHA(BBSR),SALE IMMOVABLE,26-Nov-2001,26-Nov-2001,9600,7371,309,26-Nov-2001
911370202830,1,NAYAGADA,NAYAGADA,SALE IMMOVABLE,19-Jul-2002,19-Jul-2002,6960,2830,83,19-Jul-2002
910140301787,1,BALESHWAR,SORA,SALE IMMOVABLE,28-May-2003,28-May-2003,39350,1787,69,28-May-2003
910270301375,1,BHADRAK,CHANDBALI,SALE IMMOVABLE,27-Jun-2003,27-Jun-2003,8800,1375,62,27-Jun-2003
911650500922,1,SAMBALPUR,RENGALI,SALE IMMOVABLE,20-Dec-2005,20-Dec-2005,16500,922, ,20-Dec-2005
910340000914,1,BALANGIR,KANTABANJHI,SALE IMMOVABLE,12-Sep-2000,12-Sep-2000,6000,914,27,12-Sep-2000
910260500185,1,BHADRAK,BANTA,SALE IMMOVABLE,28-Mar-2005,28-Mar-2005,25500,185,10,28-Mar-2005
910860201100,1,JHARSUGUDA,JHARSUGUDA,SALE IMMOVABLE,24-Jun-2002,24-Jun-2002,4500,1100,43,24-Jun-2002
910170200220,1,BARAGADA,PADMAPUR,SALE IMMOVABLE,01-Jan-2002,01-Jan-2002,12000,220,338,01-Jan-2002
910080401370,1,BALESHWAR,BASTA,SALE IMMOVABLE,03-Jun-2004,03-Jun-2004,32670,1370,83,03-Jun-2004
911300001287,1,MAYURBHANJ,KARANJIA,SALE IMMOVABLE,12-Oct-2000,12-Oct-2000,10000,1287,43,12-Oct-2000
911740600260,1,SUNDARAGADA,HEMGIRI,SALE IMMOVABLE,15-Dec-2006,15-Dec-2006,10000,260,21,15-Dec-2006
911530102029,1,PURI,PIPILI,SALE IMMOVABLE,01-Oct-2001,01-Oct-2001,66600,2029,51,01-Oct-2001
910110101293,1,BALESHWAR,KHAIRA,SALE IMMOVABLE,19-Jun-2001,19-Jun-2001,6000,1293,20,19-Jun-2001
911130606884,1,KHORDHA,KHANDAGIRI,SALE IMMOVABLE,11-Sep-2006,11-Sep-2006,100000,6884,462,11-Sep-2006
910860000042,1,JHARSUGUDA,JHARSUGUDA,SALE IMMOVABLE,11-Jan-2000,11-Jan-2000,34000,42,332,11-Jan-2000
910640300058,1,GANJAM,HINJILIKATU,SALE IMMOVABLE,15-Jan-2003,15-Jan-2003,17463,58,1831,15-Jan-2003
911180200426,1,KORAPUT,BARIGUMA,SALE IMMOVABLE,10-May-2002,10-May-2002,7500,426,377,10-May-2002
911480304957,1,PURI,PURI,SALE IMMOVABLE,01-Dec-2003,01-Dec-2003,11500,4957,203,01-Dec-2003
910810302228,1,JAJPUR,DHARMASHALA,SALE IMMOVABLE,17-Oct-2003,17-Oct-2003,11000,2228,100,17-Oct-2003
911260502895,1,MAYURBHANJ,MAYURBHANJ,SALE IMMOVABLE,17-Aug-2005,17-Aug-2005,83600,2895,88,17-Aug-2005
910660200117,1,GANJAM,KHALLIKOTE,SALE IMMOVABLE,25-Jan-2002,25-Jan-2002,14700,117,1153,25-Jan-2002
910810600980,1,JAJPUR,DHARMASHALA,SALE IMMOVABLE,15-May-2006,15-May-2006,10200,980,59,15-May-2006
911080105960,1,KHORDHA,KHORDHA(BBSR),SALE IMMOVABLE,15-Sep-2001,15-Sep-2001,3000,5960,252,15-Sep-2001
910170001115,1,BARAGADA,PADMAPUR,SALE IMMOVABLE,15-Jul-2000,15-Jul-2000,9000,1115,289,15-Jul-2000
911170600213,1,KORAPUT,JAYAPUR,SALE IMMOVABLE,01-Feb-2006,01-Feb-2006,65000,213,10/2006,01-Feb-2006
910620301985,1,GANJAM,BUGUDA,SALE IMMOVABLE,19-Jul-2003,19-Jul-2003,0,1985,1994,19-Jul-2003
910310101512,1,BALANGIR,BALANGIR,SALE IMMOVABLE,19-Jun-2001,19-Jun-2001,49999,1512,52,19-Jun-2001
911080507696,1,KHORDHA,KHORDHA(BBSR),SALE IMMOVABLE,13-Jul-2005,13-Jul-2005,48000,7696,407,13-Jul-2005
910510500675,1,DHENKANAL,KAMAKSHYANAGAR,SALE IMMOVABLE,27-Jun-2005,27-Jun-2005,30000,675,26,27-Jun-2005
911620302435,1,SAMBALPUR,SAMBALPUR,SALE IMMOVABLE,28-Oct-2003,28-Oct-2003,83000,2435,1267,28-Oct-2003
910600404065,1,GANJAM,BRAHMAPUR-II,SALE IMMOVABLE,27-Sep-2004,27-Sep-2004,10130,4065,3394,27-Sep-2004
911580202289,1,RAYAGADA,RAYAGADA,SALE IMMOVABLE,16-Dec-2002,16-Dec-2002,18000,2289,68,16-Dec-2002
910880100879,1,KALAHANDI,BHABANIPATANA,SALE IMMOVABLE,15-Mar-2001,15-Mar-2001,2750,879,604,15-Mar-2001
911100601956,1,KHORDHA,BANAPUR,SALE IMMOVABLE,06-Sep-2006,06-Sep-2006,22160,1956,69,06-Sep-2006
910490600005,1,DEBAGADA,DEBAGADA,SALE IMMOVABLE,09-Jan-2006,04-Jan-2006,468000,5,1,04-Jan-2006
910090302512,1,BALESHWAR,JALESWAR,SALE IMMOVABLE,08-Aug-2003,08-Aug-2003,26400,2512,121,08-Aug-2003
910310100759,1,BALANGIR,BALANGIR,SALE IMMOVABLE,21-Mar-2001,21-Mar-2001,10000,759,29,21-Mar-2001
910820301075,1,JAJPUR,DOLIPUR,RELEASE - MORE THAN RS.1000,30-Apr-2003,30-Apr-2003,30000,1075,46,30-Apr-2003
910120201791,1,BALESHWAR,NILAGIRI,SALE IMMOVABLE,16-Dec-2002,16-Dec-2002,5000,1791,56,16-Dec-2002
911640200143,1,SAMBALPUR,REDHAKHOL,SALE IMMOVABLE,01-Oct-2002,01-Oct-2002,20000,143,55,01-Oct-2002
911080508346,1,KHORDHA,KHORDHA(BBSR),SALE IMMOVABLE,01-Aug-2005,01-Aug-2005,51660,8346,427,01-Aug-2005
911260403205,1,MAYURBHANJ,MAYURBHANJ,SALE IMMOVABLE,11-Oct-2004,11-Oct-2004,223200,3205,117,11-Oct-2004
910170601404,1,BARAGADA,PADMAPUR,SALE IMMOVABLE,28-Dec-2006,28-Dec-2006,28730,1404,657,28-Dec-2006
911480202925,1,PURI,PURI,SALE IMMOVABLE,09-Jul-2002,09-Jul-2002,38000,2925,93,09-Jul-2002
910780401536,1,JAJPUR,JAJPUR,SALE IMMOVABLE,02-Aug-2004,02-Aug-2004,10000,1536,41,02-Aug-2004
910450000011,1,KATAKA,NARSINGHPUR,SALE IMMOVABLE,06-Jan-2000,06-Jan-2000,17600,11,1,06-Jan-2000
910150502584,1,BARAGADA,BARAGADA,SALE IMMOVABLE,28-Oct-2005,28-Oct-2005,15000,2584,1472,28-Oct-2005
910990300575,1,KENDRAPADA,KANIKA,SALE IMMOVABLE,25-Apr-2003,25-Apr-2003,12500,575,19,25-Apr-2003
910080400543,1,BALESHWAR,BASTA,SALE IMMOVABLE,10-Mar-2004,10-Mar-2004,12700,543,33,10-Mar-2004
910090300833,1,BALESHWAR,JALESWAR,SALE IMMOVABLE,21-Mar-2003,21-Mar-2003,9480,833,41,21-Mar-2003
910530301854,1,DHENKANAL,HINDOL,SALE IMMOVABLE,15-Mar-2003,15-Mar-2003,8750,1854,74,15-Mar-2003
911080409484,1,KHORDHA,KHORDHA(BBSR),SALE IMMOVABLE,21-Sep-2004,21-Sep-2004,360000,9484,612,21-Sep-2004
910470500153,1,KATAKA,SALEPUR,SALE IMMOVABLE,24-Jan-2005,24-Jan-2005,76200,153,12,24-Jan-2005
910780402284,1,JAJPUR,JAJPUR,SALE IMMOVABLE,15-Dec-2004,15-Dec-2004,41500,2284,60,15-Dec-2004
910780100318,1,JAJPUR,JAJPUR,SALE IMMOVABLE,14-Feb-2001,14-Feb-2001,60000,318,13,14-Feb-2001
911410200766,1,NAYAGADA,RANAPUR,SALE IMMOVABLE,19-Jul-2002,19-Jul-2002,12800,766,23,19-Jul-2002
910340500118,1,BALANGIR,KANTABANJHI,SALE IMMOVABLE,29-Jan-2005,29-Jan-2005,7500,118,9,29-Jan-2005
910080401344,1,BALESHWAR,BASTA,SALE IMMOVABLE,01-Jun-2004,01-Jun-2004,3200,1344,81,01-Jun-2004
910960600159,1,KENDRAPADA,MARSAGHAI,SALE IMMOVABLE,03-Feb-2006,03-Feb-2006,8800,159,11,03-Feb-2006
910320401162,1,BALANGIR,PATNAGARH,SALE IMMOVABLE,28-Jun-2004,28-Jun-2004,30000,1162,59,28-Jun-2004
911710401015,1,SUNDARAGADA,PANPOSH,LEASE WITH ADVANCE ONLY(IMMOVABLE),16-Sep-2004,16-Sep-2004,0,1015,55,16-Sep-2004
910810402671,1,JAJPUR,DHARMASHALA,SALE IMMOVABLE,20-Dec-2004,20-Dec-2004,45000,2671,140,20-Dec-2004
911120400399,1,KHORDHA,JATANI,SALE IMMOVABLE,20-Feb-2004,20-Feb-2004,0,399,23,20-Feb-2004
910290500623,1,BHADRAK,DHUSURI,SALE IMMOVABLE,28-Oct-2005,28-Oct-2005,5000,623,30,28-Oct-2005
910390001619,1,KATAKA,KATAKA,SALE IMMOVABLE,15-May-2000,15-May-2000,56750,1619,62,15-May-2000
910690400223,1,GANJAM,SORADA,SALE IMMOVABLE,20-Feb-2004,20-Feb-2004,28178,223,905,20-Feb-2004
910610103886,1,GANJAM,BRAHMAPUR-I,SALE IMMOVABLE,27-Sep-2001,27-Sep-2001,96000,3886,2608,27-Sep-2001
910600404003,1,GANJAM,BRAHMAPUR-II,SALE IMMOVABLE,21-Sep-2004,21-Sep-2004,6374,4003,3392,21-Sep-2004
911260500564,1,MAYURBHANJ,MAYURBHANJ,SALE IMMOVABLE,08-Feb-2005,08-Feb-2005,32000,564,20,08-Feb-2005
910430400144,1,KATAKA,JAGATPUR,LEASE WITH ADVANCE ONLY(IMMOVABLE),20-Apr-2004,01-Dec-2004,2663,144,9,01-Dec-2004
910310100830,1,BALANGIR,BALANGIR,SALE IMMOVABLE,28-Mar-2001,28-Mar-2001,49900,830,32,28-Mar-2001
910710600891,1,GANJAM,CHIKITI,SALE IMMOVABLE,07-Aug-2006,07-Aug-2006,2380,891,338,07-Aug-2006
910880501368,1,KALAHANDI,BHABANIPATANA,SALE IMMOVABLE,03-Jun-2005,03-Jun-2005,200000,1368,1134,03-Jun-2005
911520600601,1,PURI,NIMAPADA,SALE IMMOVABLE,24-Apr-2006,24-Apr-2006,8712,601,34,24-Apr-2006
911480305159,1,PURI,PURI,MORTGAGE WITHOUT POSSESION,16-Dec-2003,16-Dec-2003,20000,5159,0,16-Dec-2003
910100302834,1,BALESHWAR,JALESWARPUR,SALE IMMOVABLE,02-Sep-2003,02-Sep-2003,1650,2834,139,02-Sep-2003
910060102118,1,BALESHWAR,BALESHWAR,SALE IMMOVABLE,10-May-2001,10-May-2001,40000,2118,82,10-May-2001
911480202021,1,PURI,PURI,SALE IMMOVABLE,15-May-2002,15-May-2002,426000,2021,66,15-May-2002
910810101493,1,JAJPUR,DHARMASHALA,SALE IMMOVABLE,04-Jun-2001,04-Jun-2001,60000,1493,39,04-Jun-2001
911290200928,1,MAYURBHANJ,UDALA,SALE IMMOVABLE,30-May-2002,30-May-2002,13000,928,29,30-May-2002
910860201229,1,JHARSUGUDA,JHARSUGUDA,SALE IMMOVABLE,19-Jul-2002,19-Jul-2002,52000,1229,47,19-Jul-2002
911080406420,1,KHORDHA,KHORDHA(BBSR),POA WITH POSSESSION,03-Jul-2004,03-Jul-2004,4000,6420,417,03-Jul-2004
911400101481,1,NAYAGADA,ODAGAON,SALE IMMOVABLE,09-Jul-2001,09-Jul-2001,8325,1481,38,09-Jul-2001
910830500938,1,JAJPUR,MANSADA,SALE IMMOVABLE,27-Sep-2005,27-Sep-2005,12800,938,27,27-Sep-2005
911050400219,1,KENDUJHAR,GHATGAON,SALE IMMOVABLE,24-Apr-2004,24-Apr-2004,200000,219,13,24-Apr-2004
911730200676,1,SUNDARAGADA,BIRAMITRAPUR,SALE IMMOVABLE,11-Nov-2002,11-Nov-2002,14450,676,29,11-Nov-2002
910820600933,1,JAJPUR,DOLIPUR,SALE IMMOVABLE,20-Mar-2006,20-Mar-2006,12800,933,32,20-Mar-2006
911380400639,1,NAYAGADA,DASHAPALLA,SALE IMMOVABLE,18-Jun-2004,18-Jun-2004,97600,639,30,18-Jun-2004
910130501250,1,BALESHWAR,SIMULIA,SALE IMMOVABLE,18-Jul-2005,18-Jul-2005,14000,1250,82,18-Jul-2005
910240300067,1,BHADRAK,BASUDEVPUR,SALE IMMOVABLE,10-Jan-2003,10-Jan-2003,25000,67,6,10-Jan-2003
911130507833,1,KHORDHA,KHANDAGIRI,POA WITH POSSESSION,20-Dec-2005,20-Dec-2005,1000,7833,520,20-Dec-2005
910340300068,1,BALANGIR,KANTABANJHI,SALE IMMOVABLE,28-Jan-2003,28-Jan-2003,11000,68,5,28-Jan-2003
910580502905,1,GANJAM,ASIKA,SALE IMMOVABLE,16-Sep-2005,16-Sep-2005,36708,2905,2401,16-Sep-2005
910790201879,1,JAJPUR,BARACHANA,SALE IMMOVABLE,31-Dec-2002,31-Dec-2002,45000,1879,47,31-Dec-2002
911620301773,1,SAMBALPUR,SAMBALPUR,SALE IMMOVABLE,14-Jul-2003,14-Jul-2003,63800,1773,1224,14-Jul-2003
910810302632,1,JAJPUR,DHARMASHALA,SALE IMMOVABLE,26-Dec-2003,26-Dec-2003,6800,2632,119,26-Dec-2003
911080512059,1,KHORDHA,KHORDHA(BBSR),SALE IMMOVABLE,25-Nov-2005,25-Nov-2005,146000,12059,547,25-Nov-2005
910810102891,1,JAJPUR,DHARMASHALA,SALE IMMOVABLE,21-Dec-2001,21-Dec-2001,1800,2891,70,21-Dec-2001
910780300668,1,JAJPUR,JAJPUR,SALE IMMOVABLE,25-Apr-2003,25-Apr-2003,5500,668,33,25-Apr-2003
911370602276,1,NAYAGADA,NAYAGADA,SALE IMMOVABLE,13-Jun-2006,13-Jun-2006,127200,2276,104,13-Jun-2006
910610001733,1,GANJAM,BRAHMAPUR-I,SALE IMMOVABLE,25-May-2000,25-May-2000,36200,1733,2404,25-May-2000
910750201069,1,JAGATSINGHPUR,KUJANGA,SALE IMMOVABLE,27-Apr-2002,27-Apr-2002,36000,1069,35,27-Apr-2002
910640002386,1,GANJAM,HINJILIKATU,SALE IMMOVABLE,27-Nov-2000,27-Nov-2000,8600,2386,1644,27-Nov-2000
910810001739,1,JAJPUR,DHARMASHALA,SALE IMMOVABLE,19-Jun-2000,19-Jun-2000,1000,1739,39,19-Jun-2000
910020000074,1,ANUGOLA,ATHAMALLIK,SALE IMMOVABLE,01-Jan-2000,01-Jan-2000,0,74,3,01-Jan-2000
910750202539,1,JAGATSINGHPUR,KUJANGA,SALE IMMOVABLE,28-Oct-2002,28-Oct-2002,16000,2539,81,28-Oct-2002
911170102108,1,KORAPUT,JAYAPUR,SALE IMMOVABLE,19-Jul-2001,19-Jul-2001,240000,2108,2001,19-Jul-2001
911370501669,1,NAYAGADA,NAYAGADA,SALE IMMOVABLE,29-Apr-2005,29-Apr-2005,20000,1669,75,29-Apr-2005
911120600234,1,KHORDHA,JATANI,SALE IMMOVABLE,03-Feb-2006,03-Feb-2006,0,234,14,03-Feb-2006
910480100689,1,KATAKA,TIGIRIA,SALE IMMOVABLE,07-Sep-2001,07-Sep-2001,48000,689,21,07-Sep-2001
911370001782,1,NAYAGADA,NAYAGADA,SALE IMMOVABLE,05-May-2000,05-May-2000,700,1782,53,05-May-2000
910320100644,1,BALANGIR,PATNAGARH,SALE IMMOVABLE,28-May-2001,28-May-2001,70000,644,21,28-May-2001
911370102640,1,NAYAGADA,NAYAGADA,SALE IMMOVABLE,27-Apr-2001,27-Apr-2001,7200,2640,71,27-Apr-2001
910310101393,1,BALANGIR,BALANGIR,SALE IMMOVABLE,04-Jun-2001,04-Jun-2001,36000,1393,49,04-Jun-2001
910100403418,1,BALESHWAR,JALESWARPUR,SALE IMMOVABLE,20-Dec-2004,20-Dec-2004,11450,3418,180,20-Dec-2004
911480500598,1,PURI,PURI,LEASE ADVANCE WITH RENT IMMOVABLE,29-Jan-2005,29-Jan-2005,0,598,28,29-Jan-2005
910570100869,1,GANJAM,CHHATRAPUR,SALE IMMOVABLE,22-Mar-2001,15-Mar-2001,2000,869,2281,15-Mar-2001
910390300177,1,KATAKA,KATAKA,DECREE,28-Jan-2003,28-Jan-2003,0,177,13,28-Jan-2003
911220300461,1,KORAPUT,NANDPUR(POTTANGI),SALE IMMOVABLE,26-Dec-2003,26-Dec-2003,30000,461,178,26-Dec-2003
911130603993,1,KHORDHA,KHANDAGIRI,POA WITH POSSESSION,28-May-2006,28-May-2006,2000,3993,275,28-May-2006
910480500706,1,KATAKA,TIGIRIA,SALE IMMOVABLE,20-Dec-2005,20-Dec-2005,50000,706,42,20-Dec-2005
910790601404,1,JAJPUR,BARACHANA,GIFT IMMOVABLE,20-Nov-2006,20-Nov-2006,6000,1404,59,20-Nov-2006
910470102274,1,KATAKA,SALEPUR,SALE IMMOVABLE,13-Aug-2001,13-Aug-2001,25000,2274,65,13-Aug-2001
910230103455,1,BHADRAK,BHADRAK,SALE IMMOVABLE,22-Oct-2001,22-Oct-2001,37500,3455,109,22-Oct-2001
910140502214,1,BALESHWAR,SORA,MORTGAGE WITHOUT POSSESION,28-May-2005,28-May-2005,150000,2214,2,28-May-2005
911450100020,1,KANDHAMALA,BALIGUDA,SALE IMMOVABLE,20-Jan-2001,20-Jan-2001,6000,20,1,20-Jan-2001
910950001083,1,KENDRAPADA,GARADPUR,SALE IMMOVABLE,08-Aug-2000,08-Aug-2000,3500,1083,243,08-Aug-2000
910750103100,1,JAGATSINGHPUR,KUJANGA,SALE IMMOVABLE,01-Dec-2001,01-Dec-2001,3750,3100,94,01-Dec-2001
911480203582,1,PURI,PURI,SALE IMMOVABLE,28-Aug-2002,28-Aug-2002,250000,3582,117,28-Aug-2002
910650001247,1,GANJAM,KABISURYANAGAR,SALE IMMOVABLE,10-May-2000,10-May-2000,35490,1247,1667,10-May-2000
910570400984,1,GANJAM,CHHATRAPUR,RECONVEYANCE OF MORTGAGE,20-Mar-2004,20-Mar-2004,40000,984,2570,20-Mar-2004
910200101081,1,BARAGADA,BHATLI,SALE IMMOVABLE,27-Nov-2001,27-Nov-2001,24000,1081,205,27-Nov-2001
910060005617,1,BALESHWAR,BALESHWAR,GIFT IMMOVABLE,18-Dec-2000,11-Dec-2000,5000,5617,202,11-Dec-2000
911380500748,1,NAYAGADA,DASHAPALLA,SALE IMMOVABLE,15-Jul-2005,15-Jul-2005,57640,748,30,15-Jul-2005
910400301177,1,KATAKA,ATHAGADA,SALE IMMOVABLE,17-Sep-2003,17-Sep-2003,45400,1177,52,17-Sep-2003
911420601291,1,NUAPADA,NUAPADA,SALE IMMOVABLE,16-Oct-2006,16-Oct-2006,40000,1291,619,16-Oct-2006
911080601649,1,KHORDHA,KHORDHA(BBSR),SALE IMMOVABLE,15-Feb-2006,15-Feb-2006,239400,1649,53,15-Feb-2006
910680601147,1,GANJAM,PURUSOTTAMPUR,SALE IMMOVABLE,15-May-2006,15-May-2006,21660,1147,2458,15-May-2006
910530600665,1,DHENKANAL,HINDOL,LEASE RENT RESERVED(IMMOVABLE),01-Jan-2006,01-Jan-2006,0,665,32,01-Jan-2006
910170000554,1,BARAGADA,PADMAPUR,SALE IMMOVABLE,01-Jan-2000,01-Jan-2000,40000,554,271,01-Jan-2000
910460102725,1,KATAKA,NIALI,SALE IMMOVABLE,16-Nov-2001,16-Nov-2001,1000,2725,72,16-Nov-2001
910060005721,1,BALESHWAR,BALESHWAR,SALE IMMOVABLE,21-Dec-2000,21-Dec-2000,40000,5721,206,21-Dec-2000
910230301336,1,BHADRAK,BHADRAK,SALE IMMOVABLE,28-Mar-2003,28-Mar-2003,8700,1336,75,28-Mar-2003
911480600436,1,PURI,PURI,SALE IMMOVABLE,01-Feb-2006,01-Feb-2006,12400,436,23,01-Feb-2006
911660201343,1,SUBARNAPUR,SONPUR,SALE IMMOVABLE,02-Sep-2002,02-Sep-2002,25000,1343,46,02-Sep-2002
910860300982,1,JHARSUGUDA,JHARSUGUDA,SALE IMMOVABLE,24-Jun-2003,24-Jun-2003,7000,982,61,24-Jun-2003
911130103234,1,KHORDHA,KHANDAGIRI,SALE IMMOVABLE,28-May-2001,28-May-2001,39100,3234,132,28-May-2001
910980500080,1,KENDRAPADA,RAJNAGAR,SALE IMMOVABLE,24-Jan-2005,24-Jan-2005,40000,80,3,24-Jan-2005
911480402829,1,PURI,PURI,SALE IMMOVABLE,23-Jun-2004,23-Jun-2004,18400,2829,127,23-Jun-2004
910740300830,1,JAGATSINGHPUR,DEBIDOL,SALE IMMOVABLE,01-Aug-2003,01-Aug-2003,26620,830,38,01-Aug-2003
910610404993,1,GANJAM,BRAHMAPUR-I,SALE IMMOVABLE,21-Sep-2004,21-Sep-2004,21744,4993,3195,21-Sep-2004
910870400193,1,JHARSUGUDA,LAKHANPUR,LEASE WITH ADVANCE ONLY(IMMOVABLE),24-Feb-2004,24-Feb-2004,3190,193,14,24-Feb-2004
911130203487,1,KHORDHA,KHANDAGIRI,SALE IMMOVABLE,03-Aug-2002,03-Aug-2002,8250,3487,144,03-Aug-2002
911660201077,1,SUBARNAPUR,SONPUR,SALE IMMOVABLE,27-Jun-2002,27-Jun-2002,7000,1077,36,27-Jun-2002
911130607346,1,KHORDHA,KHANDAGIRI,SALE IMMOVABLE,26-Sep-2006,26-Sep-2006,55948,7346,492,26-Sep-2006
910180601374,1,BARAGADA,SOHELLA,SALE IMMOVABLE,17-Aug-2006,17-Aug-2006,31600,1374,1084,17-Aug-2006
910990401476,1,KENDRAPADA,KANIKA,SALE IMMOVABLE,27-Nov-2004,27-Nov-2004,24600,1476,35,27-Nov-2004
911540100439,1,PURI,SATYABADI,SALE IMMOVABLE,25-May-2001,25-May-2001,8000,439,15,25-May-2001
910430100054,1,KATAKA,JAGATPUR,SALE IMMOVABLE,15-Jan-2001,15-Jan-2001,24000,54,2,15-Jan-2001
911120100766,1,KHORDHA,JATANI,SALE IMMOVABLE,20-Apr-2001,20-Apr-2001,0,766,28,20-Apr-2001
910790400560,1,JAJPUR,BARACHANA,SALE IMMOVABLE,01-May-2004,01-May-2004,26500,560,22,01-May-2004
910390104694,1,KATAKA,KATAKA,SALE IMMOVABLE,21-Nov-2001,21-Nov-2001,36000,4694,165,21-Nov-2001
910270102536,1,BHADRAK,CHANDBALI,SALE IMMOVABLE,28-Dec-2001,28-Dec-2001,54000,2536,69,28-Dec-2001
910320401505,1,BALANGIR,PATNAGARH,SALE IMMOVABLE,15-Oct-2004,15-Oct-2004,10000,1505,78,15-Oct-2004
910570303654,1,GANJAM,CHHATRAPUR,SALE IMMOVABLE,06-Dec-2003,06-Dec-2003,172620,3654,2541,06-Dec-2003
910230002729,1,BHADRAK,BHADRAK,SALE IMMOVABLE,12-Sep-2000,12-Sep-2000,19500,2729,85,12-Sep-2000
910060405559,1,BALESHWAR,BALESHWAR,LEASE WITH ADVANCE ONLY(IMMOVABLE),17-Aug-2004,17-Aug-2004,3250,5559,321,17-Aug-2004
910060300460,1,BALESHWAR,BALESHWAR,SALE IMMOVABLE,20-Jan-2003,20-Jan-2003,5628,460,32,20-Jan-2003
911080303355,1,KHORDHA,KHORDHA(BBSR),POA WITH POSSESSION,05-May-2003,05-May-2003,5000,3355,223,05-May-2003
911750000023,1,SUNDARAGADA,LEPHRIPADA,SALE IMMOVABLE,05-Feb-2000,05-Feb-2000,2000,23,2,05-Feb-2000
910070002787,1,BALESHWAR,BALIAPAL,SALE IMMOVABLE,26-Dec-2000,26-Dec-2000,3500,2787,64,26-Dec-2000
911580500420,1,RAYAGADA,RAYAGADA,SALE IMMOVABLE,23-Feb-2005,23-Feb-2005,8000,420,11,23-Feb-2005
911690400196,1,SUBARNAPUR,RAMPUR,SALE IMMOVABLE,20-Feb-2004,20-Feb-2004,8000,196,12,20-Feb-2004
910400201178,1,KATAKA,ATHAGADA,SALE IMMOVABLE,27-Sep-2002,27-Sep-2002,21000,1178,35,27-Sep-2002
911120201573,1,KHORDHA,JATANI,SALE IMMOVABLE,29-Jun-2002,29-Jun-2002,0,1573,54,29-Jun-2002
910930602863,1,KENDRAPADA,KENDRAPADA,SALE IMMOVABLE,25-Nov-2006,25-Nov-2006,30000,2863,86,25-Nov-2006
910550601052,1,GAJAPATI,PARALAKHEMUNDI,SALE IMMOVABLE,29-Apr-2006,29-Apr-2006,4000,1052,49,29-Apr-2006
910620202997,1,GANJAM,BUGUDA,SALE IMMOVABLE,26-Dec-2002,26-Dec-2002,0,2997,1917,26-Dec-2002
910080400916,1,BALESHWAR,BASTA,SALE IMMOVABLE,19-Apr-2004,19-Apr-2004,2000,916,56,19-Apr-2004
910600404556,1,GANJAM,BRAHMAPUR-II,SALE IMMOVABLE,10-Nov-2004,10-Nov-2004,27330,4556,3410,10-Nov-2004
911600600576,1,RAYAGADA,GUNUPUR,SALE IMMOVABLE,24-Apr-2006,24-Apr-2006,37000,576,883,24-Apr-2006
911120302871,1,KHORDHA,JATANI,SALE IMMOVABLE,11-Mar-2003,11-Mar-2003,0,2871,161,11-Mar-2003
911660001066,1,SUBARNAPUR,SONPUR,SALE IMMOVABLE,14-Jul-2000,14-Jul-2000,11000,1066,32,14-Jul-2000
910100402033,1,BALESHWAR,JALESWARPUR,SALE IMMOVABLE,23-Jul-2004,23-Jul-2004,15275,2033,108,23-Jul-2004
910120200292,1,BALESHWAR,NILAGIRI,SALE IMMOVABLE,14-Feb-2002,14-Feb-2002,11600,292,9,14-Feb-2002
910570000797,1,GANJAM,CHHATRAPUR,SALE IMMOVABLE,28-Mar-2000,28-Mar-2000,4990,797,2188,28-Mar-2000
911670600007,1,SUBARNAPUR,BIRMAHARAJPUR,SALE IMMOVABLE,09-Jan-2006,09-Jan-2006,17550,7,1,09-Jan-2006
911370300148,1,NAYAGADA,NAYAGADA,SALE IMMOVABLE,15-Jan-2003,15-Jan-2003,48000,148,06,15-Jan-2003
910060600523,1,BALESHWAR,BALESHWAR,SALE IMMOVABLE,28-Jan-2006,28-Jan-2006,903740,523,32,28-Jan-2006
910970000947,1,KENDRAPADA,PATTAMUNDAI,SALE IMMOVABLE,09-Jun-2000,09-Jun-2000,0,947,27,09-Jun-2000
911560000474,1,PURI,KANAS,SALE IMMOVABLE,04-Jul-2000,04-Jul-2000,21000,474,14,04-Jul-2000
910430000542,1,KATAKA,JAGATPUR,SALE IMMOVABLE,05-May-2000,31-Dec-2000,6000,542,18,31-Dec-2000
910630401296,1,GANJAM,DIGAPAHANDI,SALE IMMOVABLE,15-Apr-2004,15-Apr-2004,17160,1296,2351,15-Apr-2004
910600100038,1,GANJAM,BRAHMAPUR-II,SALE IMMOVABLE,05-Jan-2001,05-Jan-2001,2727,38,2837,05-Jan-2001
911140300142,1,KHORDHA,KHORDHA,SALE IMMOVABLE,20-Jan-2003,20-Jan-2003,7600,142,6,20-Jan-2003
910960001988,1,KENDRAPADA,MARSAGHAI,SALE IMMOVABLE,18-Aug-2000,18-Aug-2000,3200,1988,52,18-Aug-2000
910300000567,1,BHADRAK,TIHIDI,SALE IMMOVABLE,01-Jun-2000,01-Jun-2000,6500,567,17,01-Jun-2000
910100001789,1,BALESHWAR,JALESWARPUR,SALE IMMOVABLE,01-Jul-2000,01-Jul-2000,18000,1789,54,01-Jul-2000
910180100336,1,BARAGADA,SOHELLA,SALE IMMOVABLE,09-Feb-2001,09-Feb-2001,10000,336,575,09-Feb-2001
911130005498,1,KHORDHA,KHANDAGIRI,SALE IMMOVABLE,16-Dec-2000,16-Dec-2000,60000,5498,219,16-Dec-2000
910080200195,1,BALESHWAR,BASTA,SALE IMMOVABLE,28-Jan-2002,28-Jan-2002,14500,195,8,28-Jan-2002
911670100231,1,SUBARNAPUR,BIRMAHARAJPUR,SALE IMMOVABLE,19-Feb-2001,19-Feb-2001,2000,231,11,19-Feb-2001
910310101229,1,BALANGIR,BALANGIR,SALE IMMOVABLE,15-May-2001,15-May-2001,94500,1229,44,15-May-2001
910650401233,1,GANJAM,KABISURYANAGAR,SALE IMMOVABLE,15-May-2004,15-May-2004,5250,1233,1891,15-May-2004
910550503058,1,GAJAPATI,PARALAKHEMUNDI,SALE IMMOVABLE,26-Oct-2005,26-Oct-2005,54000,3058,145,26-Oct-2005
910570403983,1,GANJAM,CHHATRAPUR,SALE IMMOVABLE,30-Dec-2004,30-Dec-2004,2688,3983,2655,30-Dec-2004
911170100659,1,KORAPUT,JAYAPUR,SALE IMMOVABLE,01-Mar-2001,01-Mar-2001,43200,659,1960,01-Mar-2001
910580402357,1,GANJAM,ASIKA,SALE IMMOVABLE,13-Jul-2004,13-Jul-2004,15770,2357,2359,13-Jul-2004
911510102199,1,PURI,KAKATPUR,SALE IMMOVABLE,01-Dec-2001,01-Dec-2001,12600,2199,58,01-Dec-2001
910660300633,1,GANJAM,KHALLIKOTE,SALE IMMOVABLE,26-Mar-2003,26-Mar-2003,11475,633,1233,26-Mar-2003
911170600949,1,KORAPUT,JAYAPUR,SALE IMMOVABLE,29-Apr-2006,29-Apr-2006,60000,949,44/06,29-Apr-2006
910060404145,1,BALESHWAR,BALESHWAR,LEASE RENT RESERVED(IMMOVABLE),18-Jun-2004,18-Jun-2004,1500,4145,254,18-Jun-2004
910580302579,1,GANJAM,ASIKA,SALE IMMOVABLE,18-Aug-2003,18-Aug-2003,11875,2579,2313,18-Aug-2003
911130603207,1,KHORDHA,KHANDAGIRI,POA WITH POSSESSION,01-May-2006,01-May-2006,0,3207,220,01-May-2006
911260202536,1,MAYURBHANJ,MAYURBHANJ,SALE IMMOVABLE,24-Jul-2002,24-Jul-2002,170800,2536,83,24-Jul-2002
910060406361,1,BALESHWAR,BALESHWAR,SALE IMMOVABLE,01-Oct-2004,01-Oct-2004,11900,6361,362,01-Oct-2004
911580200600,1,RAYAGADA,RAYAGADA,SALE IMMOVABLE,10-Apr-2002,10-Apr-2002,16000,600,17,10-Apr-2002
910450500170,1,KATAKA,NARSINGHPUR,SALE IMMOVABLE,28-Feb-2005,28-Feb-2005,15000,170,10,28-Feb-2005
911220300252,1,KORAPUT,NANDPUR(POTTANGI),SALE IMMOVABLE,02-Sep-2003,02-Sep-2003,36000,252,168,02-Sep-2003
911530402122,1,PURI,PIPILI,SALE IMMOVABLE,10-Nov-2004,10-Nov-2004,15625,2122,105,10-Nov-2004
911480604879,1,PURI,PURI,SALE IMMOVABLE,15-Nov-2006,15-Nov-2006,120600,4879,220,15-Nov-2006
910060005454,1,BALESHWAR,BALESHWAR,SALE IMMOVABLE,27-Nov-2000,27-Nov-2000,15672,5454,197,27-Nov-2000
910190400544,1,BARAGADA,BARAPALLI,SALE IMMOVABLE,28-May-2004,28-May-2004,43200,544,38,28-May-2004
911620401588,1,SAMBALPUR,SAMBALPUR,SALE IMMOVABLE,08-Jun-2004,08-Jun-2004,59895,1588,108,08-Jun-2004
910090001481,1,BALESHWAR,JALESWAR,RECTIFICATION  ONE ERROR (IMMOVABLE),01-Jun-2000,01-Jun-2000,28000,1481,42,01-Jun-2000
911130404154,1,KHORDHA,KHANDAGIRI,SALE IMMOVABLE,17-Aug-2004,17-Aug-2004,50000,4154,287,17-Aug-2004
910550502525,1,GAJAPATI,PARALAKHEMUNDI,SALE IMMOVABLE,01-Aug-2005,01-Aug-2005,10000,2525,119,01-Aug-2005
911530201002,1,PURI,PIPILI,SALE IMMOVABLE,28-May-2002,28-May-2002,33000,1002,28,28-May-2002
911130402534,1,KHORDHA,KHANDAGIRI,SALE IMMOVABLE,24-May-2004,24-May-2004,37800,2534,177,24-May-2004
911690200279,1,SUBARNAPUR,RAMPUR,SALE IMMOVABLE,15-Mar-2002,15-Mar-2002,48000,279,10,15-Mar-2002
910610201559,1,GANJAM,BRAHMAPUR-I,RECONVEYANCE OF MORTGAGE,20-Apr-2002,20-Apr-2002,40000,1559,161,20-Apr-2002
910450300037,1,KATAKA,NARSINGHPUR,GIFT IMMOVABLE,10-Jan-2003,10-Jan-2003,1050,37,2,10-Jan-2003
911760300193,1,SUNDARAGADA,RAJGANGPUR,SALE IMMOVABLE,10-Apr-2003,10-Apr-2003,21000,193,16,10-Apr-2003
910730201029,1,JAGATSINGHPUR,BALIKUDA,SALE IMMOVABLE,09-Jul-2002,09-Jul-2002,3300,1029,27,09-Jul-2002
910310400259,1,BALANGIR,BALANGIR,SALE IMMOVABLE,03-Jul-2004,03-Jul-2004,1500,259,14,03-Jul-2004
911530500320,1,PURI,PIPILI,SALE IMMOVABLE,15-Feb-2005,15-Feb-2005,3400,320,18,15-Feb-2005
910880301369,1,KALAHANDI,BHABANIPATANA,SALE IMMOVABLE,28-May-2003,28-May-2003,10000,1369,847,28-May-2003
910310001116,1,BALANGIR,BALANGIR,SALE IMMOVABLE,01-May-2000,01-May-2000,20000,1116,39,01-May-2000
911400200387,1,NAYAGADA,ODAGAON,SALE IMMOVABLE,01-Jan-2002,01-Jan-2002,8000,387,12,01-Jan-2002
910440200070,1,KATAKA,MAHANGA,SALE IMMOVABLE,15-Jan-2002,15-Jan-2002,44000,70,2,15-Jan-2002
910230102239,1,BHADRAK,BHADRAK,SALE IMMOVABLE,01-Jun-2001,01-Jun-2001,24000,2239,71,01-Jun-2001
911080006791,1,KHORDHA,KHORDHA(BBSR),SALE IMMOVABLE,06-Dec-2000,06-Dec-2000,330000,6791,273,06-Dec-2000
911130503855,1,KHORDHA,KHANDAGIRI,POA WITH POSSESSION,27-Jun-2005,27-Jun-2005,1000,3855,250,27-Jun-2005
910120201808,1,BALESHWAR,NILAGIRI,SALE IMMOVABLE,21-Dec-2002,21-Dec-2002,4500,1808,57,21-Dec-2002
910750501018,1,JAGATSINGHPUR,KUJANGA,SALE IMMOVABLE,13-Jun-2005,13-Jun-2005,75000,1018,65,13-Jun-2005
911140000267,1,KHORDHA,KHORDHA,SALE IMMOVABLE,31-Jan-2000,31-Jan-2000,19500,267,8,31-Jan-2000
911390001629,1,NAYAGADA,KHANDAPARA,SALE IMMOVABLE,14-Jul-2000,14-Jul-2000,10000,1629,43,14-Jul-2000
910140301732,1,BALESHWAR,SORA,SALE IMMOVABLE,21-May-2003,25-May-2003,55000,1732,66,25-May-2003
910680202469,1,GANJAM,PURUSOTTAMPUR,SALE IMMOVABLE,01-Oct-2002,01-Oct-2002,5992,2469,1998,01-Oct-2002
911080609218,1,KHORDHA,KHORDHA(BBSR),POA WITH POSSESSION,01-Sep-2006,01-Sep-2006,0,9218,292,01-Sep-2006
910100203048,1,BALESHWAR,JALESWARPUR,SALE IMMOVABLE,02-Sep-2002,02-Sep-2002,9800,3048,94,02-Sep-2002
911140600013,1,KHORDHA,KHORDHA,SALE IMMOVABLE,04-Jan-2006,04-Jan-2006,10000,13,1,04-Jan-2006
910800101296,1,JAJPUR,BARI,SALE IMMOVABLE,09-Jul-2001,09-Jul-2001,0,1296,31,09-Jul-2001
911090201438,1,KHORDHA,BALIPATNA,SALE IMMOVABLE,22-Oct-2002,22-Oct-2002,33000,1438,46,22-Oct-2002
910600301002,1,GANJAM,BRAHMAPUR-II,SALE IMMOVABLE,31-Mar-2003,31-Mar-2003,1050,1002,3154,31-Mar-2003
911540100039,1,PURI,SATYABADI,SALE IMMOVABLE,15-Jan-2001,15-Jan-2001,3000,39,2,15-Jan-2001
910230400488,1,BHADRAK,BHADRAK,SALE IMMOVABLE,20-Feb-2004,20-Feb-2004,337500,488,25,20-Feb-2004
911130506549,1,KHORDHA,KHANDAGIRI,RECONVEYANCE OF MORTGAGE,05-Nov-2005,05-Nov-2005,39000,6549,431,05-Nov-2005
910170201082,1,BARAGADA,PADMAPUR,SALE IMMOVABLE,01-Jan-2002,01-Jan-2002,14000,1082,363,01-Jan-2002
910390606418,1,KATAKA,KATAKA,SALE IMMOVABLE,30-Dec-2006,30-Dec-2006,659589,6418,388,30-Dec-2006
910430501249,1,KATAKA,JAGATPUR,SALE IMMOVABLE,13-Jul-2005,13-Jul-2005,35600,1249,73,13-Jul-2005
910100301711,1,BALESHWAR,JALESWARPUR,SALE IMMOVABLE,04-Jun-2003,04-Jun-2003,15300,1711,85,04-Jun-2003
910420600773,1,KATAKA,BADAMBA,SALE IMMOVABLE,29-Apr-2006,29-Apr-2006,11000,773,37,29-Apr-2006
911720100552,1,SUNDARAGADA,BANAIGADA,SALE IMMOVABLE,26-Dec-2001,26-Dec-2001,17500,552,19,26-Dec-2001
911370003010,1,NAYAGADA,NAYAGADA,SALE IMMOVABLE,14-Jul-2000,14-Jul-2000,48500,3010,86,14-Jul-2000
910770201055,1,JAGATSINGHPUR,TIRTOL,SALE IMMOVABLE,09-Jul-2002,09-Jul-2002,30000,1055,31,09-Jul-2002
910220000227,1,BARAGADA,PAIKAMAL,SALE IMMOVABLE,31-Mar-2000,31-Mar-2000,6000,227,9,31-Mar-2000
910840400553,1,JAJPUR,SUKINDA,SALE IMMOVABLE,13-Jul-2004,13-Jul-2004,19250,553,28,13-Jul-2004
910150100923,1,BARAGADA,BARAGADA,SALE IMMOVABLE,05-May-2001,05-May-2001,50820,923,743,05-May-2001
910590203047,1,GANJAM,BHANJANAGAR,SALE IMMOVABLE,28-Jul-2002,28-Jul-2002,5500,3047,2663,28-Jul-2002
911540300278,1,PURI,SATYABADI,SALE IMMOVABLE,10-Apr-2003,10-Apr-2003,20000,278,13,10-Apr-2003
910950400958,1,KENDRAPADA,GARADPUR,SALE IMMOVABLE,21-Sep-2004,21-Sep-2004,11000,958,68,21-Sep-2004
911400000728,1,NAYAGADA,ODAGAON,SALE IMMOVABLE,25-Apr-2000,25-Apr-2000,1500,728,16,25-Apr-2000
911690400678,1,SUBARNAPUR,RAMPUR,SALE IMMOVABLE,13-Jul-2004,13-Jul-2004,44000,678,39,13-Jul-2004
910410001737,1,KATAKA,BANKI,SALE IMMOVABLE,28-Jul-2000,28-Jul-2000,22000,1737,44,28-Jul-2000
911080000129,1,KHORDHA,KHORDHA(BBSR),SALE IMMOVABLE,11-Jan-2000,11-Jan-2000,15000,129,5,11-Jan-2000
911080609416,1,KHORDHA,KHORDHA(BBSR),SALE IMMOVABLE,06-Sep-2006,06-Sep-2006,1558000,9416,299,06-Sep-2006
910270600654,1,BHADRAK,CHANDBALI,SALE IMMOVABLE,04-Apr-2006,04-Apr-2006,51000,654,36,04-Apr-2006
911580101499,1,RAYAGADA,RAYAGADA,SALE IMMOVABLE,28-Jul-2001,28-Jul-2001,434000,1499,46,28-Jul-2001
911080001188,1,KHORDHA,KHORDHA(BBSR),SALE IMMOVABLE,06-Mar-2000,06-Mar-2000,15000,1188,45,06-Mar-2000
910190100750,1,BARAGADA,BARAPALLI,SALE IMMOVABLE,07-Sep-2001,07-Sep-2001,16800,750,28,07-Sep-2001
910390003015,1,KATAKA,KATAKA,SALE IMMOVABLE,23-Aug-2000,23-Aug-2000,7700,3015,111,23-Aug-2000
910640200240,1,GANJAM,HINJILIKATU,SALE IMMOVABLE,04-Feb-2002,04-Feb-2002,47000,240,1739,04-Feb-2002
911120602507,1,KHORDHA,JATANI,SALE IMMOVABLE,26-Sep-2006,26-Sep-2006,0,2507,147,26-Sep-2006
910940201099,1,KENDRAPADA,AALI,SALE IMMOVABLE,01-Oct-2002,01-Oct-2002,1000,1099,25,01-Oct-2002
911420500904,1,NUAPADA,NUAPADA,SALE IMMOVABLE,28-May-2005,28-May-2005,72000,904,520,28-May-2005
911510300059,1,PURI,KAKATPUR,SALE IMMOVABLE,15-Jan-2003,15-Jan-2003,16500,59,5,15-Jan-2003
911480303544,1,PURI,PURI,SALE IMMOVABLE,18-Aug-2003,18-Aug-2003,32480,3544,148,18-Aug-2003
910430301655,1,KATAKA,JAGATPUR,SALE IMMOVABLE,28-Oct-2003,28-Oct-2003,30000,1655,95,28-Oct-2003
911660301105,1,SUBARNAPUR,SONPUR,SALE CANCELLATION EXECUTANT (IMMOVABLE),24-Jul-2003,24-Jul-2003,500000,1105,58,24-Jul-2003
910820201114,1,JAJPUR,DOLIPUR,SALE IMMOVABLE,01-May-2002,01-May-2002,40250,1114,26,01-May-2002
910260500539,1,BHADRAK,BANTA,SALE IMMOVABLE,13-Jun-2005,13-Jun-2005,34000,539,27,13-Jun-2005
910540300337,1,DHENKANAL,BHUBAN,SALE IMMOVABLE,18-Aug-2003,18-Aug-2003,5525,337,20,18-Aug-2003
910810300245,1,JAJPUR,DHARMASHALA,SALE IMMOVABLE,01-Feb-2003,01-Feb-2003,12000,245,14,01-Feb-2003
910690600532,1,GANJAM,SORADA,SALE IMMOVABLE,04-May-2006,04-May-2006,6831,532,990,04-May-2006
910750202649,1,JAGATSINGHPUR,KUJANGA,SALE IMMOVABLE,16-Nov-2002,16-Nov-2002,16000,2649,86,16-Nov-2002
911080607060,1,KHORDHA,KHORDHA(BBSR),POA WITH POSSESSION,03-Jul-2006,03-Jul-2006,1000,7060,226,03-Jul-2006
910820000826,1,JAJPUR,DOLIPUR,SALE IMMOVABLE,31-Mar-2000,31-Mar-2000,3000,826,23,31-Mar-2000
910440400872,1,KATAKA,MAHANGA,SALE IMMOVABLE,01-Sep-2004,01-Sep-2004,2750,872,47,01-Sep-2004
911510001573,1,PURI,KAKATPUR,SALE IMMOVABLE,08-Aug-2000,08-Aug-2000,9000,1573,41,08-Aug-2000
911380500559,1,NAYAGADA,DASHAPALLA,SALE IMMOVABLE,01-Jun-2005,01-Jun-2005,10500,559,24,01-Jun-2005
910090302138,1,BALESHWAR,JALESWAR,SALE IMMOVABLE,27-Jun-2003,27-Jun-2003,11700,2138,104,27-Jun-2003
911180500042,1,KORAPUT,BARIGUMA,SALE IMMOVABLE,19-Jan-2005,19-Jan-2005,7500,42,454,19-Jan-2005
911490600776,1,PURI,BRAHMAGIRI,SALE IMMOVABLE,02-Aug-2006,02-Aug-2006,43800,776,35,02-Aug-2006
910750601833,1,JAGATSINGHPUR,KUJANGA,LEASE RENT RESERVED(IMMOVABLE),11-Oct-2006,11-Oct-2006,100000,1833,110,11-Oct-2006
910060606335,1,BALESHWAR,BALESHWAR,SALE IMMOVABLE,01-Nov-2006,01-Nov-2006,19800,6335,396,01-Nov-2006
910240302311,1,BHADRAK,BASUDEVPUR,SALE IMMOVABLE,17-Oct-2003,17-Oct-2003,44250,2311,119,17-Oct-2003
910200100417,1,BARAGADA,BHATLI,GIFT IMMOVABLE,26-Mar-2001,26-Mar-2001,10000,417,184,26-Mar-2001
910100102493,1,BALESHWAR,JALESWARPUR,SALE CANCELLATION EXECUTANT (IMMOVABLE),13-Aug-2001,13-Aug-2001,10000,2493,79,13-Aug-2001
910800501330,1,JAJPUR,BARI,SALE IMMOVABLE,31-Oct-2005,31-Oct-2005,0,1330,39,31-Oct-2005
911190600547,1,KORAPUT,KORAPUT,SALE IMMOVABLE,27-Sep-2006,27-Sep-2006,12000,547,296,27-Sep-2006
911110600452,1,KHORDHA,BEGUNIA,SALE IMMOVABLE,24-May-2006,24-May-2006,15000,452,25,24-May-2006
910780600430,1,JAJPUR,JAJPUR,SALE IMMOVABLE,28-Feb-2006,28-Feb-2006,62000,430,15,28-Feb-2006
911530501285,1,PURI,PIPILI,SALE IMMOVABLE,23-Jun-2005,23-Jun-2005,0,1285,69,23-Jun-2005
911500600678,1,PURI,GOP,SALE IMMOVABLE,29-May-2006,29-May-2006,49550,678,28,29-May-2006
911520301030,1,PURI,NIMAPADA,SALE IMMOVABLE,24-Jun-2003,24-Jun-2003,26000,1030,50,24-Jun-2003
910150200387,1,BARAGADA,BARAGADA,LEASE WITH ADVANCE ONLY(IMMOVABLE),20-Feb-2002,20-Feb-2002,0,387,811,20-Feb-2002
910340500471,1,BALANGIR,KANTABANJHI,SALE IMMOVABLE,19-Apr-2005,19-Apr-2005,120000,471,25,19-Apr-2005
911140202374,1,KHORDHA,KHORDHA,LEASE WITH ADVANCE ONLY(IMMOVABLE),01-Nov-2002,01-Nov-2002,34332,2374,64,01-Nov-2002
911700300122,1,SUNDARAGADA,SUNDARAGADA,SALE IMMOVABLE,28-Jan-2003,28-Jan-2003,20000,122,10,28-Jan-2003
910980200287,1,KENDRAPADA,RAJNAGAR,SALE IMMOVABLE,06-Mar-2002,06-Mar-2002,6000,287,8,06-Mar-2002
910320401471,1,BALANGIR,PATNAGARH,SALE IMMOVABLE,01-Oct-2004,01-Oct-2004,5000,1471,76,01-Oct-2004
910720000017,1,JAGATSINGHPUR,JAGATSINGHPUR,SALE IMMOVABLE,01-Jan-2000,01-Jan-2000,80000,17,1,01-Jan-2000
911190600014,1,KORAPUT,KORAPUT,SALE IMMOVABLE,09-Jan-2006,09-Jan-2006,21700,14,269,09-Jan-2006
910820601078,1,JAJPUR,DOLIPUR,SALE IMMOVABLE,30-Mar-2006,30-Mar-2006,39375,1078,38,30-Mar-2006
911620101672,1,SAMBALPUR,SAMBALPUR,SALE IMMOVABLE,04-Jul-2001,04-Jul-2001,99000,1672,907,04-Jul-2001
910070202580,1,BALESHWAR,BALIAPAL,SALE IMMOVABLE,16-Dec-2002,16-Dec-2002,16800,2580,74,16-Dec-2002
910780200377,1,JAJPUR,JAJPUR,SALE IMMOVABLE,16-Mar-2002,16-Mar-2002,6000,377,14,16-Mar-2002
911620601685,1,SAMBALPUR,SAMBALPUR,SALE IMMOVABLE,23-Jun-2006,23-Jun-2006,80860,1685,105,23-Jun-2006
910780001604,1,JAJPUR,JAJPUR,SALE IMMOVABLE,01-Aug-2000,01-Aug-2000,75000,1604,48,01-Aug-2000
910550502837,1,GAJAPATI,PARALAKHEMUNDI,SALE IMMOVABLE,21-Sep-2005,21-Sep-2005,375,2837,135,21-Sep-2005
910840300052,1,JAJPUR,SUKINDA,SALE IMMOVABLE,25-Jan-2003,25-Jan-2003,7400,52,4,25-Jan-2003
911560100944,1,PURI,KANAS,SALE IMMOVABLE,06-Nov-2001,06-Nov-2001,21100,944,28,06-Nov-2001
910620500399,1,GANJAM,BUGUDA,SALE IMMOVABLE,18-Feb-2005,18-Feb-2005,0,399,2104,18-Feb-2005
910420300083,1,KATAKA,BADAMBA,GIFT IMMOVABLE,20-Jan-2003,20-Jan-2003,20000,83,5,20-Jan-2003
911130100759,1,KHORDHA,KHANDAGIRI,LEASE WITH ADVANCE ONLY(IMMOVABLE),09-Feb-2001,09-Feb-2001,10500,759,30,09-Feb-2001
910390000614,1,KATAKA,KATAKA,SALE IMMOVABLE,25-Feb-2000,25-Feb-2000,34125,614,25,25-Feb-2000
911480304071,1,PURI,PURI,SALE IMMOVABLE,27-Sep-2003,27-Sep-2003,50000,4071,170,27-Sep-2003
910340100837,1,BALANGIR,KANTABANJHI,SALE IMMOVABLE,24-Jul-2001,24-Jul-2001,5000,837,25,24-Jul-2001
910640403033,1,GANJAM,HINJILIKATU,SALE IMMOVABLE,28-Dec-2004,28-Dec-2004,15604,3033,2014,28-Dec-2004
911400102045,1,NAYAGADA,ODAGAON,SALE IMMOVABLE,21-Dec-2001,21-Dec-2001,250000,2045,21,21-Dec-2001
911480403366,1,PURI,PURI,LEASE WITH ADVANCE ONLY(IMMOVABLE),28-Jul-2004,28-Jul-2004,2300,3366,154,28-Jul-2004
910860400283,1,JHARSUGUDA,JHARSUGUDA,SALE IMMOVABLE,04-Feb-2004,04-Feb-2004,8000,283,20,04-Feb-2004
911580201487,1,RAYAGADA,RAYAGADA,SALE IMMOVABLE,03-Aug-2002,03-Aug-2002,24000,1487,44,03-Aug-2002
911430601931,1,NUAPADA,KHADIAL,SALE IMMOVABLE,30-Dec-2006,30-Dec-2006,4000,1931,634,30-Dec-2006
910720300956,1,JAGATSINGHPUR,JAGATSINGHPUR,SALE IMMOVABLE,20-May-2003,20-May-2003,4500,956,56,20-May-2003
910310501283,1,BALANGIR,BALANGIR,SALE IMMOVABLE,04-May-2005,04-May-2005,58500,1283,58,04-May-2005
910090200916,1,BALESHWAR,JALESWAR,SALE IMMOVABLE,26-Mar-2002,26-Mar-2002,6000,916,21,26-Mar-2002
911080611093,1,KHORDHA,KHORDHA(BBSR),SALE IMMOVABLE,01-Nov-2006,01-Nov-2006,119238,11093,352,01-Nov-2006
911080612624,1,KHORDHA,KHORDHA(BBSR),SALE IMMOVABLE,15-Dec-2006,15-Dec-2006,1328000,12624,404,15-Dec-2006
911480402377,1,PURI,PURI,SALE IMMOVABLE,28-May-2004,28-May-2004,25000,2377,105,28-May-2004
911130606755,1,KHORDHA,KHANDAGIRI,SALE IMMOVABLE,06-Sep-2006,06-Sep-2006,28944,6755,453,06-Sep-2006
911080005998,1,KHORDHA,KHORDHA(BBSR),SALE IMMOVABLE,28-Oct-2000,28-Oct-2000,131500,5998,242,28-Oct-2000
911480301830,1,PURI,PURI,SALE IMMOVABLE,30-Apr-2003,30-Apr-2003,120000,1830,77,30-Apr-2003
910990100715,1,KENDRAPADA,KANIKA,SALE IMMOVABLE,27-Apr-2001,27-Apr-2001,10500,715,15,27-Apr-2001
911520500413,1,PURI,NIMAPADA,SALE IMMOVABLE,01-Mar-2005,01-Mar-2005,9350,413,21,01-Mar-2005
910990600065,1,KENDRAPADA,KANIKA,SALE IMMOVABLE,24-Jan-2006,24-Jan-2006,9500,65,3,24-Jan-2006
911190200382,1,KORAPUT,KORAPUT,SALE IMMOVABLE,04-Jul-2002,04-Jul-2002,6500,382,216,04-Jul-2002
911080304790,1,KHORDHA,KHORDHA(BBSR),SALE IMMOVABLE,27-Jun-2003,27-Jun-2003,1155000,4790,323,27-Jun-2003
910740200246,1,JAGATSINGHPUR,DEBIDOL,SALE IMMOVABLE,11-Mar-2002,11-Mar-2002,9840,246,7,11-Mar-2002
911620600360,1,SAMBALPUR,SAMBALPUR,SALE IMMOVABLE,08-Feb-2006,08-Feb-2006,520000,360,23,08-Feb-2006
910620102268,1,GANJAM,BUGUDA,RELEASE - MORE THAN RS.1000,07-Sep-2001,07-Sep-2001,0,2268,1831,07-Sep-2001
910150202258,1,BARAGADA,BARAGADA,SALE IMMOVABLE,21-Dec-2002,21-Dec-2002,95905,2258,903,21-Dec-2002
911300101416,1,MAYURBHANJ,KARANJIA,SALE IMMOVABLE,21-Dec-2001,21-Dec-2001,25000,1416,44,21-Dec-2001
910080402031,1,BALESHWAR,BASTA,SALE IMMOVABLE,28-Aug-2004,28-Aug-2004,11200,2031,110,28-Aug-2004
911510101141,1,PURI,KAKATPUR,SALE IMMOVABLE,15-May-2001,15-May-2001,2000,1141,32,15-May-2001
911130000900,1,KHORDHA,KHANDAGIRI,SALE IMMOVABLE,06-Mar-2000,06-Mar-2000,1350,900,35,06-Mar-2000
911080507794,1,KHORDHA,KHORDHA(BBSR),SALE IMMOVABLE,15-Jul-2005,15-Jul-2005,46800,7794,410,15-Jul-2005
910600600700,1,GANJAM,BRAHMAPUR-II,SALE IMMOVABLE,28-Feb-2006,28-Feb-2006,86625,700,3653,28-Feb-2006
911080103834,1,KHORDHA,KHORDHA(BBSR),SALE IMMOVABLE,30-May-2001,30-May-2001,15000,3834,161,30-May-2001
911390202284,1,NAYAGADA,KHANDAPARA,SALE IMMOVABLE,28-Dec-2002,28-Dec-2002,389000,2284,71,28-Dec-2002
911100301520,1,KHORDHA,BANAPUR,SALE IMMOVABLE,09-Jul-2003,09-Jul-2003,7750,1520,56,09-Jul-2003
910650001091,1,GANJAM,KABISURYANAGAR,SALE IMMOVABLE,01-May-2000,01-May-2000,14240,1091,1664,01-May-2000
911700400521,1,SUNDARAGADA,SUNDARAGADA,SALE IMMOVABLE,15-Apr-2004,15-Apr-2004,50000,521,32,15-Apr-2004
911480405854,1,PURI,PURI,SALE IMMOVABLE,28-Dec-2004,28-Dec-2004,10000,5854,267,28-Dec-2004
910860301233,1,JHARSUGUDA,JHARSUGUDA,SALE IMMOVABLE,18-Aug-2003,18-Aug-2003,20000,1233,78,18-Aug-2003
910100600911,1,BALESHWAR,JALESWARPUR,SALE IMMOVABLE,04-Apr-2006,04-Apr-2006,12000,911,53,04-Apr-2006
910310200387,1,BALANGIR,BALANGIR,SALE IMMOVABLE,20-Feb-2002,20-Feb-2002,100000,387,15,20-Feb-2002
911490100482,1,PURI,BRAHMAGIRI,SALE IMMOVABLE,10-Apr-2001,10-Apr-2001,24000,482,16,10-Apr-2001
911500400633,1,PURI,GOP,LEASE WITH ADVANCE ONLY(IMMOVABLE),01-May-2004,01-May-2004,1642,633,26,01-May-2004
911080005976,1,KHORDHA,KHORDHA(BBSR),SALE IMMOVABLE,27-Oct-2000,27-Oct-2000,4750,5976,241,27-Oct-2000
911080601774,1,KHORDHA,KHORDHA(BBSR),POA WITH POSSESSION,18-Feb-2006,18-Feb-2006,1000,1774,57,18-Feb-2006
911390200802,1,NAYAGADA,KHANDAPARA,SALE IMMOVABLE,30-Apr-2002,30-Apr-2002,800,802,25,30-Apr-2002
910570402851,1,GANJAM,CHHATRAPUR,SALE IMMOVABLE,12-Aug-2004,12-Aug-2004,15050,2851,2624,12-Aug-2004
911080601796,1,KHORDHA,KHORDHA(BBSR),SALE IMMOVABLE,18-Feb-2006,18-Feb-2006,120000,1796,58,18-Feb-2006
910120201227,1,BALESHWAR,NILAGIRI,SALE IMMOVABLE,01-Aug-2002,01-Aug-2002,6000,1227,36,01-Aug-2002
910830200382,1,JAJPUR,MANSADA,SALE IMMOVABLE,15-Apr-2002,15-Apr-2002,3000,382,9,15-Apr-2002
911620601063,1,SAMBALPUR,SAMBALPUR,SALE IMMOVABLE,19-Apr-2006,19-Apr-2006,195360,1063,66,19-Apr-2006
911020300817,1,KENDUJHAR,SAINKUL,SALE IMMOVABLE,20-May-2003,20-May-2003,12000,817,40,20-May-2003
911590300467,1,RAYAGADA,BISAM CUTTACK,SALE IMMOVABLE,01-Aug-2003,01-Aug-2003,23500,467,394,01-Aug-2003
910800001783,1,JAJPUR,BARI,SALE IMMOVABLE,28-Aug-2000,28-Aug-2000,0,1783,35,28-Aug-2000
911480001070,1,PURI,PURI,SALE IMMOVABLE,28-Mar-2000,28-Mar-2000,30000,1070,35,28-Mar-2000
911580400569,1,RAYAGADA,RAYAGADA,SALE IMMOVABLE,25-Mar-2004,25-Mar-2004,23500,569,13,25-Mar-2004
910660502406,1,GANJAM,KHALLIKOTE,SALE IMMOVABLE,20-Dec-2005,20-Dec-2005,15190,2406,1415,20-Dec-2005
910660101879,1,GANJAM,KHALLIKOTE,SALE IMMOVABLE,22-Sep-2001,22-Sep-2001,28800,1879,1141,22-Sep-2001
911660200604,1,SUBARNAPUR,SONPUR,SALE IMMOVABLE,25-Apr-2002,25-Apr-2002,15500,604,21,25-Apr-2002
911620100570,1,SAMBALPUR,SAMBALPUR,SALE IMMOVABLE,01-Mar-2001,01-Mar-2001,49000,570,857,01-Mar-2001
910790201496,1,JAJPUR,BARACHANA,SALE IMMOVABLE,02-Sep-2002,02-Sep-2002,13000,1496,32,02-Sep-2002
910140400199,1,BALESHWAR,SORA,SALE IMMOVABLE,20-Jan-2004,20-Jan-2004,8850,199,10,20-Jan-2004
911150300707,1,KHORDHA,TANGI,SALE IMMOVABLE,02-Sep-2003,02-Sep-2003,52000,707,36,02-Sep-2003
911130400463,1,KHORDHA,KHANDAGIRI,SALE IMMOVABLE,28-Jan-2004,28-Jan-2004,18200,463,31,28-Jan-2004
911170100658,1,KORAPUT,JAYAPUR,SALE IMMOVABLE,01-Mar-2001,01-Mar-2001,42500,658,1960,01-Mar-2001
910470301141,1,KATAKA,SALEPUR,SALE IMMOVABLE,28-May-2003,28-May-2003,14000,1141,62,28-May-2003
910090503315,1,BALESHWAR,JALESWAR,SALE IMMOVABLE,30-Dec-2005,30-Dec-2005,31900,3315,153,30-Dec-2005
910860601211,1,JHARSUGUDA,JHARSUGUDA,SALE IMMOVABLE,09-May-2006,09-May-2006,12600,1211,77,09-May-2006
911080106747,1,KHORDHA,KHORDHA(BBSR),SALE IMMOVABLE,22-Oct-2001,22-Oct-2001,16500,6747,283,22-Oct-2001
910430000561,1,KATAKA,JAGATPUR,SALE IMMOVABLE,10-May-2000,10-May-2000,15200,561,19,10-May-2000
911620502303,1,SAMBALPUR,SAMBALPUR,SALE IMMOVABLE,15-Sep-2005,15-Sep-2005,42900,2303,154,15-Sep-2005
911480603499,1,PURI,PURI,SALE IMMOVABLE,01-Aug-2006,01-Aug-2006,810035,3499,155,01-Aug-2006
911260503492,1,MAYURBHANJ,MAYURBHANJ,SALE IMMOVABLE,31-Oct-2005,31-Oct-2005,46000,3492,105,31-Oct-2005
911120001046,1,KHORDHA,JATANI,SALE IMMOVABLE,01-Jul-2000,01-Jul-2000,0,1046,36,01-Jul-2000
911120302665,1,KHORDHA,JATANI,SALE IMMOVABLE,15-Oct-2003,15-Oct-2003,0,2665,150,15-Oct-2003
911580502096,1,RAYAGADA,RAYAGADA,SALE IMMOVABLE,01-Nov-2005,01-Nov-2005,26000,2096,57,01-Nov-2005
910390503158,1,KATAKA,KATAKA,LEASE WITH ADVANCE ONLY(IMMOVABLE),26-May-2005,26-Oct-2005,0,3158,197,26-Oct-2005
911500601444,1,PURI,GOP,SALE IMMOVABLE,20-Dec-2006,20-Dec-2006,10000,1444,60,20-Dec-2006
910390001965,1,KATAKA,KATAKA,SALE IMMOVABLE,01-Jun-2000,01-Jun-2000,5265,1965,74,01-Jun-2000
911080406057,1,KHORDHA,KHORDHA(BBSR),POA WITH POSSESSION,23-Jun-2004,23-Jun-2004,1000,6057,394,23-Jun-2004
910480200699,1,KATAKA,TIGIRIA,SALE IMMOVABLE,11-Dec-2002,11-Dec-2002,2000,699,26,11-Dec-2002
910930402106,1,KENDRAPADA,KENDRAPADA,SALE IMMOVABLE,23-Jul-2004,23-Jul-2004,395250,2106,67,23-Jul-2004
910570002264,1,GANJAM,CHHATRAPUR,SALE IMMOVABLE,28-Jul-2000,28-Jul-2000,9600,2264,2228,28-Jul-2000
911000501201,1,KENDUJHAR,KENDUJHAR,SALE IMMOVABLE,03-Jun-2005,03-Jun-2005,132000,1201,69,03-Jun-2005
911260203091,1,MAYURBHANJ,MAYURBHANJ,SALE IMMOVABLE,01-Oct-2002,01-Oct-2002,32000,3091,106,01-Oct-2002
910410300798,1,KATAKA,BANKI,SALE IMMOVABLE,20-May-2003,20-May-2003,10500,798,39,20-May-2003
911080609554,1,KHORDHA,KHORDHA(BBSR),SALE IMMOVABLE,11-Sep-2006,11-Sep-2006,913750,9554,303,11-Sep-2006
910990301408,1,KENDRAPADA,KANIKA,SALE IMMOVABLE,22-Sep-2003,22-Sep-2003,4200,1408,44,22-Sep-2003
910070101052,1,BALESHWAR,BALIAPAL,SALE IMMOVABLE,10-May-2001,10-May-2001,3100,1052,25,10-May-2001
911480604371,1,PURI,PURI,SALE IMMOVABLE,27-Sep-2006,27-Sep-2006,150000,4371,196,27-Sep-2006
911080609702,1,KHORDHA,KHORDHA(BBSR),SALE IMMOVABLE,15-Sep-2006,15-Sep-2006,82650,9702,308,15-Sep-2006
910240002779,1,BHADRAK,BASUDEVPUR,SALE IMMOVABLE,16-Dec-2000,16-Dec-2000,10000,2779,73,16-Dec-2000
910790001190,1,JAJPUR,BARACHANA,SALE IMMOVABLE,14-Jul-2000,14-Jul-2000,9000,1190,23,14-Jul-2000
910110301459,1,BALESHWAR,KHAIRA,SALE IMMOVABLE,23-Aug-2003,23-Aug-2003,2000,1459,36,23-Aug-2003
910100203917,1,BALESHWAR,JALESWARPUR,SALE IMMOVABLE,06-Dec-2002,06-Dec-2002,4000,3917,136,06-Dec-2002
910310200189,1,BALANGIR,BALANGIR,SALE IMMOVABLE,28-Jan-2002,28-Jan-2002,4000,189,8,28-Jan-2002
911090300122,1,KHORDHA,BALIPATNA,SALE IMMOVABLE,28-Jan-2003,28-Jan-2003,215265,122,6,28-Jan-2003
911000400160,1,KENDUJHAR,KENDUJHAR,SALE IMMOVABLE,30-Jan-2004,30-Jan-2004,435000,160,8,30-Jan-2004
911380000200,1,NAYAGADA,DASHAPALLA,SALE IMMOVABLE,01-Jan-2000,01-Jan-2000,18000,200,8,01-Jan-2000
911140002162,1,KHORDHA,KHORDHA,SALE IMMOVABLE,03-Aug-2000,03-Aug-2000,44640,2162,50,03-Aug-2000
910610305752,1,GANJAM,BRAHMAPUR-I,SALE IMMOVABLE,21-Nov-2003,21-Nov-2003,16100,5752,3004,21-Nov-2003
911130104631,1,KHORDHA,KHANDAGIRI,SALE IMMOVABLE,28-Aug-2001,28-Aug-2001,168970,4631,192,28-Aug-2001
911080512049,1,KHORDHA,KHORDHA(BBSR),SALE IMMOVABLE,25-Nov-2005,25-Nov-2005,1664000,12049,546,25-Nov-2005
910820301283,1,JAJPUR,DOLIPUR,SALE IMMOVABLE,20-May-2003,20-May-2003,6000,1283,55,20-May-2003
911330201204,1,NABARANGPUR,NABARANGPUR,SALE IMMOVABLE,15-Jul-2002,15-Jul-2002,16000,1204,1392,15-Jul-2002
911660400202,1,SUBARNAPUR,SONPUR,SALE IMMOVABLE,04-Feb-2004,04-Feb-2004,18600,202,12,04-Feb-2004
910070501984,1,BALESHWAR,BALIAPAL,GIFT IMMOVABLE,15-Oct-2005,15-Oct-2005,94400,1984,95,15-Oct-2005
910120000341,1,BALESHWAR,NILAGIRI,SALE IMMOVABLE,06-Mar-2000,06-Mar-2000,16000,341,10,06-Mar-2000
911260500848,1,MAYURBHANJ,MAYURBHANJ,SALE IMMOVABLE,28-Feb-2005,28-Feb-2005,126000,848,31,28-Feb-2005
910090002962,1,BALESHWAR,JALESWAR,SALE IMMOVABLE,11-Dec-2000,11-Dec-2000,12000,2962,79,11-Dec-2000
910100102770,1,BALESHWAR,JALESWARPUR,SALE IMMOVABLE,12-Sep-2001,12-Sep-2001,16800,2770,88,12-Sep-2001
910770101870,1,JAGATSINGHPUR,TIRTOL,SALE IMMOVABLE,15-Dec-2001,15-Dec-2001,25000,1870,55,15-Dec-2001
910340000731,1,BALANGIR,KANTABANJHI,SALE IMMOVABLE,27-Jun-2000,27-Jun-2000,25000,731,21,27-Jun-2000
911430000865,1,NUAPADA,KHADIAL,SALE IMMOVABLE,25-May-2000,25-May-2000,1500,865,114,25-May-2000
910940000788,1,KENDRAPADA,AALI,SALE IMMOVABLE,27-Jun-2000,27-Jun-2000,4000,788,16,27-Jun-2000
910570503026,1,GANJAM,CHHATRAPUR,SALE IMMOVABLE,27-Sep-2005,27-Sep-2005,7818,3026,2742,27-Sep-2005
910150301913,1,BARAGADA,BARAGADA,SALE IMMOVABLE,27-Sep-2003,27-Sep-2003,23200,1913,1045,27-Sep-2003
910230200444,1,BHADRAK,BHADRAK,SALE IMMOVABLE,14-Feb-2002,14-Feb-2002,42500,444,16,14-Feb-2002
910060206103,1,BALESHWAR,BALESHWAR,SALE IMMOVABLE,15-Nov-2002,15-Nov-2002,150000,6103,275,15-Nov-2002
911020201514,1,KENDUJHAR,SAINKUL,SALE IMMOVABLE,03-Aug-2002,03-Aug-2002,700,1514,36,03-Aug-2002
910750401578,1,JAGATSINGHPUR,KUJANGA,SALE IMMOVABLE,08-Jun-2004,08-Jun-2004,260000,1578,97,08-Jun-2004
911120102077,1,KHORDHA,JATANI,SALE IMMOVABLE,26-Nov-2001,26-Nov-2001,0,2077,71,26-Nov-2001
910470102306,1,KATAKA,SALEPUR,SALE IMMOVABLE,18-Aug-2001,18-Aug-2001,50000,2306,66,18-Aug-2001
911490400218,1,PURI,BRAHMAGIRI,SALE IMMOVABLE,10-Mar-2004,10-Mar-2004,12000,218,11,10-Mar-2004
910780600320,1,JAJPUR,JAJPUR,SALE IMMOVABLE,15-Feb-2006,15-Feb-2006,20000,320,11,15-Feb-2006
911390300044,1,NAYAGADA,KHANDAPARA,SALE IMMOVABLE,10-Jan-2003,10-Jan-2003,7000,44,3,10-Jan-2003
911480003713,1,PURI,PURI,SALE IMMOVABLE,22-Sep-2000,22-Sep-2000,28000,3713,116,22-Sep-2000
910580603117,1,GANJAM,ASIKA,SALE IMMOVABLE,25-Nov-2006,25-Nov-2006,239800,3117,2480,25-Nov-2006
910610405067,1,GANJAM,BRAHMAPUR-I,SALE IMMOVABLE,28-Oct-2004,28-Oct-2004,115700,5067,3198,28-Oct-2004
911420500180,1,NUAPADA,NUAPADA,SALE IMMOVABLE,01-Feb-2005,01-Feb-2005,10000,180,483,01-Feb-2005
910310301521,1,BALANGIR,BALANGIR,SALE IMMOVABLE,14-Jul-2003,14-Jul-2003,20000,1521,73,14-Jul-2003
911000300758,1,KENDUJHAR,KENDUJHAR,SALE IMMOVABLE,25-Apr-2003,25-Apr-2003,0,758,46,25-Apr-2003
911580101143,1,RAYAGADA,RAYAGADA,SALE IMMOVABLE,04-Jun-2001,04-Jun-2001,8000,1143,35,04-Jun-2001
911020300509,1,KENDUJHAR,SAINKUL,SALE IMMOVABLE,31-Mar-2003,31-Mar-2003,11900,509,26,31-Mar-2003
911370301748,1,NAYAGADA,NAYAGADA,SALE IMMOVABLE,20-May-2003,20-May-2003,21000,1748,77,20-May-2003
910680300727,1,GANJAM,PURUSOTTAMPUR,SALE IMMOVABLE,01-May-2003,01-May-2003,50000,727,2049,01-May-2003
910320501492,1,BALANGIR,PATNAGARH,SALE IMMOVABLE,15-Dec-2005,15-Dec-2005,24850,1492,80,15-Dec-2005
911080607050,1,KHORDHA,KHORDHA(BBSR),SALE IMMOVABLE,03-Jul-2006,03-Jul-2006,15000,7050,225,03-Jul-2006
910470200103,1,KATAKA,SALEPUR,SALE IMMOVABLE,15-Jan-2002,15-Jan-2002,8500,103,3,15-Jan-2002
910590502269,1,GANJAM,BHANJANAGAR,SALE IMMOVABLE,15-Jul-2005,15-Jul-2005,4110,2269,2973,15-Jul-2005
911580100049,1,RAYAGADA,RAYAGADA,SALE IMMOVABLE,15-Dec-2001,15-Dec-2001,7000,49,4,15-Dec-2001
910720301463,1,JAGATSINGHPUR,JAGATSINGHPUR,SALE IMMOVABLE,01-Aug-2003,01-Aug-2003,30000,1463,84,01-Aug-2003
910410002157,1,KATAKA,BANKI,SALE IMMOVABLE,27-Nov-2000,27-Nov-2000,2500,2157,54,27-Nov-2000
911130104471,1,KHORDHA,KHANDAGIRI,SALE IMMOVABLE,18-Aug-2001,18-Aug-2001,24000,4471,186,18-Aug-2001
911090501331,1,KHORDHA,BALIPATNA,GIFT IMMOVABLE,01-Oct-2005,01-Oct-2005,6100,1331,78,01-Oct-2005
911100201405,1,KHORDHA,BANAPUR,SALE IMMOVABLE,24-Jul-2002,24-Jul-2002,36800,1405,34,24-Jul-2002
910090002263,1,BALESHWAR,JALESWAR,SALE IMMOVABLE,08-Aug-2000,08-Aug-2000,8600,2263,61,08-Aug-2000
910390100784,1,KATAKA,KATAKA,SALE IMMOVABLE,15-Feb-2001,15-Feb-2001,5014,784,31,15-Feb-2001
911260401482,1,MAYURBHANJ,MAYURBHANJ,SALE IMMOVABLE,27-Apr-2004,27-Apr-2004,220500,1482,57,27-Apr-2004
910890301529,1,KALAHANDI,DHARMAGADA,SALE IMMOVABLE,18-Aug-2003,18-Aug-2003,20000,1529,584,18-Aug-2003
910400200212,1,KATAKA,ATHAGADA,SALE IMMOVABLE,01-Mar-2002,01-Mar-2002,32000,212,6,01-Mar-2002
911120301518,1,KHORDHA,JATANI,SALE IMMOVABLE,04-Jun-2003,04-Jun-2003,0,1518,88,04-Jun-2003
910460300916,1,KATAKA,NIALI,SALE IMMOVABLE,20-May-2003,20-May-2003,38000,916,41,20-May-2003
910840100623,1,JAJPUR,SUKINDA,SALE IMMOVABLE,29-Jun-2001,29-Jun-2001,16000,623,17,29-Jun-2001
910680401419,1,GANJAM,PURUSOTTAMPUR,SALE IMMOVABLE,03-Jun-2004,03-Jun-2004,3100,1419,2204,03-Jun-2004
910540600047,1,DHENKANAL,BHUBAN,SALE IMMOVABLE,01-Jan-2006,01-Jan-2006,28650,47,05,01-Jan-2006
910930200323,1,KENDRAPADA,KENDRAPADA,SALE IMMOVABLE,28-Jan-2002,28-Jan-2002,35000,323,12,28-Jan-2002
910120100055,1,BALESHWAR,NILAGIRI,SALE IMMOVABLE,10-Jan-2001,10-Jan-2001,5000,55,3,10-Jan-2001
910140402230,1,BALESHWAR,SORA,SALE IMMOVABLE,13-Jul-2004,13-Jul-2004,25300,2230,92,13-Jul-2004
910930100006,1,KENDRAPADA,KENDRAPADA,SALE IMMOVABLE,01-Jan-2001,01-Jan-2001,20000,6,1,01-Jan-2001
910750200605,1,JAGATSINGHPUR,KUJANGA,SALE IMMOVABLE,16-Mar-2002,16-Mar-2002,70000,605,22,16-Mar-2002
911420401622,1,NUAPADA,NUAPADA,SALE IMMOVABLE,20-Nov-2004,20-Nov-2004,21000,1622,466,20-Nov-2004
910070100155,1,BALESHWAR,BALIAPAL,SALE IMMOVABLE,20-Jan-2001,20-Jan-2001,5500,155,5,20-Jan-2001
910660200252,1,GANJAM,KHALLIKOTE,SALE IMMOVABLE,19-Feb-2002,19-Feb-2002,1554,252,1156,19-Feb-2002
910390002577,1,KATAKA,KATAKA,SALE IMMOVABLE,15-Jul-2000,15-Jul-2000,40000,2577,95,15-Jul-2000
910610004131,1,GANJAM,BRAHMAPUR-I,SALE IMMOVABLE,28-Oct-2000,28-Oct-2000,52000,4131,2472,28-Oct-2000
910120600874,1,BALESHWAR,NILAGIRI,SALE IMMOVABLE,29-May-2006,29-May-2006,10000,874,59,29-May-2006
930310300035,3,BALANGIR,BALANGIR,OPEN WILL,25-Apr-2003,25-Apr-2003,0,35,2,25-Apr-2003
930390600078,3,KATAKA,KATAKA,OPEN WILL,01-Nov-2006,01-Nov-2006,0,78,4,01-Nov-2006
930570500210,3,GANJAM,CHHATRAPUR,OPEN WILL,19-Jan-2005,19-Jan-2005,0,210,50,19-Jan-2005
931260500062,3,MAYURBHANJ,MAYURBHANJ,OPEN WILL,01-Oct-2005,01-Oct-2005,0,62,97,01-Oct-2005
931530100011,3,PURI,PIPILI,OPEN WILL,15-May-2001,15-May-2001,0,11,1,15-May-2001
930310200073,3,BALANGIR,BALANGIR,OPEN WILL,11-Dec-2002,11-Dec-2002,0,73,3,11-Dec-2002
931230500007,3,MALKANGIRI,MALKANAGIRI,OPEN WILL,14-Jan-2005,14-Jan-2005,0,7,0,14-Jan-2005
931480600053,3,PURI,PURI,OPEN WILL,15-Dec-2006,15-Dec-2006,0,53,2,15-Dec-2006
930600400166,3,GANJAM,BRAHMAPUR-II,OPEN WILL,28-Jun-2004,28-Jun-2004,0,166,103,28-Jun-2004
930680300004,3,GANJAM,PURUSOTTAMPUR,OPEN WILL,20-Jan-2003,20-Jan-2003,0,4,24,20-Jan-2003
930630100026,3,GANJAM,DIGAPAHANDI,OPEN WILL,15-Oct-2001,15-Oct-2001,0,26,22,15-Oct-2001
930640300012,3,GANJAM,HINJILIKATU,OPEN WILL,11-Mar-2003,11-Mar-2003,0,12,23,11-Mar-2003
931080600087,3,KHORDHA,KHORDHA(BBSR),OPEN WILL,07-Aug-2006,07-Aug-2006,0,87,2,07-Aug-2006
931680200008,3,SUBARNAPUR,BINIKA,OPEN WILL,19-Jun-2002,19-Jun-2002,0,8,1,19-Jun-2002
930570401803,3,GANJAM,CHHATRAPUR,OPEN WILL,24-May-2004,24-May-2004,0,1803,48,24-May-2004
930860500005,3,JHARSUGUDA,JHARSUGUDA,OPEN WILL,24-Jan-2005,24-Jan-2005,0,5,1,24-Jan-2005
930570500245,3,GANJAM,CHHATRAPUR,OPEN WILL,24-Jan-2005,24-Jan-2005,0,245,50,24-Jan-2005
930310600023,3,BALANGIR,BALANGIR,OPEN WILL,01-Mar-2006,01-Mar-2006,0,23,2,01-Mar-2006
931620300034,3,SAMBALPUR,SAMBALPUR,OPEN WILL,05-May-2003,05-May-2003,0,34,23,05-May-2003
930570200062,3,GANJAM,CHHATRAPUR,OPEN WILL,12-Sep-2002,12-Sep-2002,0,62,44,12-Sep-2002
931140600019,3,KHORDHA,KHORDHA,OPEN WILL,11-Sep-2006,11-Sep-2006,0,19,1,11-Sep-2006
930780600658,3,JAJPUR,JAJPUR,OPEN WILL,04-Apr-2006,04-Apr-2006,0,658,1,04-Apr-2006
931370300042,3,NAYAGADA,NAYAGADA,OPEN WILL,31-Dec-2003,31-Dec-2003,0,42,2,31-Dec-2003
930550600003,3,GAJAPATI,PARALAKHEMUNDI,OPEN WILL,03-Feb-2006,03-Feb-2006,0,3,3,03-Feb-2006
931190600033,3,KORAPUT,KORAPUT,OPEN WILL,05-Dec-2006,05-Dec-2006,0,33,3,05-Dec-2006
930390600008,3,KATAKA,KATAKA,OPEN WILL,10-Mar-2006,10-Mar-2006,0,8,1,10-Mar-2006
930670500009,3,GANJAM,PATRAPUR,OPEN WILL,09-May-2005,09-May-2005,0,9,24,09-May-2005
930390500031,3,KATAKA,KATAKA,OPEN WILL,24-May-2005,24-May-2005,0,31,2,24-May-2005
931660000014,3,SUBARNAPUR,SONPUR,OPEN WILL,15-May-2000,15-May-2000,0,14,1,15-May-2000
931130300024,3,KHORDHA,KHANDAGIRI,OPEN WILL,12-Sep-2003,12-Sep-2003,0,24,1,12-Sep-2003
930680600024,3,GANJAM,PURUSOTTAMPUR,OPEN WILL,24-May-2006,24-May-2006,0,24,29,24-May-2006
931260500069,3,MAYURBHANJ,MAYURBHANJ,OPEN WILL,30-Nov-2005,30-Nov-2005,0,69,2,30-Nov-2005
930610600161,3,GANJAM,BRAHMAPUR-I,OPEN WILL,27-Sep-2006,27-Sep-2006,0,161,79,27-Sep-2006
930570502775,3,GANJAM,CHHATRAPUR,OPEN WILL,17-Aug-2005,17-Aug-2005,0,2775,51,17-Aug-2005
931190500016,3,KORAPUT,KORAPUT,OPEN WILL,01-Oct-2005,01-Oct-2005,0,16,2,01-Oct-2005
931480100001,3,PURI,PURI,OPEN WILL,30-Jan-2001,30-Jan-2001,0,1,1,30-Jan-2001
930640300006,3,GANJAM,HINJILIKATU,OPEN WILL,20-Feb-2003,20-Feb-2003,0,6,23,20-Feb-2003
930610300150,3,GANJAM,BRAHMAPUR-I,OPEN WILL,22-Sep-2003,22-Sep-2003,0,150,64,22-Sep-2003
930310200053,3,BALANGIR,BALANGIR,OPEN WILL,28-Aug-2002,28-Aug-2002,0,53,3,28-Aug-2002
931260400035,3,MAYURBHANJ,MAYURBHANJ,OPEN WILL,05-Nov-2004,05-Nov-2004,0,35,2,05-Nov-2004
930710200003,3,GANJAM,CHIKITI,OPEN WILL,15-Feb-2002,15-Feb-2002,0,3,4,15-Feb-2002
931370300031,3,NAYAGADA,NAYAGADA,OPEN WILL,01-Oct-2003,01-Oct-2003,0,31,2,01-Oct-2003
931180600008,3,KORAPUT,BARIGUMA,OPEN WILL,24-Apr-2006,24-Apr-2006,0,8,6,24-Apr-2006
930670300010,3,GANJAM,PATRAPUR,OPEN WILL,27-Jun-2003,27-Jun-2003,0,10,22,27-Jun-2003
931670200019,3,SUBARNAPUR,BIRMAHARAJPUR,OPEN WILL,19-Jun-2002,19-Jun-2002,0,19,1,19-Jun-2002
931200500054,3,KORAPUT,KOTPAD,OPEN WILL,15-Jul-2005,15-Jul-2005,0,54,13,15-Jul-2005
930550600031,3,GAJAPATI,PARALAKHEMUNDI,OPEN WILL,13-Jun-2006,13-Jun-2006,0,31,2,13-Jun-2006
930590600044,3,GANJAM,BHANJANAGAR,OPEN WILL,01-Sep-2006,01-Sep-2006,0,44,29,01-Sep-2006
930310600087,3,BALANGIR,BALANGIR,OPEN WILL,15-Nov-2006,15-Nov-2006,0,87,4,15-Nov-2006
930640100017,3,GANJAM,HINJILIKATU,OPEN WILL,29-Jun-2001,29-Jun-2001,0,17,21,29-Jun-2001
931370500073,3,NAYAGADA,NAYAGADA,OPEN WILL,30-Nov-2005,30-Nov-2005,0,73,02,30-Nov-2005
931080300039,3,KHORDHA,KHORDHA(BBSR),OPEN WILL,23-Aug-2003,23-Aug-2003,0,39,10,23-Aug-2003
930610600160,3,GANJAM,BRAHMAPUR-I,OPEN WILL,27-Sep-2006,27-Sep-2006,0,160,79,27-Sep-2006
930860200056,3,JHARSUGUDA,JHARSUGUDA,OPEN WILL,24-Jul-2002,24-Jul-2002,0,56,2,24-Jul-2002
931660100033,3,SUBARNAPUR,SONPUR,OPEN WILL,06-Nov-2001,06-Nov-2001,0,33,2,06-Nov-2001
931170500050,3,KORAPUT,JAYAPUR,OPEN WILL,12-Aug-2005,12-Aug-2005,0,50,26,12-Aug-2005
930430000007,3,KATAKA,JAGATPUR,OPEN WILL,22-Sep-2000,22-Sep-2000,0,7,1,22-Sep-2000
930430100008,3,KATAKA,JAGATPUR,OPEN WILL,16-Nov-2001,16-Nov-2001,0,8,1,16-Nov-2001
931080400065,3,KHORDHA,KHORDHA(BBSR),OPEN WILL,23-Jul-2004,23-Jul-2004,0,65,2,23-Jul-2004
930610300001,3,GANJAM,BRAHMAPUR-I,OPEN WILL,02-Jan-2003,31-Dec-2003,0,1,61,31-Dec-2003
931690100011,3,SUBARNAPUR,RAMPUR,OPEN WILL,29-Jun-2001,29-Jun-2001,0,11,1,29-Jun-2001
931100300004,3,KHORDHA,BANAPUR,OPEN WILL,31-Dec-2003,31-Dec-2003,0,4,1,31-Dec-2003
931680200017,3,SUBARNAPUR,BINIKA,OPEN WILL,06-Dec-2002,06-Dec-2002,0,17,2,06-Dec-2002
931160600004,3,KHORDHA,BOLAGADA,OPEN WILL,08-Feb-2006,08-Feb-2006,0,4,44,08-Feb-2006
931700200086,3,SUNDARAGADA,SUNDARAGADA,OPEN WILL,28-Dec-2002,28-Dec-2002,0,86,3,28-Dec-2002
931620500092,3,SAMBALPUR,SAMBALPUR,OPEN WILL,21-Oct-2005,21-Oct-2005,0,92,4,21-Oct-2005
930830500006,3,JAJPUR,MANSADA,OPEN WILL,21-Sep-2005,21-Sep-2005,0,6,1,21-Sep-2005
930290300001,3,BHADRAK,DHUSURI,OPEN WILL,24-Jun-2003,24-Jun-2003,11200,1,01,24-Jun-2003
930860500028,3,JHARSUGUDA,JHARSUGUDA,CANCELLATION OF OPEN WILL,29-Apr-2005,29-Apr-2005,0,28,2,29-Apr-2005
931080600133,3,KHORDHA,KHORDHA(BBSR),OPEN WILL,15-Nov-2006,15-Nov-2006,0,133,11,15-Nov-2006
930670300005,3,GANJAM,PATRAPUR,OPEN WILL,06-Mar-2003,06-Mar-2003,0,5,22,06-Mar-2003
930500300040,3,DHENKANAL,DHENKANAL,OPEN WILL,14-Jan-2003,15-Dec-2003,0,40,2,15-Dec-2003
931390600021,3,NAYAGADA,KHANDAPARA,OPEN WILL,26-Sep-2006,26-Sep-2006,0,21,1,26-Sep-2006
931170100028,3,KORAPUT,JAYAPUR,OPEN WILL,25-Apr-2001,25-Apr-2001,0,28,18,25-Apr-2001
930650200007,3,GANJAM,KABISURYANAGAR,OPEN WILL,28-May-2002,28-May-2002,0,7,15,28-May-2002
930760300003,3,JAGATSINGHPUR,RAGHUNATHPUR,OPEN WILL,14-Jul-2003,14-Jul-2003,0,3,1,14-Jul-2003
931700300031,3,SUNDARAGADA,SUNDARAGADA,OPEN WILL,06-Mar-2003,06-Mar-2003,0,31,2,06-Mar-2003
930790500010,3,JAJPUR,BARACHANA,OPEN WILL,21-Oct-2005,21-Oct-2005,0,10,1,21-Oct-2005
931200600025,3,KORAPUT,KOTPAD,OPEN WILL,09-May-2006,09-May-2006,0,25,14,09-May-2006
930640600002,3,GANJAM,HINJILIKATU,OPEN WILL,15-Feb-2006,15-Feb-2006,0,2,25,15-Feb-2006
931179900043,3,KORAPUT,JAYAPUR,OPEN WILL,05-Feb-2000,05-Feb-2000,0,43,17,05-Feb-2000
931700600066,3,SUNDARAGADA,SUNDARAGADA,OPEN WILL,30-Mar-2006,30-Mar-2006,0,66,3,30-Mar-2006
930310500020,3,BALANGIR,BALANGIR,OPEN WILL,28-Feb-2005,28-Feb-2005,0,20,2,28-Feb-2005
930390200072,3,KATAKA,KATAKA,OPEN WILL,26-Nov-2002,26-Nov-2002,0,72,3,26-Nov-2002
931530100017,3,PURI,PIPILI,OPEN WILL,01-Dec-2001,01-Dec-2001,0,17,2,01-Dec-2001
931580500011,3,RAYAGADA,RAYAGADA,OPEN WILL,28-Mar-2005,28-Mar-2005,0,11,09,28-Mar-2005
930270600004,3,BHADRAK,CHANDBALI,OPEN WILL,28-Jun-2006,28-Jun-2006,0,4,1,28-Jun-2006
930570400291,3,GANJAM,CHHATRAPUR,OPEN WILL,04-Feb-2004,04-Feb-2004,0,291,47,04-Feb-2004
931080600115,3,KHORDHA,KHORDHA(BBSR),OPEN WILL,26-Sep-2006,26-Sep-2006,0,115,2,26-Sep-2006
931480600007,3,PURI,PURI,OPEN WILL,15-Feb-2006,15-Feb-2006,0,7,1,15-Feb-2006
930860600046,3,JHARSUGUDA,JHARSUGUDA,OPEN WILL,29-May-2006,29-May-2006,0,46,2,29-May-2006
931200000021,3,KORAPUT,KOTPAD,OPEN WILL,30-May-2000,30-May-2000,0,21,6,30-May-2000
930600200206,3,GANJAM,BRAHMAPUR-II,OPEN WILL,07-Sep-2002,07-Sep-2002,0,206,93,07-Sep-2002
931620500026,3,SAMBALPUR,SAMBALPUR,OPEN WILL,28-Feb-2005,28-Feb-2005,0,26,1,28-Feb-2005
930880500053,3,KALAHANDI,BHABANIPATANA,OPEN WILL,30-Dec-2005,30-Dec-2005,1500000,53,11,30-Dec-2005
931080600119,3,KHORDHA,KHORDHA(BBSR),OPEN WILL,11-Oct-2006,11-Oct-2006,0,119,2,11-Oct-2006
930310400027,3,BALANGIR,BALANGIR,OPEN WILL,15-Apr-2004,15-Apr-2004,0,27,2,15-Apr-2004
930860300047,3,JHARSUGUDA,JHARSUGUDA,OPEN WILL,27-Sep-2003,27-Sep-2003,0,47,2,27-Sep-2003
931480500064,3,PURI,PURI,OPEN WILL,28-Dec-2005,28-Dec-2005,0,64,2,28-Dec-2005
930730400001,3,JAGATSINGHPUR,BALIKUDA,OPEN WILL,19-Feb-2004,19-Feb-2004,0,1,1,19-Feb-2004
930570000017,3,GANJAM,CHHATRAPUR,OPEN WILL,31-Mar-2000,31-Mar-2000,0,17,38,31-Mar-2000
930550500004,3,GAJAPATI,PARALAKHEMUNDI,OPEN WILL,01-Feb-2005,01-Feb-2005,0,4,1,01-Feb-2005
931330300031,3,NABARANGPUR,NABARANGPUR,OPEN WILL,18-Aug-2003,18-Aug-2003,0,31,12,18-Aug-2003
930490000011,3,DEBAGADA,DEBAGADA,OPEN WILL,20-May-2000,20-May-2000,0,11,2,20-May-2000
930640500017,3,GANJAM,HINJILIKATU,OPEN WILL,18-Jun-2005,18-Jun-2005,0,17,25,18-Jun-2005
930680500040,3,GANJAM,PURUSOTTAMPUR,OPEN WILL,06-Oct-2005,06-Oct-2005,0,40,28,06-Oct-2005
930390500045,3,KATAKA,KATAKA,OPEN WILL,15-Jul-2005,15-Jul-2005,0,45,2,15-Jul-2005
930080600003,3,BALESHWAR,BASTA,OPEN WILL,01-Dec-2006,01-Dec-2006,0,3,1,01-Dec-2006
930570200061,3,GANJAM,CHHATRAPUR,OPEN WILL,07-Sep-2002,07-Sep-2002,0,61,44,07-Sep-2002
930860000013,3,JHARSUGUDA,JHARSUGUDA,OPEN WILL,15-Feb-2000,15-Feb-2000,0,13,9,15-Feb-2000
930860400017,3,JHARSUGUDA,JHARSUGUDA,OPEN WILL,20-Feb-2004,20-Feb-2004,0,17,2,20-Feb-2004
930560500005,3,GAJAPATI,R.UDAYAGIRI,OPEN WILL,16-Sep-2005,16-Sep-2005,0,5,3,16-Sep-2005
931690200015,3,SUBARNAPUR,RAMPUR,OPEN WILL,13-Aug-2002,13-Aug-2002,0,15,1,13-Aug-2002
931480600030,3,PURI,PURI,OPEN WILL,13-Jun-2006,13-Jun-2006,0,30,1,13-Jun-2006
931080600048,3,KHORDHA,KHORDHA(BBSR),OPEN WILL,30-Mar-2006,30-Mar-2006,0,48,1,30-Mar-2006
930390100015,3,KATAKA,KATAKA,OPEN WILL,20-Feb-2001,20-Feb-2001,0,15,1,20-Feb-2001
930590000012,3,GANJAM,BHANJANAGAR,OPEN WILL,25-Apr-2000,25-Apr-2000,0,12,22,25-Apr-2000
931580600022,3,RAYAGADA,RAYAGADA,OPEN WILL,01-Jun-2006,01-Jun-2006,0,22,09,01-Jun-2006
930610400124,3,GANJAM,BRAHMAPUR-I,OPEN WILL,23-Jul-2004,23-Jul-2004,0,124,69,23-Jul-2004
930630000047,3,GANJAM,DIGAPAHANDI,OPEN WILL,01-Dec-2000,01-Dec-2000,0,47,21,01-Dec-2000
931170100042,3,KORAPUT,JAYAPUR,OPEN WILL,22-Oct-2001,22-Oct-2001,0,42,19,22-Oct-2001
931620400056,3,SAMBALPUR,SAMBALPUR,OPEN WILL,01-Jun-2004,01-Jun-2004,0,56,2,01-Jun-2004
930860000078,3,JHARSUGUDA,JHARSUGUDA,OPEN WILL,12-Oct-2000,12-Oct-2000,0,78,11,12-Oct-2000
931260500031,3,MAYURBHANJ,MAYURBHANJ,OPEN WILL,09-May-2005,09-May-2005,0,31,1,09-May-2005
930310000034,3,BALANGIR,BALANGIR,OPEN WILL,30-May-2000,30-May-2000,0,34,3,30-May-2000
930370200031,3,BOUDH,BOUDH,OPEN WILL,28-Aug-2002,28-Aug-2002,0,31,3,28-Aug-2002
931620300087,3,SAMBALPUR,SAMBALPUR,OPEN WILL,06-Nov-2003,06-Nov-2003,0,87,25,06-Nov-2003
930880100012,3,KALAHANDI,BHABANIPATANA,OPEN WILL,28-Mar-2001,28-Mar-2001,200000,12,5,28-Mar-2001
930610400181,3,GANJAM,BRAHMAPUR-I,OPEN WILL,25-Nov-2004,25-Nov-2004,0,181,70,25-Nov-2004
930310400032,3,BALANGIR,BALANGIR,OPEN WILL,04-May-2004,04-May-2004,0,32,2,04-May-2004
931620100003,3,SAMBALPUR,SAMBALPUR,OPEN WILL,25-Jan-2001,25-Jan-2001,0,3,16,25-Jan-2001
931360500013,3,NABARANGPUR,UMARKOT,OPEN WILL,13-Jun-2005,13-Jun-2005,0,13,6,13-Jun-2005
931260300008,3,MAYURBHANJ,MAYURBHANJ,OPEN WILL,15-Mar-2003,15-Mar-2003,0,8,1,15-Mar-2003
931700600177,3,SUNDARAGADA,SUNDARAGADA,OPEN WILL,27-Sep-2006,27-Sep-2006,0,177,6,27-Sep-2006
930860300018,3,JHARSUGUDA,JHARSUGUDA,OPEN WILL,05-May-2003,05-May-2003,0,18,1,05-May-2003
930370300015,3,BOUDH,BOUDH,OPEN WILL,31-Mar-2003,31-Mar-2003,0,15,2,31-Mar-2003
930570500352,3,GANJAM,CHHATRAPUR,OPEN WILL,01-Feb-2005,01-Feb-2005,0,352,50,01-Feb-2005
930680600008,3,GANJAM,PURUSOTTAMPUR,OPEN WILL,30-Mar-2006,30-Mar-2006,0,8,29,30-Mar-2006
930880500017,3,KALAHANDI,BHABANIPATANA,OPEN WILL,15-Apr-2005,15-Apr-2005,0,17,9,15-Apr-2005
931230400010,3,MALKANGIRI,MALKANAGIRI,OPEN WILL,24-May-2004,24-May-2004,0,10,1,24-May-2004
930390200043,3,KATAKA,KATAKA,OPEN WILL,19-Jun-2002,19-Jun-2002,0,43,2,19-Jun-2002
931080400093,3,KHORDHA,KHORDHA(BBSR),OPEN WILL,01-Nov-2004,01-Nov-2004,0,93,3,01-Nov-2004
930860300009,3,JHARSUGUDA,JHARSUGUDA,OPEN WILL,20-Feb-2003,20-Feb-2003,0,9,1,20-Feb-2003
931000200002,3,KENDUJHAR,KENDUJHAR,OPEN WILL,06-Mar-2002,06-Mar-2002,0,2,1,06-Mar-2002
931200600055,3,KORAPUT,KOTPAD,OPEN WILL,26-Sep-2006,26-Sep-2006,0,55,15,26-Sep-2006
931700600086,3,SUNDARAGADA,SUNDARAGADA,OPEN WILL,24-Apr-2006,24-Apr-2006,0,86,3,24-Apr-2006
931620000018,3,SAMBALPUR,SAMBALPUR,OPEN WILL,06-Mar-2000,06-Mar-2000,0,18,15,06-Mar-2000
931080400109,3,KHORDHA,KHORDHA(BBSR),CANCELLATION OF OPEN WILL,27-Nov-2004,27-Nov-2004,0,109,4,27-Nov-2004
931660400047,3,SUBARNAPUR,SONPUR,OPEN WILL,25-Nov-2004,25-Nov-2004,0,47,2,25-Nov-2004
931170500030,3,KORAPUT,JAYAPUR,OPEN WILL,29-Apr-2005,29-Apr-2005,0,30,25,29-Apr-2005
930860500061,3,JHARSUGUDA,JHARSUGUDA,OPEN WILL,27-Aug-2005,27-Aug-2005,0,61,2,27-Aug-2005
930650600005,3,GANJAM,KABISURYANAGAR,OPEN WILL,03-Feb-2006,03-Feb-2006,0,5,18,03-Feb-2006
931480100019,3,PURI,PURI,OPEN WILL,19-Jun-2001,19-Jun-2001,0,19,1,19-Jun-2001
930310600052,3,BALANGIR,BALANGIR,OPEN WILL,23-Jun-2006,23-Jun-2006,0,52,3,23-Jun-2006
931690600002,3,SUBARNAPUR,RAMPUR,OPEN WILL,24-Jan-2006,24-Jan-2006,0,2,1,24-Jan-2006
931330100022,3,NABARANGPUR,NABARANGPUR,OPEN WILL,17-Oct-2001,17-Oct-2001,3900,22,10,17-Oct-2001
930370200023,3,BOUDH,BOUDH,OPEN WILL,24-Jul-2002,24-Jul-2002,0,23,2,24-Jul-2002
930490600018,3,DEBAGADA,DEBAGADA,OPEN WILL,18-Jul-2006,18-Jul-2006,0,18,1,18-Jul-2006
931000500011,3,KENDUJHAR,KENDUJHAR,OPEN WILL,01-Aug-2005,01-Aug-2005,0,11,1,01-Aug-2005
931420200010,3,NUAPADA,NUAPADA,OPEN WILL,15-Apr-2002,15-Apr-2002,0,10,3,15-Apr-2002
931330400042,3,NABARANGPUR,NABARANGPUR,OPEN WILL,01-Nov-2004,01-Nov-2004,15000,42,13,01-Nov-2004
931350200010,3,NABARANGPUR,KODINGA,OPEN WILL,19-Jul-2002,19-Jul-2002,0,10,1,19-Jul-2002
930390300056,3,KATAKA,KATAKA,OPEN WILL,22-Oct-2003,22-Oct-2003,0,56,3,22-Oct-2003
930670300008,3,GANJAM,PATRAPUR,OPEN WILL,05-Apr-2003,05-Apr-2003,0,8,22,05-Apr-2003
930710200019,3,GANJAM,CHIKITI,OPEN WILL,14-Jun-2002,14-Jun-2002,0,19,5,14-Jun-2002
931700100037,3,SUNDARAGADA,SUNDARAGADA,OPEN WILL,19-Jun-2001,19-Jun-2001,0,37,2,19-Jun-2001
931670500012,3,SUBARNAPUR,BIRMAHARAJPUR,OPEN WILL,04-Apr-2005,04-Apr-2005,0,12,2,04-Apr-2005
930670100002,3,GANJAM,PATRAPUR,OPEN WILL,25-Jan-2001,25-Jan-2001,0,2,20,25-Jan-2001
931690200018,3,SUBARNAPUR,RAMPUR,OPEN WILL,17-Sep-2002,17-Sep-2002,0,18,1,17-Sep-2002
930830400005,3,JAJPUR,MANSADA,OPEN WILL,26-Oct-2004,26-Oct-2004,0,5,2,26-Oct-2004
931480600055,3,PURI,PURI,OPEN WILL,20-Dec-2006,20-Dec-2006,0,55,2,20-Dec-2006
930570500439,3,GANJAM,CHHATRAPUR,OPEN WILL,08-Feb-2005,08-Feb-2005,0,439,50,08-Feb-2005
931620600004,3,SAMBALPUR,SAMBALPUR,OPEN WILL,04-Jan-2006,04-Jan-2006,0,4,1,04-Jan-2006
930390200007,3,KATAKA,KATAKA,OPEN WILL,25-Jan-2002,25-Jan-2002,0,7,1,25-Jan-2002
930880500051,3,KALAHANDI,BHABANIPATANA,OPEN WILL,05-Dec-2005,05-Dec-2005,0,51,11,05-Dec-2005
931330600014,3,NABARANGPUR,NABARANGPUR,OPEN WILL,28-Mar-2006,28-Mar-2006,500,14,16,28-Mar-2006
930570400590,3,GANJAM,CHHATRAPUR,OPEN WILL,01-Mar-2004,01-Mar-2004,0,590,47,01-Mar-2004
931700300048,3,SUNDARAGADA,SUNDARAGADA,OPEN WILL,05-Apr-2003,05-Apr-2003,0,48,2,05-Apr-2003
930480100001,3,KATAKA,TIGIRIA,OPEN WILL,27-Nov-2001,27-Nov-2001,0,1,1,27-Nov-2001
931620500032,3,SAMBALPUR,SAMBALPUR,OPEN WILL,15-Mar-2005,15-Mar-2005,0,32,2,15-Mar-2005
931680100007,3,SUBARNAPUR,BINIKA,OPEN WILL,12-Oct-2001,12-Oct-2001,0,7,1,12-Oct-2001
930880400017,3,KALAHANDI,BHABANIPATANA,OPEN WILL,29-May-2004,29-May-2004,182000,17,8,29-May-2004
931200600040,3,KORAPUT,KOTPAD,OPEN WILL,23-Jun-2006,23-Jun-2006,0,40,14,23-Jun-2006
931370600052,3,NAYAGADA,NAYAGADA,OPEN WILL,15-Nov-2006,15-Nov-2006,0,52,2,15-Nov-2006
930620200010,3,GANJAM,BUGUDA,OPEN WILL,10-Apr-2002,10-Apr-2002,0,10,14,10-Apr-2002
930310600012,3,BALANGIR,BALANGIR,OPEN WILL,28-Jan-2006,28-Jan-2006,0,12,2,28-Jan-2006
931700500022,3,SUNDARAGADA,SUNDARAGADA,OPEN WILL,23-Feb-2005,23-Feb-2005,0,22,1,23-Feb-2005
930680600041,3,GANJAM,PURUSOTTAMPUR,OPEN WILL,30-Dec-2006,30-Dec-2006,0,41,30,30-Dec-2006
930310600035,3,BALANGIR,BALANGIR,OPEN WILL,01-May-2006,01-May-2006,0,35,2,01-May-2006
930610300119,3,GANJAM,BRAHMAPUR-I,OPEN WILL,24-Jul-2003,24-Jul-2003,0,119,64,24-Jul-2003
931620200057,3,SAMBALPUR,SAMBALPUR,OPEN WILL,19-Jul-2002,19-Jul-2002,0,57,20,19-Jul-2002
930850400002,3,JAJPUR,MANGALPUR,OPEN WILL,24-Feb-2004,24-Feb-2004,0,2,1,24-Feb-2004
930630300016,3,GANJAM,DIGAPAHANDI,OPEN WILL,21-Mar-2003,21-Mar-2003,0,16,23,21-Mar-2003
931620000052,3,SAMBALPUR,SAMBALPUR,OPEN WILL,29-Jun-2000,29-Jun-2000,0,52,15,29-Jun-2000
931080600153,3,KHORDHA,KHORDHA(BBSR),CANCELLATION OF OPEN WILL,20-Dec-2006,20-Dec-2006,0,153,3,20-Dec-2006
931370500076,3,NAYAGADA,NAYAGADA,OPEN WILL,20-Dec-2005,20-Dec-2005,0,76,02,20-Dec-2005
930680400028,3,GANJAM,PURUSOTTAMPUR,OPEN WILL,15-Jul-2004,15-Jul-2004,0,28,26,15-Jul-2004
930310100037,3,BALANGIR,BALANGIR,OPEN WILL,29-Jun-2001,29-Jun-2001,0,37,1,29-Jun-2001
930380100007,3,BOUDH,KANTAMAL,OPEN WILL,15-Nov-2001,15-Nov-2001,0,7,1,15-Nov-2001
931190400010,3,KORAPUT,KORAPUT,OPEN WILL,01-Jun-2004,01-Jun-2004,0,10,1,01-Jun-2004
930680300043,3,GANJAM,PURUSOTTAMPUR,OPEN WILL,26-Dec-2003,26-Dec-2003,0,43,25,26-Dec-2003
931620500131,3,SAMBALPUR,SAMBALPUR,OPEN WILL,30-Dec-2005,30-Dec-2005,0,131,5,30-Dec-2005
930370300040,3,BOUDH,BOUDH,OPEN WILL,22-Oct-2003,22-Oct-2003,0,40,3,22-Oct-2003
930310000022,3,BALANGIR,BALANGIR,OPEN WILL,01-May-2000,01-May-2000,0,22,2,01-May-2000
930630000002,3,GANJAM,DIGAPAHANDI,OPEN WILL,11-Jan-2000,11-Jan-2000,0,2,20,11-Jan-2000
931700500136,3,SUNDARAGADA,SUNDARAGADA,OPEN WILL,01-Sep-2005,01-Sep-2005,0,136,5,01-Sep-2005
931510200001,3,PURI,KAKATPUR,OPEN WILL,01-Jan-2002,01-Jan-2002,0,1,1,01-Jan-2002
930860600027,3,JHARSUGUDA,JHARSUGUDA,OPEN WILL,04-Apr-2006,04-Apr-2006,0,27,1,04-Apr-2006
930880200028,3,KALAHANDI,BHABANIPATANA,OPEN WILL,22-Oct-2002,22-Oct-2002,0,28,7,22-Oct-2002
931620500080,3,SAMBALPUR,SAMBALPUR,OPEN WILL,22-Aug-2005,22-Aug-2005,0,80,3,22-Aug-2005
931370500043,3,NAYAGADA,NAYAGADA,OPEN WILL,27-Jun-2005,27-Jun-2005,0,43,2,27-Jun-2005
931670600017,3,SUBARNAPUR,BIRMAHARAJPUR,OPEN WILL,01-Nov-2006,01-Nov-2006,0,17,1,01-Nov-2006
931370100017,3,NAYAGADA,NAYAGADA,OPEN WILL,15-May-2001,15-May-2001,0,17,1,15-May-2001
931370500039,3,NAYAGADA,NAYAGADA,OPEN WILL,13-Jun-2005,13-Jun-2005,0,39,01,13-Jun-2005
930930600015,3,KENDRAPADA,KENDRAPADA,OPEN WILL,15-Nov-2006,15-Nov-2006,0,15,1,15-Nov-2006
931080400080,3,KHORDHA,KHORDHA(BBSR),OPEN WILL,15-Sep-2004,15-Sep-2004,0,80,3,15-Sep-2004
930260000002,3,BHADRAK,BANTA,OPEN WILL,11-Dec-2000,11-Dec-2000,0,2,1,11-Dec-2000
930370500046,3,BOUDH,BOUDH,OPEN WILL,26-Oct-2005,26-Oct-2005,0,46,3,26-Oct-2005
931670000006,3,SUBARNAPUR,BIRMAHARAJPUR,OPEN WILL,31-Mar-2000,31-Mar-2000,0,6,2,31-Mar-2000
930650200016,3,GANJAM,KABISURYANAGAR,OPEN WILL,17-Sep-2002,17-Sep-2002,0,16,15,17-Sep-2002
931420200022,3,NUAPADA,NUAPADA,OPEN WILL,15-Nov-2002,15-Nov-2002,0,22,4,15-Nov-2002
931530100016,3,PURI,PIPILI,OPEN WILL,20-Jan-2001,20-Jan-2001,0,16,2,20-Jan-2001
931170600044,3,KORAPUT,JAYAPUR,OPEN WILL,28-Jun-2006,28-Jun-2006,0,44,28,28-Jun-2006
930570300041,3,GANJAM,CHHATRAPUR,OPEN WILL,27-Jun-2003,27-Jun-2003,0,41,45,27-Jun-2003
930630300045,3,GANJAM,DIGAPAHANDI,OPEN WILL,22-Sep-2003,22-Sep-2003,0,45,24,22-Sep-2003
930310500111,3,BALANGIR,BALANGIR,OPEN WILL,28-Dec-2005,28-Dec-2005,0,111,4,28-Dec-2005
931260600027,3,MAYURBHANJ,MAYURBHANJ,OPEN WILL,04-Apr-2006,04-Apr-2006,0,27,1,04-Apr-2006
931440100002,3,KANDHAMALA,KANDHAMALA,OPEN WILL,26-Mar-2001,26-Mar-2001,0,2,1,26-Mar-2001
930930300019,3,KENDRAPADA,KENDRAPADA,OPEN WILL,16-Dec-2003,16-Dec-2003,0,19,1,16-Dec-2003
931620100018,3,SAMBALPUR,SAMBALPUR,OPEN WILL,28-Mar-2001,28-Mar-2001,0,18,17,28-Mar-2001
930930000011,3,KENDRAPADA,KENDRAPADA,OPEN WILL,24-Jul-2000,24-Jul-2000,0,11,01,24-Jul-2000
930500500024,3,DHENKANAL,DHENKANAL,OPEN WILL,21-Sep-2005,21-Sep-2005,0,24,1,21-Sep-2005
931190600034,3,KORAPUT,KORAPUT,OPEN WILL,19-May-2006,19-May-2006,0,34,3,19-May-2006
931000600003,3,KENDUJHAR,KENDUJHAR,OPEN WILL,08-Feb-2006,08-Feb-2006,0,3,1,08-Feb-2006
930390400024,3,KATAKA,KATAKA,OPEN WILL,25-Mar-2004,25-Mar-2004,0,24,2,25-Mar-2004
930570401365,3,GANJAM,CHHATRAPUR,OPEN WILL,19-Apr-2004,19-Apr-2004,0,1365,47,19-Apr-2004
930370100032,3,BOUDH,BOUDH,OPEN WILL,01-Oct-2001,01-Oct-2001,0,32,2,01-Oct-2001
930790500002,3,JAJPUR,BARACHANA,OPEN WILL,01-Feb-2005,01-Feb-2005,0,2,1,01-Feb-2005
931700400028,3,SUNDARAGADA,SUNDARAGADA,OPEN WILL,15-Mar-2004,15-Mar-2004,0,28,1,15-Mar-2004
930670000015,3,GANJAM,PATRAPUR,OPEN WILL,01-Aug-2000,01-Aug-2000,0,15,19,01-Aug-2000
931230400012,3,MALKANGIRI,MALKANAGIRI,OPEN WILL,29-May-2004,29-May-2004,0,12,1,29-May-2004
930710200029,3,GANJAM,CHIKITI,OPEN WILL,11-Dec-2002,11-Dec-2002,0,29,6,11-Dec-2002
930580100005,3,GANJAM,ASIKA,OPEN WILL,15-Feb-2001,15-Feb-2001,0,5,23,15-Feb-2001
931700600156,3,SUNDARAGADA,SUNDARAGADA,OPEN WILL,17-Aug-2006,17-Aug-2006,0,156,5,17-Aug-2006
930270000002,3,BHADRAK,CHANDBALI,OPEN WILL,25-Apr-2000,25-Apr-2000,0,2,1,25-Apr-2000
930860400091,3,JHARSUGUDA,JHARSUGUDA,OPEN WILL,05-Nov-2004,05-Nov-2004,0,91,4,05-Nov-2004
930640500034,3,GANJAM,HINJILIKATU,OPEN WILL,01-Dec-2005,01-Dec-2005,0,34,25,01-Dec-2005
931120500009,3,KHORDHA,JATANI,OPEN WILL,21-Sep-2005,21-Sep-2005,0,9,1,21-Sep-2005
930880400001,3,KALAHANDI,BHABANIPATANA,OPEN WILL,05-Jan-2004,05-Jan-2004,0,1,8,05-Jan-2004
930640100033,3,GANJAM,HINJILIKATU,OPEN WILL,21-Dec-2001,21-Dec-2001,0,33,21,21-Dec-2001
931170500049,3,KORAPUT,JAYAPUR,OPEN WILL,12-Aug-2005,12-Aug-2005,0,49,26,12-Aug-2005
930310600074,3,BALANGIR,BALANGIR,OPEN WILL,16-Oct-2006,16-Oct-2006,0,74,3,16-Oct-2006
930390400062,3,KATAKA,KATAKA,OPEN WILL,06-Oct-2004,06-Oct-2004,0,62,111,06-Oct-2004
931700500167,3,SUNDARAGADA,SUNDARAGADA,OPEN WILL,05-Nov-2005,05-Nov-2005,0,167,6,05-Nov-2005
931170600046,3,KORAPUT,JAYAPUR,OPEN WILL,01-Jul-2006,01-Jul-2006,0,46,28,01-Jul-2006
931700500168,3,SUNDARAGADA,SUNDARAGADA,OPEN WILL,05-Nov-2005,05-Nov-2005,0,168,6,05-Nov-2005
931370300028,3,NAYAGADA,NAYAGADA,OPEN WILL,12-Sep-2003,12-Sep-2003,0,28,2,12-Sep-2003
931700400133,3,SUNDARAGADA,SUNDARAGADA,OPEN WILL,11-Oct-2004,11-Oct-2004,0,133,5,11-Oct-2004
930860200076,3,JHARSUGUDA,JHARSUGUDA,OPEN WILL,16-Dec-2002,16-Dec-2002,0,76,3,16-Dec-2002
931480600008,3,PURI,PURI,OPEN WILL,20-Feb-2006,20-Feb-2006,0,8,1,20-Feb-2006
930490600020,3,DEBAGADA,DEBAGADA,OPEN WILL,17-Aug-2006,17-Aug-2006,0,20,1,17-Aug-2006
930860000094,3,JHARSUGUDA,JHARSUGUDA,OPEN WILL,01-Dec-2000,01-Dec-2000,0,94,11,01-Dec-2000
931170100007,3,KORAPUT,JAYAPUR,OPEN WILL,05-Jan-2001,05-Jan-2001,0,7,18,05-Jan-2001
931620400066,3,SAMBALPUR,SAMBALPUR,OPEN WILL,23-Jun-2004,23-Jun-2004,0,66,3,23-Jun-2004
931690100015,3,SUBARNAPUR,RAMPUR,OPEN WILL,16-Nov-2001,16-Nov-2001,0,15,1,16-Nov-2001
930860000040,3,JHARSUGUDA,JHARSUGUDA,OPEN WILL,05-May-2000,05-May-2000,0,40,10,05-May-2000
931080600016,3,KHORDHA,KHORDHA(BBSR),OPEN WILL,28-Jan-2006,28-Jan-2006,0,16,1,28-Jan-2006
930370400032,3,BOUDH,BOUDH,OPEN WILL,01-Jul-2004,01-Jul-2004,0,32,2,01-Jul-2004
931080500109,3,KHORDHA,KHORDHA(BBSR),OPEN WILL,28-Oct-2005,28-Oct-2005,0,109,3,28-Oct-2005
931530400009,3,PURI,PIPILI,OPEN WILL,01-Sep-2004,01-Sep-2004,0,9,1,01-Sep-2004
931620100078,3,SAMBALPUR,SAMBALPUR,OPEN WILL,16-Nov-2001,16-Nov-2001,0,78,18,16-Nov-2001
931080500014,3,KHORDHA,KHORDHA(BBSR),OPEN WILL,03-Feb-2005,03-Feb-2005,0,14,1,03-Feb-2005
930550500011,3,GAJAPATI,PARALAKHEMUNDI,OPEN WILL,15-Mar-2005,15-Mar-2005,0,11,1,15-Mar-2005
930860200009,3,JHARSUGUDA,JHARSUGUDA,OPEN WILL,04-Feb-2002,04-Feb-2002,0,9,1,04-Feb-2002
931700400175,3,SUNDARAGADA,SUNDARAGADA,OPEN WILL,28-Dec-2004,28-Dec-2004,0,175,6,28-Dec-2004
931260400018,3,MAYURBHANJ,MAYURBHANJ,OPEN WILL,09-Feb-2004,09-Feb-2004,0,18,1,09-Feb-2004
931680600019,3,SUBARNAPUR,BINIKA,OPEN WILL,01-Dec-2006,01-Dec-2006,0,19,1,01-Dec-2006
931260600010,3,MAYURBHANJ,MAYURBHANJ,OPEN WILL,01-Feb-2006,01-Feb-2006,0,10,1,01-Feb-2006
931560400001,3,PURI,KANAS,OPEN WILL,15-Oct-2004,15-Oct-2004,0,1,1,15-Oct-2004
930310500096,3,BALANGIR,BALANGIR,OPEN WILL,05-Nov-2005,05-Nov-2005,0,96,4,05-Nov-2005
930500600041,3,DHENKANAL,DHENKANAL,OPEN WILL,30-Dec-2006,30-Dec-2006,0,41,2,30-Dec-2006
930680400003,3,GANJAM,PURUSOTTAMPUR,OPEN WILL,30-Jan-2004,30-Jan-2004,0,3,25,30-Jan-2004
930500400029,3,DHENKANAL,DHENKANAL,OPEN WILL,18-Jun-2004,18-Jun-2004,0,29,1,18-Jun-2004
930630300010,3,GANJAM,DIGAPAHANDI,OPEN WILL,24-Feb-2003,24-Feb-2003,0,10,23,24-Feb-2003
931080500026,3,KHORDHA,KHORDHA(BBSR),OPEN WILL,23-Feb-2005,23-Feb-2005,0,26,1,23-Feb-2005
931000500021,3,KENDUJHAR,KENDUJHAR,OPEN WILL,30-Dec-2005,30-Dec-2005,0,21,1,30-Dec-2005
931140400015,3,KHORDHA,KHORDHA,OPEN WILL,28-Aug-2004,28-Aug-2004,0,15,1,28-Aug-2004
931700400061,3,SUNDARAGADA,SUNDARAGADA,OPEN WILL,08-Jun-2004,08-Jun-2004,0,61,2,08-Jun-2004
930570000035,3,GANJAM,CHHATRAPUR,OPEN WILL,09-Jun-2000,09-Jun-2000,0,35,39,09-Jun-2000
930750400005,3,JAGATSINGHPUR,KUJANGA,OPEN WILL,20-Dec-2004,20-Dec-2004,0,5,1,20-Dec-2004
931700600104,3,SUNDARAGADA,SUNDARAGADA,OPEN WILL,19-May-2006,19-May-2006,0,104,4,19-May-2006
930550400029,3,GAJAPATI,PARALAKHEMUNDI,OPEN WILL,06-Oct-2004,06-Oct-2004,0,29,2,06-Oct-2004
931510600002,3,PURI,KAKATPUR,OPEN WILL,19-Apr-2006,19-Apr-2006,0,2,1,19-Apr-2006
930550000022,3,GAJAPATI,PARALAKHEMUNDI,OPEN WILL,15-Dec-2000,15-Dec-2000,0,22,1,15-Dec-2000
931170200018,3,KORAPUT,JAYAPUR,OPEN WILL,28-May-2002,28-May-2002,0,18,19,28-May-2002
930860300070,3,JHARSUGUDA,JHARSUGUDA,OPEN WILL,15-Dec-2003,15-Dec-2003,0,70,3,15-Dec-2003
931700500132,3,SUNDARAGADA,SUNDARAGADA,OPEN WILL,29-May-2005,29-May-2005,0,132,5,29-May-2005
931170200001,3,KORAPUT,JAYAPUR,OPEN WILL,01-Feb-2002,01-Feb-2002,0,1,17,01-Feb-2002
931200100013,3,KORAPUT,KOTPAD,OPEN WILL,27-Sep-2001,27-Sep-2001,0,13,6,27-Sep-2001
931120100004,3,KHORDHA,JATANI,OPEN WILL,13-Aug-2001,13-Aug-2001,0,4,1,13-Aug-2001
931510400002,3,PURI,KAKATPUR,OPEN WILL,11-Oct-2004,11-Oct-2004,50000,2,1,11-Oct-2004
930390600071,3,KATAKA,KATAKA,OPEN WILL,11-Oct-2006,11-Oct-2006,0,71,3,11-Oct-2006
931260500044,3,MAYURBHANJ,MAYURBHANJ,OPEN WILL,01-Jul-2005,01-Jul-2005,0,44,1,01-Jul-2005
930610500096,3,GANJAM,BRAHMAPUR-I,OPEN WILL,18-Jun-2005,18-Jun-2005,0,96,73,18-Jun-2005
931170200023,3,KORAPUT,JAYAPUR,OPEN WILL,19-Jul-2002,19-Jul-2002,0,23,19,19-Jul-2002
930370300018,3,BOUDH,BOUDH,OPEN WILL,10-Apr-2003,10-Apr-2003,0,18,2,10-Apr-2003
931440200005,3,KANDHAMALA,KANDHAMALA,OPEN WILL,01-May-2002,01-May-2002,0,5,1,01-May-2002
931480500066,3,PURI,PURI,OPEN WILL,30-Dec-2005,30-Dec-2005,0,66,2,30-Dec-2005
931200500055,3,KORAPUT,KOTPAD,OPEN WILL,15-Jul-2005,15-Jul-2005,0,55,13,15-Jul-2005
931670500024,3,SUBARNAPUR,BIRMAHARAJPUR,OPEN WILL,26-Sep-2005,26-Sep-2005,0,24,2,26-Sep-2005
931200400053,3,KORAPUT,KOTPAD,OPEN WILL,30-Nov-2004,30-Nov-2004,0,53,11,30-Nov-2004
930860500041,3,JHARSUGUDA,JHARSUGUDA,OPEN WILL,13-Jun-2005,13-Jun-2005,0,41,2,13-Jun-2005
931700500112,3,SUNDARAGADA,SUNDARAGADA,OPEN WILL,01-Jan-2005,01-Jul-2005,0,112,4,01-Jul-2005
931260300002,3,MAYURBHANJ,MAYURBHANJ,OPEN WILL,28-Jan-2003,28-Jan-2003,0,2,1,28-Jan-2003
930500300037,3,DHENKANAL,DHENKANAL,OPEN WILL,13-Jan-2003,01-Dec-2003,0,37,2,01-Dec-2003
930860600014,3,JHARSUGUDA,JHARSUGUDA,OPEN WILL,15-Feb-2006,15-Feb-2006,0,14,1,15-Feb-2006
930550000015,3,GAJAPATI,PARALAKHEMUNDI,OPEN WILL,19-Jul-2000,19-Jul-2000,0,15,1,19-Jul-2000
930550300042,3,GAJAPATI,PARALAKHEMUNDI,OPEN WILL,17-Oct-2003,17-Oct-2003,0,42,2,17-Oct-2003
930780501279,3,JAJPUR,JAJPUR,OPEN WILL,27-Jun-2005,27-Jun-2005,0,1279,1,27-Jun-2005
931620100042,3,SAMBALPUR,SAMBALPUR,OPEN WILL,28-May-2001,28-May-2001,0,42,17,28-May-2001
930390100025,3,KATAKA,KATAKA,OPEN WILL,26-Mar-2001,26-Mar-2001,0,25,2,26-Mar-2001
931700100071,3,SUNDARAGADA,SUNDARAGADA,OPEN WILL,21-Dec-2001,21-Dec-2001,0,71,3,21-Dec-2001
931260600043,3,MAYURBHANJ,MAYURBHANJ,OPEN WILL,29-May-2006,29-May-2006,0,43,1,29-May-2006
931680600018,3,SUBARNAPUR,BINIKA,OPEN WILL,10-Nov-2006,10-Nov-2006,0,18,1,10-Nov-2006
931260500050,3,MAYURBHANJ,MAYURBHANJ,OPEN WILL,01-Aug-2005,01-Aug-2005,0,50,2,01-Aug-2005
931200500014,3,KORAPUT,KOTPAD,OPEN WILL,15-Mar-2005,15-Mar-2005,0,14,12,15-Mar-2005
930370200036,3,BOUDH,BOUDH,OPEN WILL,06-Nov-2002,06-Nov-2002,0,36,3,06-Nov-2002
930860300031,3,JHARSUGUDA,JHARSUGUDA,OPEN WILL,19-Jun-2003,19-Jun-2003,0,31,2,19-Jun-2003
930880600029,3,KALAHANDI,BHABANIPATANA,OPEN WILL,07-Aug-2006,07-Aug-2006,20000,29,12,07-Aug-2006
931330300027,3,NABARANGPUR,NABARANGPUR,OPEN WILL,25-May-2003,25-May-2003,0,27,12,25-May-2003
930230600018,3,BHADRAK,BHADRAK,OPEN WILL,11-Sep-2006,11-Sep-2006,0,18,2,11-Sep-2006
930860000035,3,JHARSUGUDA,JHARSUGUDA,OPEN WILL,20-Apr-2000,20-Apr-2000,0,35,10,20-Apr-2000
930490100001,3,DEBAGADA,DEBAGADA,OPEN WILL,25-Jan-2001,25-Jan-2001,0,1,1,25-Jan-2001
930390100065,3,KATAKA,KATAKA,OPEN WILL,01-Oct-2001,01-Oct-2001,0,65,2,01-Oct-2001
930310300038,3,BALANGIR,BALANGIR,OPEN WILL,20-May-2003,20-May-2003,0,38,3,20-May-2003
931370500077,3,NAYAGADA,NAYAGADA,OPEN WILL,20-Dec-2005,20-Dec-2005,0,77,02,20-Dec-2005
931450300001,3,KANDHAMALA,BALIGUDA,OPEN WILL,31-Mar-2003,31-Mar-2003,0,1,1,31-Mar-2003
931620600015,3,SAMBALPUR,SAMBALPUR,OPEN WILL,08-Feb-2006,08-Feb-2006,0,15,1,08-Feb-2006
931700300030,3,SUNDARAGADA,SUNDARAGADA,OPEN WILL,06-Mar-2003,06-Mar-2003,0,30,2,06-Mar-2003
931370000008,3,NAYAGADA,NAYAGADA,OPEN WILL,20-May-2000,20-May-2000,0,8,2,20-May-2000
931330500004,3,NABARANGPUR,NABARANGPUR,OPEN WILL,19-Jan-2005,19-Jan-2005,11750,4,15,19-Jan-2005
931690000023,3,SUBARNAPUR,RAMPUR,OPEN WILL,15-Sep-2000,15-Sep-2000,0,23,2,15-Sep-2000
931480400005,3,PURI,PURI,OPEN WILL,20-Jan-2004,20-Jan-2004,0,5,01,20-Jan-2004
931620000030,3,SAMBALPUR,SAMBALPUR,OPEN WILL,05-Apr-2000,05-Apr-2000,0,30,15,05-Apr-2000
930390400042,3,KATAKA,KATAKA,OPEN WILL,15-Jul-2004,15-Jul-2004,0,42,2,15-Jul-2004
931660100029,3,SUBARNAPUR,SONPUR,OPEN WILL,01-Oct-2001,01-Oct-2001,0,29,2,01-Oct-2001
931520400007,3,PURI,NIMAPADA,OPEN WILL,14-May-2004,14-May-2004,0,7,1,14-May-2004
931200500052,3,KORAPUT,KOTPAD,OPEN WILL,15-Jul-2005,15-Jul-2005,0,52,13,15-Jul-2005
930390100057,3,KATAKA,KATAKA,OPEN WILL,18-Aug-2001,18-Aug-2001,0,57,2,18-Aug-2001
931170500029,3,KORAPUT,JAYAPUR,OPEN WILL,29-Apr-2005,29-Apr-2005,0,29,25,29-Apr-2005
930860600044,3,JHARSUGUDA,JHARSUGUDA,OPEN WILL,24-May-2006,24-May-2006,0,44,2,24-May-2006
931620200021,3,SAMBALPUR,SAMBALPUR,OPEN WILL,26-Mar-2002,26-Mar-2002,0,21,19,26-Mar-2002
931260100017,3,MAYURBHANJ,MAYURBHANJ,OPEN WILL,01-Aug-2001,01-Aug-2001,0,17,2,01-Aug-2001
930310200052,3,BALANGIR,BALANGIR,OPEN WILL,23-Aug-2002,23-Aug-2002,0,52,8,23-Aug-2002
931700500185,3,SUNDARAGADA,SUNDARAGADA,OPEN WILL,05-Dec-2005,05-Dec-2005,0,185,6,05-Dec-2005
931260400044,3,MAYURBHANJ,MAYURBHANJ,OPEN WILL,27-Nov-2004,27-Nov-2004,0,44,2,27-Nov-2004
930370600053,3,BOUDH,BOUDH,OPEN WILL,05-Dec-2006,05-Dec-2006,0,53,3,05-Dec-2006
931370500071,3,NAYAGADA,NAYAGADA,OPEN WILL,28-Oct-2005,28-Oct-2005,0,71,2,28-Oct-2005
930860000029,3,JHARSUGUDA,JHARSUGUDA,OPEN WILL,31-Mar-2000,31-Mar-2000,0,29,10,31-Mar-2000
931690000031,3,SUBARNAPUR,RAMPUR,OPEN WILL,01-Dec-2000,01-Dec-2000,0,31,2,01-Dec-2000
930310100041,3,BALANGIR,BALANGIR,OPEN WILL,13-Aug-2001,13-Aug-2001,0,41,,13-Aug-2001
931700000038,3,SUNDARAGADA,SUNDARAGADA,OPEN WILL,06-Sep-2000,07-Sep-2000,0,38,2,07-Sep-2000
931500500003,3,PURI,GOP,OPEN WILL,28-Feb-2005,28-Feb-2005,0,3,1,28-Feb-2005
930860500057,3,JHARSUGUDA,JHARSUGUDA,OPEN WILL,12-Aug-2005,12-Aug-2005,0,57,2,12-Aug-2005
931480600034,3,PURI,PURI,OPEN WILL,13-Jul-2006,13-Jul-2006,0,34,1,13-Jul-2006
931260300025,3,MAYURBHANJ,MAYURBHANJ,OPEN WILL,29-Jul-2003,29-Jul-2003,0,25,1,29-Jul-2003
930550400034,3,GAJAPATI,PARALAKHEMUNDI,OPEN WILL,01-Nov-2004,01-Nov-2004,0,34,2,01-Nov-2004
931700400147,3,SUNDARAGADA,SUNDARAGADA,OPEN WILL,05-Nov-2004,05-Nov-2004,0,147,5,05-Nov-2004
931660600029,3,SUBARNAPUR,SONPUR,OPEN WILL,13-Jun-2006,13-Jun-2006,0,29,2,13-Jun-2006
931700100073,3,SUNDARAGADA,SUNDARAGADA,OPEN WILL,26-Dec-2001,26-Dec-2001,0,73,3,26-Dec-2001
930260100001,3,BHADRAK,BANTA,OPEN WILL,31-Mar-2001,31-Mar-2001,0,1,1,31-Mar-2001
930720500005,3,JAGATSINGHPUR,JAGATSINGHPUR,OPEN WILL,05-Nov-2005,05-Nov-2005,0,5,1,05-Nov-2005
931350400015,3,NABARANGPUR,KODINGA,OPEN WILL,20-Dec-2004,20-Dec-2004,0,15,2,20-Dec-2004
931190500010,3,KORAPUT,KORAPUT,OPEN WILL,28-May-2005,28-May-2005,0,10,1,28-May-2005
931690200003,3,SUBARNAPUR,RAMPUR,OPEN WILL,25-Jan-2002,25-Jan-2002,0,3,1,25-Jan-2002
930860000039,3,JHARSUGUDA,JHARSUGUDA,OPEN WILL,05-May-2000,05-May-2000,0,39,10,05-May-2000
930390400007,3,KATAKA,KATAKA,OPEN WILL,19-Feb-2004,19-Feb-2004,0,7,1,19-Feb-2004
931180600002,3,KORAPUT,BARIGUMA,OPEN WILL,03-Feb-2006,03-Feb-2006,0,2,5,03-Feb-2006
931700600140,3,SUNDARAGADA,SUNDARAGADA,OPEN WILL,15-Jul-2006,15-Jul-2006,0,140,5,15-Jul-2006
931530500007,3,PURI,PIPILI,OPEN WILL,04-Apr-2005,04-Apr-2005,0,7,1,04-Apr-2005
931200200021,3,KORAPUT,KOTPAD,OPEN WILL,06-Nov-2002,06-Nov-2002,0,21,8,06-Nov-2002
930860300006,3,JHARSUGUDA,JHARSUGUDA,OPEN WILL,14-Feb-2003,14-Feb-2003,0,6,1,14-Feb-2003
931700500129,3,SUNDARAGADA,SUNDARAGADA,OPEN WILL,22-Aug-2005,22-Aug-2005,0,129,4,22-Aug-2005
931480000042,3,PURI,PURI,OPEN WILL,01-Aug-2000,01-Aug-2000,0,42,02,01-Aug-2000
931480400026,3,PURI,PURI,OPEN WILL,23-Jul-2004,23-Jul-2004,0,26,2,23-Jul-2004
930370500041,3,BOUDH,BOUDH,OPEN WILL,21-Sep-2005,21-Sep-2005,0,41,3,21-Sep-2005
931260500009,3,MAYURBHANJ,MAYURBHANJ,OPEN WILL,29-Jan-2005,29-Jan-2005,0,9,1,29-Jan-2005
931680100001,3,SUBARNAPUR,BINIKA,OPEN WILL,20-Feb-2001,20-Feb-2001,0,1,1,20-Feb-2001
930860300008,3,JHARSUGUDA,JHARSUGUDA,OPEN WILL,19-Feb-2003,19-Feb-2003,0,8,1,19-Feb-2003
931510100002,3,PURI,KAKATPUR,OPEN WILL,01-Oct-2001,01-Oct-2001,0,2,1,01-Oct-2001
931670300002,3,SUBARNAPUR,BIRMAHARAJPUR,OPEN WILL,15-Jan-2003,15-Jan-2003,0,2,1,15-Jan-2003
931480100016,3,PURI,PURI,OPEN WILL,25-May-2001,25-May-2001,0,16,1,25-May-2001
930310400082,3,BALANGIR,BALANGIR,OPEN WILL,10-Nov-2004,10-Nov-2004,0,82,4,10-Nov-2004
930080200001,3,BALESHWAR,BASTA,OPEN WILL,31-Dec-2002,31-Dec-2002,0,1,1,31-Dec-2002
930310000042,3,BALANGIR,BALANGIR,OPEN WILL,08-Aug-2000,08-Aug-2000,0,42,,08-Aug-2000
931480200031,3,PURI,PURI,OPEN WILL,27-Apr-2002,27-Apr-2002,0,31,02,27-Apr-2002
931170300004,3,KORAPUT,JAYAPUR,OPEN WILL,15-Jan-2003,15-Jan-2003,0,4,20,15-Jan-2003
931190500020,3,KORAPUT,KORAPUT,OPEN WILL,28-Dec-2005,28-Dec-2005,0,20,2,28-Dec-2005
930880600034,3,KALAHANDI,BHABANIPATANA,OPEN WILL,11-Sep-2006,11-Sep-2006,800000,34,12,11-Sep-2006
931480000014,3,PURI,PURI,OPEN WILL,20-Apr-2000,20-Apr-2000,0,14,1,20-Apr-2000
931260400014,3,MAYURBHANJ,MAYURBHANJ,OPEN WILL,28-Jun-2004,28-Jun-2004,0,14,1,28-Jun-2004
930880100034,3,KALAHANDI,BHABANIPATANA,OPEN WILL,15-Jan-2001,15-Jan-2001,70000,34,5,15-Jan-2001
931170500057,3,KORAPUT,JAYAPUR,OPEN WILL,27-Sep-2005,27-Sep-2005,0,57,26,27-Sep-2005
930550500023,3,GAJAPATI,PARALAKHEMUNDI,OPEN WILL,03-Jun-2005,03-Jun-2005,0,23,2,03-Jun-2005
930880200003,3,KALAHANDI,BHABANIPATANA,OPEN WILL,25-Jan-2002,25-Jan-2002,0,3,5,25-Jan-2002
931660000001,3,SUBARNAPUR,SONPUR,OPEN WILL,06-Jan-2000,06-Jan-2000,0,1,1,06-Jan-2000
931370000029,3,NAYAGADA,NAYAGADA,OPEN WILL,21-Nov-2000,21-Nov-2000,0,29,2,21-Nov-2000
931670600014,3,SUBARNAPUR,BIRMAHARAJPUR,OPEN WILL,02-Aug-2006,02-Aug-2006,0,14,1,02-Aug-2006
931670100008,3,SUBARNAPUR,BIRMAHARAJPUR,OPEN WILL,16-Mar-2001,16-Mar-2001,0,8,1,16-Mar-2001
931370300041,3,NAYAGADA,NAYAGADA,OPEN WILL,15-Dec-2003,15-Dec-2003,0,41,2,15-Dec-2003
931200500023,3,KORAPUT,KOTPAD,OPEN WILL,15-Apr-2005,15-Apr-2005,0,23,12,15-Apr-2005
930310500064,3,BALANGIR,BALANGIR,OPEN WILL,01-Jul-2005,01-Jul-2005,0,64,3,01-Jul-2005
931680600012,3,SUBARNAPUR,BINIKA,OPEN WILL,19-May-2006,19-May-2006,0,12,1,19-May-2006
931670100015,3,SUBARNAPUR,BIRMAHARAJPUR,OPEN WILL,04-Jun-2001,04-Jun-2001,0,15,1,04-Jun-2001
930880000009,3,KALAHANDI,BHABANIPATANA,OPEN WILL,20-Apr-2000,20-Apr-2000,19000,9,4,20-Apr-2000
930370100011,3,BOUDH,BOUDH,OPEN WILL,19-Feb-2001,19-Feb-2001,0,11,1,19-Feb-2001
931420500013,3,NUAPADA,NUAPADA,OPEN WILL,01-Jun-2005,01-Jun-2005,0,13,5,01-Jun-2005
931620000067,3,SAMBALPUR,SAMBALPUR,OPEN WILL,18-Aug-2000,18-Aug-2000,0,67,16,18-Aug-2000
931370600015,3,NAYAGADA,NAYAGADA,CANCELLATION OF OPEN WILL,20-Mar-2006,20-Mar-2006,0,15,1,20-Mar-2006
931420300017,3,NUAPADA,NUAPADA,OPEN WILL,15-Dec-2003,15-Dec-2003,0,17,4,15-Dec-2003
930860300016,3,JHARSUGUDA,JHARSUGUDA,OPEN WILL,15-Apr-2003,15-Apr-2003,0,16,1,15-Apr-2003
930930600014,3,KENDRAPADA,KENDRAPADA,OPEN WILL,10-Nov-2006,10-Nov-2006,0,14,1,10-Nov-2006
931410600008,3,NAYAGADA,RANAPUR,OPEN WILL,01-Jun-2006,01-Jun-2006,0,8,1,01-Jun-2006
931690200016,3,SUBARNAPUR,RAMPUR,OPEN WILL,13-Aug-2002,13-Aug-2002,0,16,1,13-Aug-2002
931190600015,3,KORAPUT,KORAPUT,OPEN WILL,13-Jun-2006,13-Jun-2006,0,15,2,13-Jun-2006
931700000039,3,SUNDARAGADA,SUNDARAGADA,OPEN WILL,12-Sep-2000,12-Sep-2000,0,39,2,12-Sep-2000
930400300006,3,KATAKA,ATHAGADA,OPEN WILL,15-Dec-2003,15-Dec-2003,0,6,1,15-Dec-2003
930010400004,3,ANUGOLA,ANUGOLA,OPEN WILL,09-Feb-2004,09-Feb-2004,0,4,1,09-Feb-2004
930930500003,3,KENDRAPADA,KENDRAPADA,OPEN WILL,27-Apr-2005,27-Apr-2005,0,3,01,27-Apr-2005
930390000010,3,KATAKA,KATAKA,OPEN WILL,06-Mar-2000,06-Mar-2000,0,10,1,06-Mar-2000
931190600029,3,KORAPUT,KORAPUT,OPEN WILL,10-Nov-2006,10-Nov-2006,0,29,3,10-Nov-2006
930860000101,3,JHARSUGUDA,JHARSUGUDA,OPEN WILL,15-Dec-2000,15-Dec-2000,0,101,11,15-Dec-2000
931690400005,3,SUBARNAPUR,RAMPUR,OPEN WILL,01-Jun-2004,01-Jun-2004,0,5,1,01-Jun-2004
930860200019,3,JHARSUGUDA,JHARSUGUDA,OPEN WILL,20-Feb-2002,20-Feb-2002,0,19,1,20-Feb-2002
930410600005,3,KATAKA,BANKI,OPEN WILL,28-Dec-2006,28-Dec-2006,80000,5,1,28-Dec-2006
930860400057,3,JHARSUGUDA,JHARSUGUDA,OPEN WILL,23-Jun-2004,23-Jun-2004,0,57,3,23-Jun-2004
930320200013,3,BALANGIR,PATNAGARH,OPEN WILL,15-Apr-2002,15-Apr-2002,50000,13,1,15-Apr-2002
931370600003,3,NAYAGADA,NAYAGADA,OPEN WILL,04-Jan-2006,04-Jan-2006,0,3,1,04-Jan-2006
931690600007,3,SUBARNAPUR,RAMPUR,OPEN WILL,04-Apr-2006,04-Apr-2006,0,7,3,04-Apr-2006
930490000033,3,DEBAGADA,DEBAGADA,OPEN WILL,15-Dec-2000,15-Dec-2000,0,33,2,15-Dec-2000
931700300004,3,SUNDARAGADA,SUNDARAGADA,OPEN WILL,20-Jan-2003,20-Jan-2003,0,4,1,20-Jan-2003
930990200001,3,KENDRAPADA,KANIKA,OPEN WILL,27-Sep-2002,27-Sep-2002,0,1,1,27-Sep-2002
930860100003,3,JHARSUGUDA,JHARSUGUDA,OPEN WILL,10-Jan-2001,10-Jan-2001,0,3,1,10-Jan-2001
931170400033,3,KORAPUT,JAYAPUR,OPEN WILL,01-Nov-2004,01-Nov-2004,0,33,23,01-Nov-2004
930490000004,3,DEBAGADA,DEBAGADA,OPEN WILL,28-Mar-2000,28-Mar-2000,0,4,2,28-Mar-2000
931620000053,3,SAMBALPUR,SAMBALPUR,OPEN WILL,04-Jul-2000,04-Jul-2000,0,53,16,04-Jul-2000
931000500014,3,KENDUJHAR,KENDUJHAR,OPEN WILL,21-Sep-2005,21-Sep-2005,0,14,1,21-Sep-2005
931620600030,3,SAMBALPUR,SAMBALPUR,OPEN WILL,20-Mar-2006,20-Mar-2006,0,30,2,20-Mar-2006
930990000001,3,KENDRAPADA,KANIKA,OPEN WILL,15-Mar-2000,15-Mar-2000,0,1,3,15-Mar-2000
930370500026,3,BOUDH,BOUDH,OPEN WILL,08-Jun-2005,08-Jun-2005,0,26,2,08-Jun-2005
931620600040,3,SAMBALPUR,SAMBALPUR,OPEN WILL,29-Apr-2006,29-Apr-2006,0,40,2,29-Apr-2006
930860000033,3,JHARSUGUDA,JHARSUGUDA,CANCELLATION OF OPEN WILL,10-Apr-2000,10-Apr-2000,0,33,10,10-Apr-2000
930860500071,3,JHARSUGUDA,JHARSUGUDA,OPEN WILL,16-Sep-2005,16-Sep-2005,0,71,3,16-Sep-2005
930260300002,3,BHADRAK,BANTA,OPEN WILL,20-May-2003,20-May-2003,0,2,1,20-May-2003
930060300029,3,BALESHWAR,BALESHWAR,OPEN WILL,01-Dec-2003,01-Dec-2003,0,29,2,01-Dec-2003
931200500031,3,KORAPUT,KOTPAD,OPEN WILL,04-May-2005,04-May-2005,0,31,12,04-May-2005
930310400030,3,BALANGIR,BALANGIR,OPEN WILL,27-Apr-2004,27-Apr-2004,0,30,2,27-Apr-2004
930080600001,3,BALESHWAR,BASTA,OPEN WILL,15-Apr-2006,15-Apr-2006,0,1,1,15-Apr-2006
931700500110,3,SUNDARAGADA,SUNDARAGADA,OPEN WILL,28-Oct-2005,28-Oct-2005,0,110,4,28-Oct-2005
931260500054,3,MAYURBHANJ,MAYURBHANJ,OPEN WILL,16-Sep-2005,16-Sep-2005,0,54,2,16-Sep-2005
930550600026,3,GAJAPATI,PARALAKHEMUNDI,OPEN WILL,19-May-2006,19-May-2006,0,26,1,19-May-2006
931200400004,3,KORAPUT,KOTPAD,OPEN WILL,30-Jan-2004,30-Jan-2004,0,4,9,30-Jan-2004
931170500017,3,KORAPUT,JAYAPUR,OPEN WILL,01-Mar-2005,01-Mar-2005,0,17,25,01-Mar-2005
930450100002,3,KATAKA,NARSINGHPUR,OPEN WILL,24-Jul-2001,24-Jul-2001,60000,2,2,24-Jul-2001
931230600003,3,MALKANGIRI,MALKANAGIRI,OPEN WILL,01-Jan-2006,01-Jan-2006,0,3,0,01-Jan-2006
930550500049,3,GAJAPATI,PARALAKHEMUNDI,OPEN WILL,20-Dec-2005,20-Dec-2005,0,49,3,20-Dec-2005
930390400053,3,KATAKA,KATAKA,OPEN WILL,28-Aug-2004,28-Aug-2004,0,53,111,28-Aug-2004
931170600049,3,KORAPUT,JAYAPUR,OPEN WILL,07-Aug-2006,07-Aug-2006,0,49,28,07-Aug-2006
931660500023,3,SUBARNAPUR,SONPUR,OPEN WILL,18-Jul-2005,18-Jul-2005,0,23,1,18-Jul-2005
931170500011,3,KORAPUT,JAYAPUR,OPEN WILL,18-Feb-2005,18-Feb-2005,0,11,24,18-Feb-2005
930370200046,3,BOUDH,BOUDH,OPEN WILL,26-Dec-2002,26-Dec-2002,0,46,3,26-Dec-2002
931670600006,3,SUBARNAPUR,BIRMAHARAJPUR,OPEN WILL,20-Mar-2006,20-Mar-2006,0,6,1,20-Mar-2006
930860400009,3,JHARSUGUDA,JHARSUGUDA,OPEN WILL,04-Feb-2004,04-Feb-2004,0,9,2,04-Feb-2004
931690200002,3,SUBARNAPUR,RAMPUR,OPEN WILL,25-Jan-2002,25-Jan-2002,0,2,1,25-Jan-2002
931700100016,3,SUNDARAGADA,SUNDARAGADA,OPEN WILL,21-Mar-2001,21-Mar-2001,0,16,2,21-Mar-2001
931660200007,3,SUBARNAPUR,SONPUR,OPEN WILL,06-Mar-2002,06-Mar-2002,0,7,1,06-Mar-2002
931700600095,3,SUNDARAGADA,SUNDARAGADA,OPEN WILL,29-Apr-2006,29-Apr-2006,0,95,4,29-Apr-2006
930390400031,3,KATAKA,KATAKA,OPEN WILL,15-May-2004,15-May-2004,0,31,2,15-May-2004
931240600099,3,MALKANGIRI,MOTU,OPEN WILL,13-Jun-2006,13-Jun-2006,0,99,1,13-Jun-2006
930720300002,3,JAGATSINGHPUR,JAGATSINGHPUR,OPEN WILL,15-Sep-2003,15-Sep-2003,0,2,1,15-Sep-2003
931260600044,3,MAYURBHANJ,MAYURBHANJ,OPEN WILL,29-May-2006,29-May-2006,0,44,1,29-May-2006
931370500002,3,NAYAGADA,NAYAGADA,OPEN WILL,19-Jan-2005,19-Jan-2005,0,2,1,19-Jan-2005
931620300069,3,SAMBALPUR,SAMBALPUR,OPEN WILL,18-Aug-2003,18-Aug-2003,0,69,24,18-Aug-2003
930860400001,3,JHARSUGUDA,JHARSUGUDA,OPEN WILL,05-Jan-2004,05-Jan-2004,0,1,1,05-Jan-2004
930860200018,3,JHARSUGUDA,JHARSUGUDA,OPEN WILL,19-Feb-2002,19-Feb-2002,0,18,1,19-Feb-2002
930310500058,3,BALANGIR,BALANGIR,OPEN WILL,23-Jun-2005,23-Jun-2005,0,58,3,23-Jun-2005
931520400013,3,PURI,NIMAPADA,OPEN WILL,29-Apr-2004,29-Apr-2004,0,13,1,29-Apr-2004
930390200050,3,KATAKA,KATAKA,OPEN WILL,02-Sep-2002,02-Sep-2002,0,50,2,02-Sep-2002
931620300033,3,SAMBALPUR,SAMBALPUR,OPEN WILL,05-May-2003,05-May-2003,0,33,23,05-May-2003
931200200012,3,KORAPUT,KOTPAD,OPEN WILL,10-Apr-2002,10-Apr-2002,0,12,6,10-Apr-2002
930390400065,3,KATAKA,KATAKA,OPEN WILL,11-Oct-2004,11-Oct-2004,0,65,111,11-Oct-2004
930930500008,3,KENDRAPADA,KENDRAPADA,OPEN WILL,18-Jun-2005,18-Jun-2005,0,8,01,18-Jun-2005
930550500002,3,GAJAPATI,PARALAKHEMUNDI,OPEN WILL,29-Jan-2005,29-Jan-2005,0,2,1,29-Jan-2005
931330500029,3,NABARANGPUR,NABARANGPUR,OPEN WILL,29-Apr-2005,29-Apr-2005,9300,29,14,29-Apr-2005
931690000018,3,SUBARNAPUR,RAMPUR,OPEN WILL,27-Jun-2000,27-Jun-2000,0,18,2,27-Jun-2000
931690000016,3,SUBARNAPUR,RAMPUR,OPEN WILL,05-May-2000,05-May-2000,0,16,2,05-May-2000
931680600010,3,SUBARNAPUR,BINIKA,OPEN WILL,19-May-2006,19-May-2006,0,10,1,19-May-2006
930780300003,3,JAJPUR,JAJPUR,OPEN WILL,05-Apr-2003,05-Apr-2003,0,3,2,05-Apr-2003
931400100004,3,NAYAGADA,ODAGAON,OPEN WILL,19-Jul-2001,19-Jul-2001,1,4,1,19-Jul-2001
931670200012,3,SUBARNAPUR,BIRMAHARAJPUR,OPEN WILL,15-Apr-2002,15-Apr-2002,0,12,1,15-Apr-2002
931170000045,3,KORAPUT,JAYAPUR,OPEN WILL,21-Dec-2000,21-Dec-2000,0,45,18,21-Dec-2000
930060300024,3,BALESHWAR,BALESHWAR,OPEN WILL,08-Aug-2003,08-Aug-2003,0,24,1,08-Aug-2003
931700600006,3,SUNDARAGADA,SUNDARAGADA,OPEN WILL,09-Jan-2006,09-Jan-2006,0,6,1,09-Jan-2006
931620300084,3,SAMBALPUR,SAMBALPUR,OPEN WILL,28-Oct-2003,28-Oct-2003,0,84,25,28-Oct-2003
930060300028,3,BALESHWAR,BALESHWAR,OPEN WILL,21-Nov-2003,21-Nov-2003,0,28,2,21-Nov-2003
931330500022,3,NABARANGPUR,NABARANGPUR,OPEN WILL,30-Mar-2005,30-Mar-2005,20000,22,14,30-Mar-2005
930310300089,3,BALANGIR,BALANGIR,OPEN WILL,15-Dec-2003,15-Dec-2003,0,89,4,15-Dec-2003
931170400022,3,KORAPUT,JAYAPUR,OPEN WILL,15-Apr-2004,15-Apr-2004,0,22,22,15-Apr-2004
930880000008,3,KALAHANDI,BHABANIPATANA,OPEN WILL,20-Apr-2000,20-Apr-2000,17000,8,4,20-Apr-2000
931480400046,3,PURI,PURI,OPEN WILL,30-Dec-2004,30-Dec-2004,0,46,2,30-Dec-2004
931000400005,3,KENDUJHAR,KENDUJHAR,OPEN WILL,28-Jul-2004,28-Jul-2004,0,5,4,28-Jul-2004
930880400019,3,KALAHANDI,BHABANIPATANA,OPEN WILL,01-Jun-2004,01-Jun-2004,100000,19,8,01-Jun-2004
931660000006,3,SUBARNAPUR,SONPUR,OPEN WILL,05-Feb-2000,05-Feb-2000,0,6,1,05-Feb-2000
931700300116,3,SUNDARAGADA,SUNDARAGADA,OPEN WILL,06-Nov-2003,06-Nov-2003,0,116,4,06-Nov-2003
931620600062,3,SAMBALPUR,SAMBALPUR,OPEN WILL,01-Jul-2006,01-Jul-2006,0,62,3,01-Jul-2006
930310300050,3,BALANGIR,BALANGIR,OPEN WILL,27-Jun-2003,27-Jun-2003,0,50,3,27-Jun-2003
931700100062,3,SUNDARAGADA,SUNDARAGADA,OPEN WILL,17-Oct-2001,17-Oct-2001,0,62,3,17-Oct-2001
930230600020,3,BHADRAK,BHADRAK,OPEN WILL,26-Sep-2006,26-Sep-2006,0,20,2,26-Sep-2006
930490000012,3,DEBAGADA,DEBAGADA,OPEN WILL,20-May-2000,20-May-2000,0,12,2,20-May-2000
931370200013,3,NAYAGADA,NAYAGADA,OPEN WILL,19-Jun-2002,19-Jun-2002,0,13,1,19-Jun-2002
931170300036,3,KORAPUT,JAYAPUR,OPEN WILL,15-Oct-2003,15-Oct-2003,0,36,21,15-Oct-2003
930390100042,3,KATAKA,KATAKA,OPEN WILL,30-May-2001,30-May-2001,0,42,2,30-May-2001
930380600033,3,BOUDH,KANTAMAL,OPEN WILL,20-Nov-2006,20-Nov-2006,0,33,2,20-Nov-2006
930780501759,3,JAJPUR,JAJPUR,OPEN WILL,16-Sep-2005,16-Sep-2005,0,1759,1,16-Sep-2005
930550400025,3,GAJAPATI,PARALAKHEMUNDI,OPEN WILL,28-Aug-2004,28-Aug-2004,0,25,2,28-Aug-2004
931240600100,3,MALKANGIRI,MOTU,OPEN WILL,13-Jun-2006,13-Jun-2006,0,100,1,13-Jun-2006
931170600050,3,KORAPUT,JAYAPUR,OPEN WILL,07-Aug-2006,07-Aug-2006,0,50,28,07-Aug-2006
931690200019,3,SUBARNAPUR,RAMPUR,OPEN WILL,27-Sep-2002,27-Sep-2002,0,19,1,27-Sep-2002
930490600017,3,DEBAGADA,DEBAGADA,OPEN WILL,18-Jul-2006,18-Jul-2006,0,17,1,18-Jul-2006
930310300039,3,BALANGIR,BALANGIR,OPEN WILL,28-May-2003,28-May-2003,0,39,3,28-May-2003
930880400029,3,KALAHANDI,BHABANIPATANA,OPEN WILL,15-Sep-2004,15-Sep-2004,0,29,9,15-Sep-2004
930880300009,3,KALAHANDI,BHABANIPATANA,OPEN WILL,25-Apr-2003,25-Apr-2003,35000,9,7,25-Apr-2003
931370400014,3,NAYAGADA,NAYAGADA,OPEN WILL,01-Mar-2004,01-Mar-2004,0,14,1,01-Mar-2004
931480400032,3,PURI,PURI,OPEN WILL,01-Sep-2004,01-Sep-2004,0,32,2,01-Sep-2004
930550300029,3,GAJAPATI,PARALAKHEMUNDI,OPEN WILL,19-Jul-2003,19-Jul-2003,0,29,1,19-Jul-2003
931370300005,3,NAYAGADA,NAYAGADA,OPEN WILL,04-Feb-2003,04-Feb-2003,0,5,1,04-Feb-2003
931370500029,3,NAYAGADA,NAYAGADA,OPEN WILL,04-May-2005,04-May-2005,0,29,01,04-May-2005
930370500025,3,BOUDH,BOUDH,OPEN WILL,08-Jun-2005,08-Jun-2005,0,25,2,08-Jun-2005
930390100044,3,KATAKA,KATAKA,OPEN WILL,01-Jun-2001,01-Jun-2001,0,44,2,01-Jun-2001
930390100024,3,KATAKA,KATAKA,OPEN WILL,26-Mar-2001,26-Mar-2001,0,24,2,26-Mar-2001
930860000077,3,JHARSUGUDA,JHARSUGUDA,OPEN WILL,12-Oct-2000,12-Oct-2000,0,77,11,12-Oct-2000
931370400003,3,NAYAGADA,NAYAGADA,OPEN WILL,05-Jan-2004,05-Jan-2004,0,3,1,05-Jan-2004
931620100080,3,SAMBALPUR,SAMBALPUR,OPEN WILL,21-Nov-2001,21-Nov-2001,0,80,18,21-Nov-2001
931480300021,3,PURI,PURI,OPEN WILL,30-May-2003,30-May-2003,0,21,1,30-May-2003
931660500026,3,SUBARNAPUR,SONPUR,OPEN WILL,22-Aug-2005,22-Aug-2005,0,26,2,22-Aug-2005
931230600005,3,MALKANGIRI,MALKANAGIRI,OPEN WILL,01-Jan-2006,01-Jan-2006,0,5,0,01-Jan-2006
931180500022,3,KORAPUT,BARIGUMA,OPEN WILL,13-Jun-2005,13-Jun-2005,0,22,5,13-Jun-2005
930860200084,3,JHARSUGUDA,JHARSUGUDA,OPEN WILL,31-Dec-2002,31-Dec-2002,0,84,3,31-Dec-2002
931260300018,3,MAYURBHANJ,MAYURBHANJ,OPEN WILL,24-Jun-2003,24-Jun-2003,0,18,1,24-Jun-2003
931620600109,3,SAMBALPUR,SAMBALPUR,OPEN WILL,15-Oct-2006,15-Oct-2006,0,109,4,15-Oct-2006
931700300001,3,SUNDARAGADA,SUNDARAGADA,OPEN WILL,10-Jan-2003,10-Jan-2003,0,1,1,10-Jan-2003
930370100010,3,BOUDH,BOUDH,OPEN WILL,19-Feb-2001,19-Feb-2001,0,10,1,19-Feb-2001
930500600042,3,DHENKANAL,DHENKANAL,OPEN WILL,30-Dec-2006,30-Dec-2006,0,42,2,30-Dec-2006
930310300079,3,BALANGIR,BALANGIR,OPEN WILL,17-Oct-2003,17-Oct-2003,0,79,4,17-Oct-2003
931170200009,3,KORAPUT,JAYAPUR,OPEN WILL,26-Mar-2002,26-Mar-2002,0,9,19,26-Mar-2002
931620400088,3,SAMBALPUR,SAMBALPUR,OPEN WILL,28-Aug-2004,28-Aug-2004,0,88,3,28-Aug-2004
931200600054,3,KORAPUT,KOTPAD,OPEN WILL,21-Sep-2006,21-Sep-2006,0,54,15,21-Sep-2006
931620400024,3,SAMBALPUR,SAMBALPUR,OPEN WILL,10-Mar-2004,10-Mar-2004,0,24,1,10-Mar-2004
931420200001,3,NUAPADA,NUAPADA,OPEN WILL,01-Jan-2002,01-Jan-2002,0,1,3,01-Jan-2002
930310400084,3,BALANGIR,BALANGIR,OPEN WILL,30-Nov-2004,30-Nov-2004,0,84,4,30-Nov-2004
931230100005,3,MALKANGIRI,MALKANAGIRI,OPEN WILL,28-Mar-2001,28-Mar-2001,0,5,1,28-Mar-2001
931320500013,3,MAYURBHANJ,RASAGOBINDAPUR,OPEN WILL,26-Sep-2005,26-Sep-2005,0,13,1,26-Sep-2005
931170100017,3,KORAPUT,JAYAPUR,OPEN WILL,25-Apr-2001,25-Apr-2001,0,17,18,25-Apr-2001
931660600004,3,SUBARNAPUR,SONPUR,CANCELLATION OF OPEN WILL,08-Feb-2006,08-Feb-2006,0,4,1,08-Feb-2006
931330500054,3,NABARANGPUR,NABARANGPUR,OPEN WILL,16-Sep-2005,16-Sep-2005,41400,54,15,16-Sep-2005
930860500031,3,JHARSUGUDA,JHARSUGUDA,OPEN WILL,29-Apr-2005,29-Apr-2005,0,31,2,29-Apr-2005
930860000097,3,JHARSUGUDA,JHARSUGUDA,OPEN WILL,11-Dec-2000,11-Dec-2000,0,97,11,11-Dec-2000
931700200054,3,SUNDARAGADA,SUNDARAGADA,OPEN WILL,01-Aug-2002,01-Aug-2002,0,54,2,01-Aug-2002
931620600093,3,SAMBALPUR,SAMBALPUR,OPEN WILL,21-Sep-2006,21-Sep-2006,0,93,4,21-Sep-2006
930380200008,3,BOUDH,KANTAMAL,OPEN WILL,30-Apr-2002,30-Apr-2002,0,8,1,30-Apr-2002
931660300030,3,SUBARNAPUR,SONPUR,OPEN WILL,01-Nov-2003,01-Nov-2003,0,30,2,01-Nov-2003
931700500044,3,SUNDARAGADA,SUNDARAGADA,OPEN WILL,28-Mar-2005,28-Mar-2005,0,44,2,28-Mar-2005
930390100041,3,KATAKA,KATAKA,OPEN WILL,30-May-2001,30-May-2001,0,41,2,30-May-2001
930310000041,3,BALANGIR,BALANGIR,OPEN WILL,28-Jul-2000,28-Jul-2000,0,41,3,28-Jul-2000
931700400083,3,SUNDARAGADA,SUNDARAGADA,OPEN WILL,08-Jul-2004,08-Jul-2004,0,83,3,08-Jul-2004
930550200018,3,GAJAPATI,PARALAKHEMUNDI,OPEN WILL,01-Jan-2002,01-Jan-2002,0,18,1,01-Jan-2002
930310400035,3,BALANGIR,BALANGIR,CANCELLATION OF OPEN WILL,14-May-2004,14-May-2004,0,35,2,14-May-2004
931660400027,3,SUBARNAPUR,SONPUR,OPEN WILL,08-Jun-2004,08-Jun-2004,0,27,2,08-Jun-2004
931700500150,3,SUNDARAGADA,SUNDARAGADA,OPEN WILL,26-Sep-2005,26-Sep-2005,0,150,5,26-Sep-2005
931180100007,3,KORAPUT,BARIGUMA,OPEN WILL,25-Apr-2001,25-Apr-2001,0,7,3,25-Apr-2001
931700600176,3,SUNDARAGADA,SUNDARAGADA,OPEN WILL,27-Sep-2006,27-Sep-2006,0,176,6,27-Sep-2006
930390100029,3,KATAKA,KATAKA,OPEN WILL,27-Apr-2001,27-Apr-2001,0,29,2,27-Apr-2001
930550000009,3,GAJAPATI,PARALAKHEMUNDI,OPEN WILL,01-Jan-2000,01-Jan-2000,0,9,1,01-Jan-2000
930370200002,3,BOUDH,BOUDH,CANCELLATION OF OPEN WILL,04-Feb-2002,04-Feb-2002,0,2,1,04-Feb-2002
930550300026,3,GAJAPATI,PARALAKHEMUNDI,OPEN WILL,15-Jul-2003,15-Jul-2003,0,26,1,15-Jul-2003
930880500030,3,KALAHANDI,BHABANIPATANA,OPEN WILL,13-Jun-2005,13-Jun-2005,41000,30,10,13-Jun-2005
930490600010,3,DEBAGADA,DEBAGADA,OPEN WILL,01-May-2006,01-May-2006,0,10,1,01-May-2006
930500200016,3,DHENKANAL,DHENKANAL,OPEN WILL,24-Jun-2002,24-Jun-2002,50000,16,1,24-Jun-2002
931700000026,3,SUNDARAGADA,SUNDARAGADA,OPEN WILL,01-Jun-2000,01-Jun-2000,0,26,1,01-Jun-2000
931620500071,3,SAMBALPUR,SAMBALPUR,OPEN WILL,02-Aug-2005,02-Aug-2005,0,71,3,02-Aug-2005
931170100020,3,KORAPUT,JAYAPUR,CANCELLATION OF OPEN WILL,25-Apr-2001,25-Apr-2001,0,20,18,25-Apr-2001
930380200012,3,BOUDH,KANTAMAL,OPEN WILL,14-Jun-2002,14-Jun-2002,0,12,2,14-Jun-2002
931200400046,3,KORAPUT,KOTPAD,OPEN WILL,01-Nov-2004,01-Nov-2004,0,46,11,01-Nov-2004
930310100025,3,BALANGIR,BALANGIR,OPEN WILL,28-Mar-2001,28-Mar-2001,0,25,1,28-Mar-2001
931670400025,3,SUBARNAPUR,BIRMAHARAJPUR,OPEN WILL,26-Oct-2004,26-Oct-2004,0,25,1,26-Oct-2004
930310500043,3,BALANGIR,BALANGIR,OPEN WILL,04-May-2005,04-May-2005,0,43,2,04-May-2005
930460500009,3,KATAKA,NIALI,OPEN WILL,27-Sep-2005,27-Sep-2005,50000,9,1,27-Sep-2005
931170400063,3,KORAPUT,JAYAPUR,OPEN WILL,01-Oct-2004,01-Oct-2004,0,63,65,01-Oct-2004
931480300048,3,PURI,PURI,OPEN WILL,01-Dec-2003,01-Dec-2003,0,48,2,01-Dec-2003
931700300032,3,SUNDARAGADA,SUNDARAGADA,OPEN WILL,06-Mar-2003,06-Mar-2003,0,32,2,06-Mar-2003
931170100022,3,KORAPUT,JAYAPUR,OPEN WILL,25-Apr-2001,25-Apr-2001,0,22,18,25-Apr-2001
931200600052,3,KORAPUT,KOTPAD,OPEN WILL,06-Sep-2006,06-Sep-2006,0,52,15,06-Sep-2006
931530200002,3,PURI,PIPILI,OPEN WILL,30-Jan-2002,30-Jan-2002,0,2,1,30-Jan-2002
930880100015,3,KALAHANDI,BHABANIPATANA,OPEN WILL,15-May-2001,15-May-2001,0,15,5,15-May-2001
931580000021,3,RAYAGADA,RAYAGADA,OPEN WILL,01-Jan-2000,01-Jan-2000,0,21,6,01-Jan-2000
931700600065,3,SUNDARAGADA,SUNDARAGADA,OPEN WILL,28-Mar-2006,28-Mar-2006,0,65,3,28-Mar-2006
931200300013,3,KORAPUT,KOTPAD,OPEN WILL,25-Apr-2003,25-Apr-2003,0,13,8,25-Apr-2003
931480400030,3,PURI,PURI,OPEN WILL,07-Aug-2004,07-Aug-2004,0,30,2,07-Aug-2004
931170200005,3,KORAPUT,JAYAPUR,OPEN WILL,14-Jul-2002,14-Jul-2002,0,5,19,14-Jul-2002
931670300018,3,SUBARNAPUR,BIRMAHARAJPUR,OPEN WILL,04-Jun-2003,04-Jun-2003,0,18,1,04-Jun-2003
931670500016,3,SUBARNAPUR,BIRMAHARAJPUR,OPEN WILL,13-Jun-2005,13-Jun-2005,0,16,2,13-Jun-2005
931420500017,3,NUAPADA,NUAPADA,OPEN WILL,18-Jul-2005,18-Jul-2005,0,17,5,18-Jul-2005
931200000028,3,KORAPUT,KOTPAD,OPEN WILL,22-Sep-2000,22-Sep-2000,0,28,6,22-Sep-2000
931260200006,3,MAYURBHANJ,MAYURBHANJ,OPEN WILL,25-Jan-2002,25-Jan-2002,0,6,1,25-Jan-2002
931700400007,3,SUNDARAGADA,SUNDARAGADA,OPEN WILL,20-Jan-2004,20-Jan-2004,0,7,1,20-Jan-2004
931680200005,3,SUBARNAPUR,BINIKA,OPEN WILL,15-Mar-2002,15-Mar-2002,0,5,1,15-Mar-2002
931700600168,3,SUNDARAGADA,SUNDARAGADA,OPEN WILL,15-Sep-2006,15-Sep-2006,0,168,6,15-Sep-2006
931330500057,3,NABARANGPUR,NABARANGPUR,OPEN WILL,28-Oct-2005,28-Oct-2005,7200,57,15,28-Oct-2005
931700500104,3,SUNDARAGADA,SUNDARAGADA,OPEN WILL,27-Jun-2005,27-Jun-2005,0,104,4,27-Jun-2005
931260600099,3,MAYURBHANJ,MAYURBHANJ,OPEN WILL,20-Nov-2006,20-Nov-2006,0,99,3,20-Nov-2006
931350200007,3,NABARANGPUR,KODINGA,OPEN WILL,15-May-2002,15-May-2002,0,7,1,15-May-2002
930860300019,3,JHARSUGUDA,JHARSUGUDA,OPEN WILL,05-May-2003,05-May-2003,0,19,1,05-May-2003
930430500005,3,KATAKA,JAGATPUR,OPEN WILL,15-Mar-2005,15-Mar-2005,0,5,1,15-Mar-2005
930310200071,3,BALANGIR,BALANGIR,OPEN WILL,26-Nov-2002,26-Nov-2002,0,71,3,26-Nov-2002
931410100008,3,NAYAGADA,RANAPUR,OPEN WILL,13-Aug-2001,13-Aug-2001,0,8,1,13-Aug-2001
930500400010,3,DHENKANAL,DHENKANAL,OPEN WILL,24-Apr-2004,24-Apr-2004,0,10,1,24-Apr-2004
931260300034,3,MAYURBHANJ,MAYURBHANJ,OPEN WILL,06-Dec-2003,06-Dec-2003,0,34,2,06-Dec-2003
931180000002,3,KORAPUT,BARIGUMA,OPEN WILL,20-Apr-2000,20-Apr-2000,0,2,3,20-Apr-2000
930860300045,3,JHARSUGUDA,JHARSUGUDA,OPEN WILL,15-Sep-2003,15-Sep-2003,0,45,2,15-Sep-2003
931230500003,3,MALKANGIRI,MALKANAGIRI,OPEN WILL,10-Mar-2005,10-Mar-2005,0,3,0,10-Mar-2005
930780200001,3,JAJPUR,JAJPUR,OPEN WILL,01-Jan-2002,05-Jan-2002,0,1,1,05-Jan-2002
931200500009,3,KORAPUT,KOTPAD,OPEN WILL,01-Feb-2005,01-Feb-2005,0,9,11,01-Feb-2005
931620100014,3,SAMBALPUR,SAMBALPUR,OPEN WILL,21-Mar-2001,21-Mar-2001,0,14,17,21-Mar-2001
930470300005,3,KATAKA,SALEPUR,OPEN WILL,27-Oct-2003,27-Oct-2003,0,5,1,27-Oct-2003
930310600027,3,BALANGIR,BALANGIR,OPEN WILL,10-Mar-2006,10-Mar-2006,0,27,2,10-Mar-2006
930390100043,3,KATAKA,KATAKA,OPEN WILL,01-Jun-2001,01-Jun-2001,0,43,2,01-Jun-2001
931530400008,3,PURI,PIPILI,OPEN WILL,27-Aug-2004,27-Aug-2004,0,8,1,27-Aug-2004
931170400018,3,KORAPUT,JAYAPUR,CANCELLATION OF OPEN WILL,30-Mar-2004,30-Mar-2004,0,18,22,30-Mar-2004
930880000013,3,KALAHANDI,BHABANIPATANA,OPEN WILL,30-May-2000,30-May-2000,0,13,4,30-May-2000
930370000016,3,BOUDH,BOUDH,OPEN WILL,19-Jun-2000,19-Jun-2000,0,16,1,19-Jun-2000
931170400076,3,KORAPUT,JAYAPUR,OPEN WILL,15-Dec-2004,15-Dec-2004,0,76,24,15-Dec-2004
930500500028,3,DHENKANAL,DHENKANAL,OPEN WILL,28-Oct-2005,28-Oct-2005,0,28,1,28-Oct-2005
931700000015,3,SUNDARAGADA,SUNDARAGADA,OPEN WILL,10-Apr-2000,10-Apr-2000,0,15,1,10-Apr-2000
930860000076,3,JHARSUGUDA,JHARSUGUDA,OPEN WILL,12-Oct-2000,12-Oct-2000,0,76,11,12-Oct-2000
931620600076,3,SAMBALPUR,SAMBALPUR,OPEN WILL,01-Aug-2006,01-Aug-2006,0,76,3,01-Aug-2006
930860500099,3,JHARSUGUDA,JHARSUGUDA,OPEN WILL,30-Nov-2005,30-Nov-2005,0,99,3,30-Nov-2005
930860400053,3,JHARSUGUDA,JHARSUGUDA,OPEN WILL,18-Jun-2004,18-Jun-2004,0,53,3,18-Jun-2004
930880600046,3,KALAHANDI,BHABANIPATANA,OPEN WILL,05-Dec-2006,05-Dec-2006,1155000,46,12,05-Dec-2006
930060300026,3,BALESHWAR,BALESHWAR,OPEN WILL,17-Oct-2003,17-Oct-2003,0,26,2,17-Oct-2003
931480000017,3,PURI,PURI,OPEN WILL,05-May-2000,05-May-2000,0,17,1,05-May-2000
941580000049,4,RAYAGADA,RAYAGADA,GENERAL POA WITHOUT PROPERTY,05-Feb-2000,05-Feb-2000,0,49,31,05-Feb-2000
940860200082,4,JHARSUGUDA,JHARSUGUDA,GENERAL POA WITHOUT PROPERTY,16-Dec-2002,16-Dec-2002,0,82,3,16-Dec-2002
940460200061,4,KATAKA,NIALI,ADOPTION,01-Nov-2002,01-Nov-2002,0,61,3,01-Nov-2002
941480200220,4,PURI,PURI,GENERAL POA WITHOUT PROPERTY,10-May-2002,10-May-2002,0,220,6,10-May-2002
941190600039,4,KORAPUT,KORAPUT,GENERAL POA WITHOUT PROPERTY,05-Dec-2006,05-Dec-2006,0,39,1,05-Dec-2006
941520500007,4,PURI,NIMAPADA,ADOPTION,23-Feb-2005,23-Feb-2005,0,7,1,23-Feb-2005
940390100184,4,KATAKA,KATAKA,GENERAL AGREEMENT,28-Mar-2001,28-Mar-2001,50000,184,6,28-Mar-2001
940820600016,4,JAJPUR,DOLIPUR,GENERAL POA WITHOUT PROPERTY,01-Mar-2006,01-Mar-2006,0,16,1,01-Mar-2006
940390200194,4,KATAKA,KATAKA,TRUST,16-Mar-2002,16-Mar-2002,1000,194,6,16-Mar-2002
940410100039,4,KATAKA,BANKI,ADOPTION,15-Oct-2001,15-Oct-2001,0,39,2,15-Oct-2001
941540100018,4,PURI,SATYABADI,GENERAL POA WITHOUT PROPERTY,30-Apr-2001,30-Apr-2001,0,18,1,30-Apr-2001
941480600673,4,PURI,PURI,GENERAL POA WITHOUT PROPERTY,05-Dec-2006,05-Dec-2006,0,673,24,05-Dec-2006
941480500597,4,PURI,PURI,GENERAL POA WITHOUT PROPERTY,31-Oct-2005,31-Oct-2005,0,597,21,31-Oct-2005
941670000020,4,SUBARNAPUR,BIRMAHARAJPUR,ADOPTION,11-Dec-2000,11-Dec-2000,0,20,1,11-Dec-2000
941480000142,4,PURI,PURI,GENERAL POA WITHOUT PROPERTY,25-Apr-2000,25-Apr-2000,0,142,4,25-Apr-2000
940390300305,4,KATAKA,KATAKA,GENERAL AGREEMENT,27-Jun-2003,27-Jun-2003,240000,305,16,27-Jun-2003
941179900054,4,KORAPUT,JAYAPUR,GENERAL POA WITHOUT PROPERTY,05-Feb-2000,05-Feb-2000,0,54,92,05-Feb-2000
940430500103,4,KATAKA,JAGATPUR,GENERAL POA WITHOUT PROPERTY,26-Sep-2005,26-Sep-2005,0,103,5,26-Sep-2005
941480500442,4,PURI,PURI,GENERAL POA WITHOUT PROPERTY,02-Aug-2005,02-Aug-2005,0,442,15,02-Aug-2005
941480300418,4,PURI,PURI,GENERAL POA WITHOUT PROPERTY,28-Oct-2003,28-Oct-2003,0,418,16,28-Oct-2003
941620500257,4,SAMBALPUR,SAMBALPUR,GENERAL POA WITHOUT PROPERTY,21-Oct-2005,21-Oct-2005,0,257,11,21-Oct-2005
940240500012,4,BHADRAK,BASUDEVPUR,GENERAL POA WITHOUT PROPERTY,02-Aug-2005,02-Aug-2005,0,12,1,02-Aug-2005
940390400515,4,KATAKA,KATAKA,GENERAL POA WITHOUT PROPERTY,21-Sep-2004,21-Sep-2004,0,515,25,21-Sep-2004
940820500067,4,JAJPUR,DOLIPUR,GENERAL POA WITHOUT PROPERTY,28-Oct-2005,28-Oct-2005,0,67,3,28-Oct-2005
940970000012,4,KENDRAPADA,PATTAMUNDAI,ADOPTION,28-Jul-2000,28-Jul-2000,0,12,1,28-Jul-2000
940860100070,4,JHARSUGUDA,JHARSUGUDA,GENERAL POA WITHOUT PROPERTY,28-Aug-2001,28-Aug-2001,0,70,2,28-Aug-2001
941620600028,4,SAMBALPUR,SAMBALPUR,GENERAL POA WITHOUT PROPERTY,19-Jan-2006,19-Jan-2006,0,28,2,19-Jan-2006
941520300038,4,PURI,NIMAPADA,GENERAL POA WITHOUT PROPERTY,07-Oct-2003,07-Oct-2003,0,38,2,07-Oct-2003
941190200004,4,KORAPUT,KORAPUT,GENERAL POA WITHOUT PROPERTY,14-Feb-2002,14-Feb-2002,0,4,0,14-Feb-2002
940550500069,4,GAJAPATI,PARALAKHEMUNDI,GENERAL POA WITHOUT PROPERTY,30-Dec-2005,30-Dec-2005,0,69,3,30-Dec-2005
941480500655,4,PURI,PURI,GENERAL POA WITHOUT PROPERTY,05-Dec-2005,05-Dec-2005,0,655,22,05-Dec-2005
941620600398,4,SAMBALPUR,SAMBALPUR,GENERAL POA WITHOUT PROPERTY,20-Dec-2006,20-Dec-2006,0,398,17,20-Dec-2006
940390500002,4,KATAKA,KATAKA,GENERAL POA WITHOUT PROPERTY,01-Jan-2005,01-Jan-2005,0,2,1,01-Jan-2005
940820500093,4,JAJPUR,DOLIPUR,GENERAL POA WITHOUT PROPERTY,28-Dec-2005,28-Dec-2005,0,93,3,28-Dec-2005
941560500002,4,PURI,KANAS,ADOPTION,14-Jan-2005,14-Jan-2005,0,2,1,14-Jan-2005
941490400010,4,PURI,BRAHMAGIRI,GENERAL AGREEMENT,04-Feb-2004,04-Feb-2004,30000,10,1,04-Feb-2004
941620400009,4,SAMBALPUR,SAMBALPUR,GENERAL POA WITHOUT PROPERTY,01-Jan-2004,01-Jan-2004,0,9,1,01-Jan-2004
940390500467,4,KATAKA,KATAKA,GENERAL AGREEMENT,28-May-2005,28-May-2005,100000,467,23,28-May-2005
940940000010,4,KENDRAPADA,AALI,ADOPTION,04-Jul-2000,04-Jul-2000,0,10,1,04-Jul-2000
940390100540,4,KATAKA,KATAKA,GENERAL POA WITHOUT PROPERTY,22-Sep-2001,22-Sep-2001,0,540,14,22-Sep-2001
940060400111,4,BALESHWAR,BALESHWAR,GENERAL POA WITHOUT PROPERTY,08-Jun-2004,08-Jun-2004,4800,111,6,08-Jun-2004
940390000493,4,KATAKA,KATAKA,GENERAL POA WITHOUT PROPERTY,27-Oct-2000,27-Oct-2000,0,493,13,27-Oct-2000
940390200337,4,KATAKA,KATAKA,GENERAL AGREEMENT,10-May-2002,10-May-2002,160000,337,10,10-May-2002
941490600020,4,PURI,BRAHMAGIRI,GENERAL POA WITHOUT PROPERTY,28-Jul-2006,28-Jul-2006,0,20,1,28-Jul-2006
940390000569,4,KATAKA,KATAKA,GENERAL POA WITHOUT PROPERTY,21-Dec-2000,21-Dec-2000,0,569,15,21-Dec-2000
941000300003,4,KENDUJHAR,KENDUJHAR,GENERAL POA WITHOUT PROPERTY,01-Feb-2003,01-Feb-2003,0,3,1,01-Feb-2003
941550200005,4,PURI,DELANGA,GENERAL POA WITHOUT PROPERTY,04-Jun-2002,04-Jun-2002,0,5,1,04-Jun-2002
941620600389,4,SAMBALPUR,SAMBALPUR,GENERAL POA WITHOUT PROPERTY,15-Dec-2006,15-Dec-2006,0,389,17,15-Dec-2006
941620400175,4,SAMBALPUR,SAMBALPUR,GENERAL POA WITHOUT PROPERTY,13-Jul-2004,13-Jul-2004,0,175,8,13-Jul-2004
941620600148,4,SAMBALPUR,SAMBALPUR,GENERAL POA WITHOUT PROPERTY,27-Apr-2006,27-Apr-2006,0,148,7,27-Apr-2006
941620100104,4,SAMBALPUR,SAMBALPUR,GENERAL POA WITHOUT PROPERTY,24-Jul-2001,24-Jul-2001,0,104,34,24-Jul-2001
940390200696,4,KATAKA,KATAKA,GENERAL POA WITHOUT PROPERTY,21-Dec-2002,21-Dec-2002,1,696,24,21-Dec-2002
941620400197,4,SAMBALPUR,SAMBALPUR,GENERAL POA WITHOUT PROPERTY,02-Aug-2004,02-Aug-2004,0,197,9,02-Aug-2004
941000500069,4,KENDUJHAR,KENDUJHAR,GENERAL POA WITHOUT PROPERTY,27-Sep-2005,27-Sep-2005,0,69,3,27-Sep-2005
940810300048,4,JAJPUR,DHARMASHALA,GENERAL POA WITHOUT PROPERTY,15-Dec-2003,15-Dec-2003,0,48,3,15-Dec-2003
941330600010,4,NABARANGPUR,NABARANGPUR,GENERAL POA WITHOUT PROPERTY,08-Feb-2006,08-Feb-2006,51700,10,20,08-Feb-2006
940860500180,4,JHARSUGUDA,JHARSUGUDA,GENERAL POA WITHOUT PROPERTY,05-Dec-2005,05-Dec-2005,0,180,7,05-Dec-2005
940830600005,4,JAJPUR,MANSADA,GENERAL POA WITHOUT PROPERTY,15-May-2006,15-May-2006,0,5,1,15-May-2006
941190400031,4,KORAPUT,KORAPUT,GENERAL POA WITHOUT PROPERTY,15-Dec-2004,15-Dec-2004,0,31,252,15-Dec-2004
940390100173,4,KATAKA,KATAKA,GENERAL POA WITHOUT PROPERTY,26-Mar-2001,26-Mar-2001,0,173,6,26-Mar-2001
940270100010,4,BHADRAK,CHANDBALI,GENERAL POA WITHOUT PROPERTY,31-Mar-2001,31-Mar-2001,0,10,2,31-Mar-2001
941680300005,4,SUBARNAPUR,BINIKA,GENERAL POA WITHOUT PROPERTY,21-Mar-2003,21-Mar-2003,0,5,1,21-Mar-2003
941260100003,4,MAYURBHANJ,MAYURBHANJ,GENERAL POA WITHOUT PROPERTY,30-Jan-2001,30-Jan-2001,0,3,2,30-Jan-2001
940390500818,4,KATAKA,KATAKA,CANCELLATION OF POA,15-Oct-2005,15-Oct-2005,0,818,40,15-Oct-2005
940730200022,4,JAGATSINGHPUR,BALIKUDA,ADOPTION,01-Oct-2002,01-Oct-2002,0,22,1,01-Oct-2002
940390300280,4,KATAKA,KATAKA,GENERAL POA WITHOUT PROPERTY,04-Jun-2003,04-Jun-2003,0,280,14,04-Jun-2003
940390500591,4,KATAKA,KATAKA,GENERAL POA WITHOUT PROPERTY,18-Jul-2005,18-Jul-2005,0,591,28,18-Jul-2005
941000600053,4,KENDUJHAR,KENDUJHAR,GENERAL POA WITHOUT PROPERTY,29-May-2006,29-May-2006,0,53,4,29-May-2006
941540000015,4,PURI,SATYABADI,ADOPTION,15-Jul-2000,15-Jul-2000,0,15,1,15-Jul-2000
941520600033,4,PURI,NIMAPADA,ADOPTION,15-Dec-2006,15-Dec-2006,0,33,2,15-Dec-2006
940060000050,4,BALESHWAR,BALESHWAR,GENERAL POA WITHOUT PROPERTY,31-Mar-2000,31-Mar-2000,0,50,2,31-Mar-2000
941620500287,4,SAMBALPUR,SAMBALPUR,GENERAL POA WITHOUT PROPERTY,10-Nov-2005,10-Nov-2005,0,287,12,10-Nov-2005
940390000373,4,KATAKA,KATAKA,GENERAL POA WITHOUT PROPERTY,28-Jul-2000,28-Jul-2000,0,373,10,28-Jul-2000
941510400003,4,PURI,KAKATPUR,ADOPTION,20-Jan-2004,20-Jan-2004,0,3,1,20-Jan-2004
940400300022,4,KATAKA,ATHAGADA,GENERAL POA WITHOUT PROPERTY,15-Dec-2003,15-Dec-2003,0,22,1,15-Dec-2003
941530600069,4,PURI,PIPILI,GENERAL POA WITHOUT PROPERTY,06-Sep-2006,06-Sep-2006,0,69,3,06-Sep-2006
941480200435,4,PURI,PURI,ADOPTION,28-Dec-2002,28-Dec-2002,0,435,13,28-Dec-2002
941540000029,4,PURI,SATYABADI,GENERAL POA WITHOUT PROPERTY,26-Dec-2000,26-Dec-2000,0,29,1,26-Dec-2000
940390000232,4,KATAKA,KATAKA,CANCELLATION OF POA,05-May-2000,05-May-2000,0,232,7,05-May-2000
941420200010,4,NUAPADA,NUAPADA,CANCELLATION OF ADOPTION,05-Apr-2002,05-Apr-2002,0,10,4,05-Apr-2002
940060500113,4,BALESHWAR,BALESHWAR,GENERAL POA WITHOUT PROPERTY,27-Jun-2005,27-Jun-2005,2000,113,5,27-Jun-2005
941480500178,4,PURI,PURI,CANCELLATION OF POA,28-Mar-2005,28-Mar-2005,0,178,7,28-Mar-2005
940390100463,4,KATAKA,KATAKA,ADOPTION,18-Aug-2001,18-Aug-2001,0,463,13,18-Aug-2001
941170500065,4,KORAPUT,JAYAPUR,GENERAL POA WITHOUT PROPERTY,01-Jun-2005,01-Jun-2005,0,65,106,01-Jun-2005
940270300005,4,BHADRAK,CHANDBALI,GENERAL POA WITHOUT PROPERTY,27-Jun-2003,27-Jun-2003,0,5,01,27-Jun-2003
941170200018,4,KORAPUT,JAYAPUR,GENERAL POA WITHOUT PROPERTY,16-Mar-2002,16-Mar-2002,0,18,96,16-Mar-2002
941260200045,4,MAYURBHANJ,MAYURBHANJ,POA WITHOUT POSSESSION,25-Apr-2002,25-Apr-2002,0,45,2,25-Apr-2002
940860600223,4,JHARSUGUDA,JHARSUGUDA,GENERAL POA WITHOUT PROPERTY,30-Dec-2006,30-Dec-2006,0,223,8,30-Dec-2006
940310500053,4,BALANGIR,BALANGIR,GENERAL POA WITHOUT PROPERTY,21-Oct-2005,21-Oct-2005,0,53,2,21-Oct-2005
941540000024,4,PURI,SATYABADI,ADOPTION,17-Oct-2000,17-Oct-2000,0,24,1,17-Oct-2000
940750400006,4,JAGATSINGHPUR,KUJANGA,ADOPTION,15-Mar-2004,15-Mar-2004,0,6,1,15-Mar-2004
941530200016,4,PURI,PIPILI,GENERAL POA WITHOUT PROPERTY,15-Feb-2002,15-Feb-2002,0,16,1,15-Feb-2002
940110400010,4,BALESHWAR,KHAIRA,DIVORCE WITHOUT PROPERTY,26-Oct-2004,26-Oct-2004,0,10,1,26-Oct-2004
940500500053,4,DHENKANAL,DHENKANAL,GENERAL POA WITHOUT PROPERTY,15-Sep-2005,15-Sep-2005,0,53,3,15-Sep-2005
940290400002,4,BHADRAK,DHUSURI,SALE MOVABLE,01-Jan-2004,01-Jan-2004,21600,2,01,01-Jan-2004
941480400443,4,PURI,PURI,GENERAL POA WITHOUT PROPERTY,27-Aug-2004,27-Aug-2004,0,443,16,27-Aug-2004
940240500005,4,BHADRAK,BASUDEVPUR,GENERAL POA WITHOUT PROPERTY,03-Feb-2005,03-Feb-2005,0,5,1,03-Feb-2005
941480400605,4,PURI,PURI,CANCELLATION OF POA,01-Dec-2004,01-Dec-2004,0,605,22,01-Dec-2004
941230600002,4,MALKANGIRI,MALKANAGIRI,GENERAL POA WITHOUT PROPERTY,01-Jan-2006,01-Jan-2006,0,2,2,01-Jan-2006
940060600330,4,BALESHWAR,BALESHWAR,GENERAL POA WITHOUT PROPERTY,28-Dec-2006,28-Dec-2006,0,330,18,28-Dec-2006
941480300444,4,PURI,PURI,GENERAL POA WITHOUT PROPERTY,21-Nov-2003,21-Nov-2003,0,444,17,21-Nov-2003
940390500541,4,KATAKA,KATAKA,GENERAL POA WITHOUT PROPERTY,27-Jun-2005,27-Jun-2005,0,541,26,27-Jun-2005
940310000024,4,BALANGIR,BALANGIR,GENERAL POA WITHOUT PROPERTY,09-Jun-2000,09-Jun-2000,0,24,1,09-Jun-2000
941480200251,4,PURI,PURI,GENERAL POA WITHOUT PROPERTY,04-Jun-2002,04-Jun-2002,0,251,7,04-Jun-2002
941480300473,4,PURI,PURI,GENERAL POA WITHOUT PROPERTY,15-Dec-2003,15-Dec-2003,0,473,18,15-Dec-2003
941530500039,4,PURI,PIPILI,GENERAL POA WITHOUT PROPERTY,28-Feb-2005,28-Feb-2005,0,39,2,28-Feb-2005
940390100072,4,KATAKA,KATAKA,PARTNERSHIP MORE THAN RS.500,14-Feb-2001,14-Feb-2001,60000,72,3,14-Feb-2001
940750400032,4,JAGATSINGHPUR,KUJANGA,GENERAL POA WITHOUT PROPERTY,05-Dec-2004,05-Dec-2004,25000,32,2,05-Dec-2004
941480600201,4,PURI,PURI,GENERAL POA WITHOUT PROPERTY,04-Apr-2006,04-Apr-2006,0,201,7,04-Apr-2006
940240600001,4,BHADRAK,BASUDEVPUR,GENERAL POA WITHOUT PROPERTY,04-Jan-2006,04-Jan-2006,0,1,2,04-Jan-2006
940110300001,4,BALESHWAR,KHAIRA,DIVORCE WITHOUT PROPERTY,24-Feb-2003,24-Feb-2003,0,1,1,24-Feb-2003
940550600067,4,GAJAPATI,PARALAKHEMUNDI,GENERAL POA WITHOUT PROPERTY,01-Nov-2006,01-Nov-2006,0,67,4,01-Nov-2006
940060500048,4,BALESHWAR,BALESHWAR,GENERAL POA WITHOUT PROPERTY,10-Mar-2005,10-Mar-2005,0,48,2,10-Mar-2005
940430200020,4,KATAKA,JAGATPUR,GENERAL POA WITHOUT PROPERTY,27-Apr-2002,27-Apr-2002,0,20,2,27-Apr-2002
941260300041,4,MAYURBHANJ,MAYURBHANJ,GENERAL POA WITHOUT PROPERTY,25-Apr-2003,25-Apr-2003,0,41,2,25-Apr-2003
940390000415,4,KATAKA,KATAKA,GENERAL POA WITHOUT PROPERTY,18-Aug-2000,18-Aug-2000,0,415,11,18-Aug-2000
940400300005,4,KATAKA,ATHAGADA,GENERAL POA WITHOUT PROPERTY,28-Mar-2003,28-Mar-2003,0,5,1,28-Mar-2003
940270000002,4,BHADRAK,CHANDBALI,GENERAL POA WITHOUT PROPERTY,25-Feb-2000,25-Feb-2000,0,2,1,25-Feb-2000
940310500003,4,BALANGIR,BALANGIR,GENERAL POA WITHOUT PROPERTY,15-Jan-2005,15-Jan-2005,0,3,1,15-Jan-2005
940390000151,4,KATAKA,KATAKA,GENERAL AGREEMENT,28-Mar-2000,28-Mar-2000,0,151,5,28-Mar-2000
941620600401,4,SAMBALPUR,SAMBALPUR,GENERAL POA WITHOUT PROPERTY,20-Dec-2006,20-Dec-2006,0,401,18,20-Dec-2006
941480400416,4,PURI,PURI,ADOPTION,17-Aug-2004,17-Aug-2004,0,416,15,17-Aug-2004
941260400136,4,MAYURBHANJ,MAYURBHANJ,GENERAL POA WITHOUT PROPERTY,27-Sep-2004,27-Sep-2004,0,136,4,27-Sep-2004
940550600004,4,GAJAPATI,PARALAKHEMUNDI,GENERAL POA WITHOUT PROPERTY,28-Jan-2006,28-Jan-2006,0,4,3,28-Jan-2006
940390200452,4,KATAKA,KATAKA,GENERAL POA WITHOUT PROPERTY,09-Jul-2002,09-Jul-2002,0,452,12,09-Jul-2002
940390000546,4,KATAKA,KATAKA,CANCELLATION OF POA,06-Dec-2000,06-Dec-2000,0,546,14,06-Dec-2000
941440400029,4,KANDHAMALA,KANDHAMALA,GENERAL POA WITHOUT PROPERTY,01-Sep-2004,01-Sep-2004,0,29,3,01-Sep-2004
941670100009,4,SUBARNAPUR,BIRMAHARAJPUR,ADOPTION,29-Jun-2001,29-Jun-2001,0,9,2,29-Jun-2001
941480500308,4,PURI,PURI,GENERAL POA WITHOUT PROPERTY,24-May-2005,24-May-2005,0,308,11,24-May-2005
940430500074,4,KATAKA,JAGATPUR,GENERAL POA WITHOUT PROPERTY,15-Jul-2005,15-Jul-2005,0,74,4,15-Jul-2005
941620200015,4,SAMBALPUR,SAMBALPUR,GENERAL POA WITHOUT PROPERTY,28-Jan-2002,28-Jan-2002,0,15,36,28-Jan-2002
941480500605,4,PURI,PURI,ADOPTION,05-Nov-2005,05-Nov-2005,0,605,21,05-Nov-2005
941000600015,4,KENDUJHAR,KENDUJHAR,GENERAL AGREEMENT,01-Mar-2006,01-Mar-2006,250000,15,1,01-Mar-2006
941480500129,4,PURI,PURI,GENERAL POA WITHOUT PROPERTY,28-Feb-2005,28-Feb-2005,0,129,5,28-Feb-2005
941190500015,4,KORAPUT,KORAPUT,GENERAL POA WITHOUT PROPERTY,10-Mar-2005,10-Mar-2005,0,15,252,10-Mar-2005
940390100292,4,KATAKA,KATAKA,GENERAL AGREEMENT,15-May-2001,15-May-2001,160000,292,9,15-May-2001
941550500004,4,PURI,DELANGA,ADOPTION,19-Apr-2005,19-Apr-2005,0,4,1,19-Apr-2005
940390300338,4,KATAKA,KATAKA,GENERAL POA WITHOUT PROPERTY,08-Aug-2003,08-Aug-2003,0,338,17,08-Aug-2003
941260300023,4,MAYURBHANJ,MAYURBHANJ,GENERAL POA WITHOUT PROPERTY,20-Feb-2003,20-Feb-2003,0,23,2,20-Feb-2003
940930100047,4,KENDRAPADA,KENDRAPADA,GENERAL POA WITHOUT PROPERTY,16-Nov-2001,16-Nov-2001,0,47,2,16-Nov-2001
941480400565,4,PURI,PURI,GENERAL POA WITHOUT PROPERTY,10-Nov-2004,10-Nov-2004,0,565,20,10-Nov-2004
940960200001,4,KENDRAPADA,MARSAGHAI,GENERAL POA WITHOUT PROPERTY,06-Mar-2002,06-Mar-2002,0,1,1,06-Mar-2002
941370500053,4,NAYAGADA,NAYAGADA,GENERAL POA WITHOUT PROPERTY,01-Aug-2005,01-Aug-2005,0,53,2,01-Aug-2005
940390600753,4,KATAKA,KATAKA,GENERAL AGREEMENT,26-Sep-2006,26-Sep-2006,163800,753,35,26-Sep-2006
941480500714,4,PURI,PURI,GENERAL POA WITHOUT PROPERTY,30-Dec-2005,30-Dec-2005,0,714,24,30-Dec-2005
940270600049,4,BHADRAK,CHANDBALI,GENERAL POA WITHOUT PROPERTY,15-Nov-2006,15-Nov-2006,0,49,3,15-Nov-2006
940400000004,4,KATAKA,ATHAGADA,GENERAL AGREEMENT,21-Jan-2000,21-Jan-2000,0,4,1,21-Jan-2000
940780500010,4,JAJPUR,JAJPUR,GENERAL AGREEMENT,24-Jan-2005,24-Jan-2005,5250,10,1,24-Jan-2005
941660600012,4,SUBARNAPUR,SONPUR,TRUST,01-Feb-2006,01-Feb-2006,0,12,1,01-Feb-2006
940460200043,4,KATAKA,NIALI,TRUST,24-Jul-2002,24-Jul-2002,5000,43,2,24-Jul-2002
940750000004,4,JAGATSINGHPUR,KUJANGA,GENERAL POA WITHOUT PROPERTY,15-Jan-2000,15-Jan-2000,0,4,1,15-Jan-2000
941620200020,4,SAMBALPUR,SAMBALPUR,GENERAL POA WITHOUT PROPERTY,04-Feb-2002,04-Feb-2002,0,20,36,04-Feb-2002
941000300041,4,KENDUJHAR,KENDUJHAR,GENERAL POA WITHOUT PROPERTY,11-Dec-2003,11-Dec-2003,0,41,2,11-Dec-2003
941530400047,4,PURI,PIPILI,GENERAL POA WITHOUT PROPERTY,28-May-2004,28-May-2004,0,47,2,28-May-2004
940140600007,4,BALESHWAR,SORA,GENERAL POA WITHOUT PROPERTY,15-Feb-2006,15-Feb-2006,0,7,1,15-Feb-2006
940780100056,4,JAJPUR,JAJPUR,GENERAL POA WITHOUT PROPERTY,27-Oct-2001,27-Oct-2001,0,56,02,27-Oct-2001
941530500065,4,PURI,PIPILI,GENERAL POA WITHOUT PROPERTY,09-May-2005,09-May-2005,0,65,2,09-May-2005
941000400053,4,KENDUJHAR,KENDUJHAR,GENERAL POA WITHOUT PROPERTY,15-Oct-2004,15-Oct-2004,0,53,2,15-Oct-2004
941480500130,4,PURI,PURI,GENERAL POA WITHOUT PROPERTY,01-Mar-2005,01-Mar-2005,0,130,5,01-Mar-2005
941190300002,4,KORAPUT,KORAPUT,GENERAL POA WITHOUT PROPERTY,13-Aug-2003,13-Aug-2003,0,2,0,13-Aug-2003
940960200009,4,KENDRAPADA,MARSAGHAI,GENERAL POA WITHOUT PROPERTY,27-Oct-2002,27-Oct-2002,0,9,1,27-Oct-2002
940500600110,4,DHENKANAL,DHENKANAL,GENERAL POA WITHOUT PROPERTY,30-Dec-2006,30-Dec-2006,0,110,4,30-Dec-2006
941370300093,4,NAYAGADA,NAYAGADA,GENERAL POA WITHOUT PROPERTY,31-Dec-2003,31-Dec-2003,0,93,4,31-Dec-2003
941480500580,4,PURI,PURI,GENERAL POA WITHOUT PROPERTY,15-Oct-2005,15-Oct-2005,0,580,20,15-Oct-2005
940830300007,4,JAJPUR,MANSADA,ADOPTION,06-Nov-2003,06-Nov-2003,0,7,1,06-Nov-2003
941580100031,4,RAYAGADA,RAYAGADA,GENERAL POA WITHOUT PROPERTY,28-Dec-2001,28-Dec-2001,0,31,32,28-Dec-2001
940390300167,4,KATAKA,KATAKA,GENERAL AGREEMENT,31-Mar-2003,31-Mar-2003,90000,167,9,31-Mar-2003
940500500065,4,DHENKANAL,DHENKANAL,GENERAL POA WITHOUT PROPERTY,26-Sep-2005,26-Sep-2005,0,65,3,26-Sep-2005
941370300043,4,NAYAGADA,NAYAGADA,ADOPTION,27-Jun-2003,27-Jun-2003,0,43,02,27-Jun-2003
941480500029,4,PURI,PURI,GENERAL POA WITHOUT PROPERTY,15-Jan-2005,15-Jan-2005,0,29,1,15-Jan-2005
940390300006,4,KATAKA,KATAKA,GENERAL POA WITHOUT PROPERTY,20-Jan-2003,20-Jan-2003,0,6,2,20-Jan-2003
941480300334,4,PURI,PURI,GENERAL POA WITHOUT PROPERTY,18-Aug-2003,18-Aug-2003,0,334,13,18-Aug-2003
941000400056,4,KENDUJHAR,KENDUJHAR,GENERAL POA WITHOUT PROPERTY,10-Nov-2004,10-Nov-2004,0,56,2,10-Nov-2004
940990200001,4,KENDRAPADA,KANIKA,PARTNERSHIP MORE THAN RS.500,01-Jan-2002,01-Jan-2002,0,1,3,01-Jan-2002
941170500010,4,KORAPUT,JAYAPUR,GENERAL POA WITHOUT PROPERTY,28-Jan-2005,28-Jan-2005,0,10,104,28-Jan-2005
941620500040,4,SAMBALPUR,SAMBALPUR,GENERAL POA WITHOUT PROPERTY,01-Feb-2005,01-Feb-2005,0,40,2,01-Feb-2005
941700200026,4,SUNDARAGADA,SUNDARAGADA,AGREEMENT WITHOUT PROPERTY,01-Jun-2002,01-Jun-2002,0,26,1,01-Jun-2002
941490200037,4,PURI,BRAHMAGIRI,ADOPTION,02-Sep-2002,02-Sep-2002,0,37,3,02-Sep-2002
940990500014,4,KENDRAPADA,KANIKA,DIVORCE WITHOUT PROPERTY,30-Nov-2005,30-Nov-2005,0,14,1,30-Nov-2005
941000400044,4,KENDUJHAR,KENDUJHAR,GENERAL POA WITHOUT PROPERTY,01-Sep-2004,01-Sep-2004,0,44,24,01-Sep-2004
941000400057,4,KENDUJHAR,KENDUJHAR,PARTNERSHIP MORE THAN RS.500,10-Nov-2004,10-Nov-2004,0,57,2,10-Nov-2004
940130000002,4,BALESHWAR,SIMULIA,GENERAL POA WITHOUT PROPERTY,09-Jun-2000,09-Jun-2000,0,2,1,09-Jun-2000
940880600050,4,KALAHANDI,BHABANIPATANA,GENERAL POA WITHOUT PROPERTY,13-Jun-2006,13-Jun-2006,0,50,20,13-Jun-2006
941530000066,4,PURI,PIPILI,ADOPTION,21-Nov-2000,21-Nov-2000,0,66,2,21-Nov-2000
940090200044,4,BALESHWAR,JALESWAR,GENERAL POA WITHOUT PROPERTY,28-Oct-2002,28-Oct-2002,0,44,3,28-Oct-2002
941700500067,4,SUNDARAGADA,SUNDARAGADA,ADOPTION,01-Dec-2005,01-Dec-2005,0,67,3,01-Dec-2005
940820400037,4,JAJPUR,DOLIPUR,GENERAL POA WITHOUT PROPERTY,11-Oct-2004,11-Oct-2004,0,37,2,11-Oct-2004
940390200101,4,KATAKA,KATAKA,GENERAL POA WITHOUT PROPERTY,04-Feb-2002,04-Feb-2002,0,101,4,04-Feb-2002
940230600082,4,BHADRAK,BHADRAK,GENERAL POA WITHOUT PROPERTY,24-May-2006,24-May-2006,0,82,4,24-May-2006
941620500071,4,SAMBALPUR,SAMBALPUR,GENERAL POA WITHOUT PROPERTY,28-Feb-2005,28-Feb-2005,0,71,3,28-Feb-2005
941480200056,4,PURI,PURI,GENERAL POA WITHOUT PROPERTY,14-Feb-2002,14-Feb-2002,0,56,2,14-Feb-2002
940860200060,4,JHARSUGUDA,JHARSUGUDA,GENERAL POA WITHOUT PROPERTY,24-Jul-2002,24-Jul-2002,0,60,2,24-Jul-2002
941530600048,4,PURI,PIPILI,GENERAL POA WITHOUT PROPERTY,29-May-2006,29-May-2006,2000,48,2,29-May-2006
941500600023,4,PURI,GOP,ADOPTION,07-Aug-2006,07-Aug-2006,0,23,2,07-Aug-2006
940300600002,4,BHADRAK,TIHIDI,GENERAL POA WITHOUT PROPERTY,13-Feb-2006,13-Feb-2006,0,2,1,13-Feb-2006
940390600019,4,KATAKA,KATAKA,TRUST,09-Jan-2006,09-Jan-2006,1000,19,1,09-Jan-2006
940500500082,4,DHENKANAL,DHENKANAL,GENERAL POA WITHOUT PROPERTY,31-Oct-2005,31-Oct-2005,0,82,4,31-Oct-2005
940390200498,4,KATAKA,KATAKA,GENERAL POA WITHOUT PROPERTY,13-Aug-2002,13-Aug-2002,0,498,14,13-Aug-2002
940390600581,4,KATAKA,KATAKA,TRUST,15-Jul-2006,15-Jul-2006,1000,581,27,15-Jul-2006
941490500015,4,PURI,BRAHMAGIRI,ADOPTION,29-Apr-2005,29-Apr-2005,0,15,3,29-Apr-2005
941620500232,4,SAMBALPUR,SAMBALPUR,GENERAL POA WITHOUT PROPERTY,06-Sep-2005,06-Sep-2005,0,232,10,06-Sep-2005
940860600117,4,JHARSUGUDA,JHARSUGUDA,GENERAL POA WITHOUT PROPERTY,07-Aug-2006,07-Aug-2006,0,117,5,07-Aug-2006
940880100026,4,KALAHANDI,BHABANIPATANA,GENERAL POA WITHOUT PROPERTY,04-Jun-2001,04-Jun-2001,0,26,9,04-Jun-2001
940130200001,4,BALESHWAR,SIMULIA,GENERAL AGREEMENT,26-Mar-2002,26-Mar-2002,30000,1,1,26-Mar-2002
940240600091,4,BHADRAK,BASUDEVPUR,GENERAL POA WITHOUT PROPERTY,26-Oct-2006,26-Oct-2006,0,91,5,26-Oct-2006
941580300046,4,RAYAGADA,RAYAGADA,TRUST,14-Jul-2003,14-Jul-2003,50000,46,1,14-Jul-2003
940430000016,4,KATAKA,JAGATPUR,GENERAL POA WITHOUT PROPERTY,05-May-2000,05-May-2000,0,16,3,05-May-2000
940830200005,4,JAJPUR,MANSADA,ADOPTION,01-Jul-2002,01-Jul-2002,0,5,1,01-Jul-2002
941680300002,4,SUBARNAPUR,BINIKA,ADOPTION,21-Mar-2003,21-Mar-2003,0,2,1,21-Mar-2003
940720000027,4,JAGATSINGHPUR,JAGATSINGHPUR,GENERAL POA WITHOUT PROPERTY,19-Jun-2000,19-Jun-2000,0,27,1,19-Jun-2000
941490300058,4,PURI,BRAHMAGIRI,GENERAL AGREEMENT,17-Oct-2003,17-Oct-2003,0,58,3,17-Oct-2003
941170100072,4,KORAPUT,JAYAPUR,GENERAL POA WITHOUT PROPERTY,12-Oct-2001,12-Oct-2001,0,72,95,12-Oct-2001
940390500532,4,KATAKA,KATAKA,GENERAL POA WITHOUT PROPERTY,23-Jun-2005,23-Jun-2005,0,532,26,23-Jun-2005
940390300074,4,KATAKA,KATAKA,GENERAL AGREEMENT,20-Feb-2003,20-Feb-2003,0,74,5,20-Feb-2003
940390200141,4,KATAKA,KATAKA,GENERAL POA WITHOUT PROPERTY,19-Feb-2002,19-Feb-2002,761000,141,5,19-Feb-2002
940430500113,4,KATAKA,JAGATPUR,GENERAL POA WITHOUT PROPERTY,28-Oct-2005,28-Oct-2005,0,113,6,28-Oct-2005
940860300051,4,JHARSUGUDA,JHARSUGUDA,GENERAL POA WITHOUT PROPERTY,01-Aug-2003,01-Aug-2003,5000,51,3,01-Aug-2003
941480300177,4,PURI,PURI,GENERAL POA WITHOUT PROPERTY,05-May-2003,05-May-2003,0,177,7,05-May-2003
940550200014,4,GAJAPATI,PARALAKHEMUNDI,GENERAL POA WITHOUT PROPERTY,26-Mar-2002,26-Mar-2002,0,14,2,26-Mar-2002
941530600068,4,PURI,PIPILI,GENERAL POA WITHOUT PROPERTY,06-Sep-2006,06-Sep-2006,0,68,2,06-Sep-2006
941480200211,4,PURI,PURI,GENERAL POA WITHOUT PROPERTY,10-May-2002,10-May-2002,0,211,6,10-May-2002
941620100127,4,SAMBALPUR,SAMBALPUR,GENERAL POA WITHOUT PROPERTY,12-Sep-2001,12-Sep-2001,0,127,34,12-Sep-2001
941480200097,4,PURI,PURI,GENERAL POA WITHOUT PROPERTY,11-Mar-2002,11-Mar-2002,0,97,3,11-Mar-2002
940450400002,4,KATAKA,NARSINGHPUR,GENERAL POA WITHOUT PROPERTY,30-Jan-2004,30-Jan-2004,0,2,2,30-Jan-2004
940490200007,4,DEBAGADA,DEBAGADA,GENERAL POA WITHOUT PROPERTY,07-May-2002,22-Sep-2002,0,7,1,22-Sep-2002
941490500028,4,PURI,BRAHMAGIRI,ADOPTION,27-Aug-2005,27-Aug-2005,0,28,3,27-Aug-2005
940460500054,4,KATAKA,NIALI,GENERAL AGREEMENT,05-Dec-2005,05-Dec-2005,0,54,2,05-Dec-2005
940860600178,4,JHARSUGUDA,JHARSUGUDA,GENERAL POA WITHOUT PROPERTY,01-Nov-2006,01-Nov-2006,0,178,7,01-Nov-2006
940390400087,4,KATAKA,KATAKA,GENERAL POA WITHOUT PROPERTY,24-Feb-2004,24-Feb-2004,0,87,5,24-Feb-2004
940390600078,4,KATAKA,KATAKA,GENERAL POA WITHOUT PROPERTY,03-Feb-2006,03-Feb-2006,0,78,4,03-Feb-2006
941260500113,4,MAYURBHANJ,MAYURBHANJ,GENERAL POA WITHOUT PROPERTY,18-Jul-2005,18-Jul-2005,0,113,4,18-Jul-2005
940390601029,4,KATAKA,KATAKA,GENERAL AGREEMENT,28-Dec-2006,28-Dec-2006,0,1029,50,28-Dec-2006
941170500093,4,KORAPUT,JAYAPUR,GENERAL POA WITHOUT PROPERTY,06-Sep-2005,06-Sep-2005,0,93,107,06-Sep-2005
940390600899,4,KATAKA,KATAKA,GENERAL POA WITHOUT PROPERTY,27-Nov-2006,27-Nov-2006,0,899,43,27-Nov-2006
940780100029,4,JAJPUR,JAJPUR,GENERAL AGREEMENT,01-May-2001,01-May-2001,0,29,1,01-May-2001
941620100112,4,SAMBALPUR,SAMBALPUR,GENERAL POA WITHOUT PROPERTY,01-Aug-2001,01-Aug-2001,0,112,34,01-Aug-2001
940060600307,4,BALESHWAR,BALESHWAR,GENERAL POA WITHOUT PROPERTY,15-Dec-2006,15-Dec-2006,5000,307,16,15-Dec-2006
941580300013,4,RAYAGADA,RAYAGADA,POA WITHOUT POSSESSION,24-Feb-2003,24-Feb-2003,0,13,09,24-Feb-2003
940390100023,4,KATAKA,KATAKA,GENERAL POA WITHOUT PROPERTY,15-Jan-2001,15-Jan-2001,0,23,2,15-Jan-2001
941700600081,4,SUNDARAGADA,SUNDARAGADA,AGREEMENT WITHOUT PROPERTY,18-Jul-2006,18-Jul-2006,0,81,4,18-Jul-2006
940230500126,4,BHADRAK,BHADRAK,GENERAL POA WITHOUT PROPERTY,28-Jul-2005,28-Jul-2005,0,126,7,28-Jul-2005
940240600086,4,BHADRAK,BASUDEVPUR,GENERAL POA WITHOUT PROPERTY,15-Sep-2006,15-Sep-2006,0,86,4,15-Sep-2006
941170100059,4,KORAPUT,JAYAPUR,GENERAL POA WITHOUT PROPERTY,01-Oct-2001,01-Oct-2001,0,59,95,01-Oct-2001
940820500059,4,JAJPUR,DOLIPUR,GENERAL POA WITHOUT PROPERTY,26-Sep-2005,26-Sep-2005,0,59,3,26-Sep-2005
941260200054,4,MAYURBHANJ,MAYURBHANJ,GENERAL POA WITHOUT PROPERTY,15-May-2002,15-May-2002,0,54,2,15-May-2002
940860600049,4,JHARSUGUDA,JHARSUGUDA,GENERAL POA WITHOUT PROPERTY,30-Mar-2006,30-Mar-2006,0,49,2,30-Mar-2006
940390000365,4,KATAKA,KATAKA,GENERAL AGREEMENT,19-Jul-2000,19-Jul-2000,136500,365,10,19-Jul-2000
940930600020,4,KENDRAPADA,KENDRAPADA,GENERAL POA WITHOUT PROPERTY,19-Apr-2006,19-Apr-2006,0,20,1,19-Apr-2006
940820600038,4,JAJPUR,DOLIPUR,GENERAL POA WITHOUT PROPERTY,01-Jul-2006,01-Jul-2006,0,38,2,01-Jul-2006
941660500018,4,SUBARNAPUR,SONPUR,GENERAL POA WITHOUT PROPERTY,28-Mar-2005,28-Mar-2005,0,18,1,28-Mar-2005
940090600013,4,BALESHWAR,JALESWAR,GENERAL AGREEMENT,07-Aug-2006,07-Aug-2006,1000,13,1,07-Aug-2006
940410000032,4,KATAKA,BANKI,GENERAL POA WITHOUT PROPERTY,19-Jun-2000,19-Jun-2000,0,32,2,19-Jun-2000
940970500010,4,KENDRAPADA,PATTAMUNDAI,GENERAL POA WITHOUT PROPERTY,01-Jul-2005,01-Jul-2005,0,10,1,01-Jul-2005
940070500042,4,BALESHWAR,BALIAPAL,DIVORCE WITHOUT PROPERTY,15-Oct-2005,15-Oct-2005,0,42,2,15-Oct-2005
940390600382,4,KATAKA,KATAKA,GENERAL POA WITHOUT PROPERTY,29-Apr-2006,29-Apr-2006,0,382,18,29-Apr-2006
941260400105,4,MAYURBHANJ,MAYURBHANJ,GENERAL POA WITHOUT PROPERTY,18-Jun-2004,18-Jun-2004,2100,105,3,18-Jun-2004
941620000015,4,SAMBALPUR,SAMBALPUR,GENERAL POA WITHOUT PROPERTY,31-Jan-2000,31-Jan-2000,0,15,28,31-Jan-2000
940990100009,4,KENDRAPADA,KANIKA,GENERAL POA WITHOUT PROPERTY,26-Nov-2001,26-Nov-2001,0,9,4,26-Nov-2001
941420000034,4,NUAPADA,NUAPADA,GENERAL POA WITHOUT PROPERTY,11-Dec-2000,11-Dec-2000,0,34,4,11-Dec-2000
940390500472,4,KATAKA,KATAKA,GENERAL AGREEMENT,28-May-2005,28-May-2005,100000,472,23,28-May-2005
940430500105,4,KATAKA,JAGATPUR,GENERAL POA WITHOUT PROPERTY,01-Oct-2005,01-Oct-2005,0,105,5,01-Oct-2005
940390400073,4,KATAKA,KATAKA,GENERAL POA WITHOUT PROPERTY,20-Feb-2004,20-Feb-2004,0,73,4,20-Feb-2004
940390100066,4,KATAKA,KATAKA,GENERAL POA WITHOUT PROPERTY,09-Feb-2001,09-Feb-2001,0,66,3,09-Feb-2001
941620600208,4,SAMBALPUR,SAMBALPUR,GENERAL POA WITHOUT PROPERTY,03-Jul-2006,03-Jul-2006,0,208,10,03-Jul-2006
941260000054,4,MAYURBHANJ,MAYURBHANJ,GENERAL POA WITHOUT PROPERTY,24-Jun-2000,24-Jun-2000,0,54,2,24-Jun-2000
940390300164,4,KATAKA,KATAKA,GENERAL AGREEMENT,31-Mar-2003,31-Mar-2003,200000,164,9,31-Mar-2003
940880000055,4,KALAHANDI,BHABANIPATANA,GENERAL POA WITHOUT PROPERTY,15-Dec-2000,15-Dec-2000,0,55,8,15-Dec-2000
940390200079,4,KATAKA,KATAKA,GENERAL AGREEMENT,30-Jan-2002,30-Jan-2002,100000,79,3,30-Jan-2002
940730200010,4,JAGATSINGHPUR,BALIKUDA,ADOPTION,01-Feb-2002,01-Feb-2002,0,10,1,01-Feb-2002
940280300004,4,BHADRAK,DHAMNAGAR,ADOPTION,18-Aug-2003,18-Aug-2003,0,4,1,18-Aug-2003
941330600014,4,NABARANGPUR,NABARANGPUR,GENERAL POA WITHOUT PROPERTY,15-Apr-2006,15-Apr-2006,144000,14,20,15-Apr-2006
941330200010,4,NABARANGPUR,NABARANGPUR,GENERAL POA WITHOUT PROPERTY,09-Jul-2002,09-Jul-2002,8750,10,16,09-Jul-2002
941170200013,4,KORAPUT,JAYAPUR,GENERAL POA WITHOUT PROPERTY,06-Mar-2002,06-Mar-2002,0,13,96,06-Mar-2002
941260000014,4,MAYURBHANJ,MAYURBHANJ,GENERAL POA WITHOUT PROPERTY,28-Jan-2000,28-Jan-2000,0,14,1,28-Jan-2000
941370000049,4,NAYAGADA,NAYAGADA,GENERAL POA WITHOUT PROPERTY,28-Aug-2000,28-Aug-2000,0,49,2,28-Aug-2000
940880400028,4,KALAHANDI,BHABANIPATANA,GENERAL POA WITHOUT PROPERTY,27-Aug-2004,27-Aug-2004,0,28,14,27-Aug-2004
941360600007,4,NABARANGPUR,UMARKOT,GENERAL POA WITHOUT PROPERTY,10-Mar-2006,10-Mar-2006,0,7,5,10-Mar-2006
941170300001,4,KORAPUT,JAYAPUR,GENERAL POA WITHOUT PROPERTY,25-Jan-2003,25-Jan-2003,0,1,99,25-Jan-2003
940720000052,4,JAGATSINGHPUR,JAGATSINGHPUR,GENERAL POA WITHOUT PROPERTY,28-Oct-2000,28-Oct-2000,0,52,3,28-Oct-2000
941440500023,4,KANDHAMALA,KANDHAMALA,GENERAL AGREEMENT,28-May-2005,28-May-2005,150000,23,2,28-May-2005
941420100002,4,NUAPADA,NUAPADA,GENERAL POA WITHOUT PROPERTY,30-Jan-2001,30-Jan-2001,0,2,4,30-Jan-2001
940810300011,4,JAJPUR,DHARMASHALA,AGREEMENT WITHOUT PROPERTY,26-Mar-2003,26-Mar-2003,175000,11,2,26-Mar-2003
941000200019,4,KENDUJHAR,KENDUJHAR,PARTNERSHIP MORE THAN RS.500,20-Apr-2002,20-Apr-2002,0,19,1,20-Apr-2002
940090000015,4,BALESHWAR,JALESWAR,GENERAL POA WITHOUT PROPERTY,14-Jul-2000,14-Jul-2000,0,15,2,14-Jul-2000
940930600046,4,KENDRAPADA,KENDRAPADA,GENERAL POA WITHOUT PROPERTY,28-Oct-2006,28-Oct-2006,0,46,1,28-Oct-2006
941620200092,4,SAMBALPUR,SAMBALPUR,GENERAL POA WITHOUT PROPERTY,24-Jul-2002,24-Jul-2002,0,92,38,24-Jul-2002
940860200007,4,JHARSUGUDA,JHARSUGUDA,GENERAL POA WITHOUT PROPERTY,30-Jan-2002,30-Jan-2002,0,7,1,30-Jan-2002
941260500011,4,MAYURBHANJ,MAYURBHANJ,GENERAL AGREEMENT,19-Jan-2005,19-Jan-2005,500,11,1,19-Jan-2005
940240400006,4,BHADRAK,BASUDEVPUR,GENERAL AGREEMENT,10-Mar-2004,10-Mar-2004,12000,6,1,10-Mar-2004
940940300007,4,KENDRAPADA,AALI,ADOPTION,21-Nov-2003,21-Nov-2003,0,7,1,21-Nov-2003
940860300026,4,JHARSUGUDA,JHARSUGUDA,GENERAL POA WITHOUT PROPERTY,28-Mar-2003,28-Mar-2003,0,26,2,28-Mar-2003
940060000060,4,BALESHWAR,BALESHWAR,GENERAL POA WITHOUT PROPERTY,15-Apr-2000,15-Apr-2000,0,60,2,15-Apr-2000
940860600064,4,JHARSUGUDA,JHARSUGUDA,GENERAL POA WITHOUT PROPERTY,09-May-2006,09-May-2006,0,64,3,09-May-2006
941260400114,4,MAYURBHANJ,MAYURBHANJ,GENERAL POA WITHOUT PROPERTY,13-Jul-2004,13-Jul-2004,2000,114,3,13-Jul-2004
940780500034,4,JAJPUR,JAJPUR,DIVORCE WITHOUT PROPERTY,09-May-2005,09-May-2005,0,34,1,09-May-2005
940500200027,4,DHENKANAL,DHENKANAL,GENERAL POA WITHOUT PROPERTY,28-Aug-2002,28-Aug-2002,0,27,2,28-Aug-2002
941000200023,4,KENDUJHAR,KENDUJHAR,GENERAL POA WITHOUT PROPERTY,20-May-2002,20-May-2002,0,23,1,20-May-2002
941620600007,4,SAMBALPUR,SAMBALPUR,GENERAL POA WITHOUT PROPERTY,04-Jan-2006,04-Jan-2006,0,7,1,04-Jan-2006
941660500024,4,SUBARNAPUR,SONPUR,GENERAL POA WITHOUT PROPERTY,15-Apr-2005,15-Apr-2005,0,24,2,15-Apr-2005
941000000003,4,KENDUJHAR,KENDUJHAR,GENERAL POA WITHOUT PROPERTY,21-Jan-2000,21-Jan-2000,0,3,1,21-Jan-2000
940280500015,4,BHADRAK,DHAMNAGAR,TRUST,30-Dec-2005,30-Dec-2005,0,15,2,30-Dec-2005
941620600101,4,SAMBALPUR,SAMBALPUR,GENERAL POA WITHOUT PROPERTY,20-Feb-2006,20-Feb-2006,0,101,5,20-Feb-2006
941620400273,4,SAMBALPUR,SAMBALPUR,CANCELLATION OF ADOPTION,05-Nov-2004,05-Nov-2004,0,273,12,05-Nov-2004
940820600086,4,JAJPUR,DOLIPUR,GENERAL POA WITHOUT PROPERTY,01-Dec-2006,01-Dec-2006,0,86,3,01-Dec-2006
941620600127,4,SAMBALPUR,SAMBALPUR,GENERAL POA WITHOUT PROPERTY,04-Apr-2006,04-Apr-2006,0,127,7,04-Apr-2006
941620400205,4,SAMBALPUR,SAMBALPUR,GENERAL POA WITHOUT PROPERTY,12-Aug-2004,12-Aug-2004,0,205,9,12-Aug-2004
941260500123,4,MAYURBHANJ,MAYURBHANJ,GENERAL POA WITHOUT PROPERTY,01-Aug-2005,01-Aug-2005,0,123,4,01-Aug-2005
940240500002,4,BHADRAK,BASUDEVPUR,GENERAL POA WITHOUT PROPERTY,24-Jan-2005,24-Jan-2005,0,2,1,24-Jan-2005
941620600121,4,SAMBALPUR,SAMBALPUR,GENERAL POA WITHOUT PROPERTY,30-Mar-2006,30-Mar-2006,0,121,6,30-Mar-2006
940240600057,4,BHADRAK,BASUDEVPUR,GENERAL POA WITHOUT PROPERTY,24-May-2006,24-May-2006,0,57,3,24-May-2006
941370100005,4,NAYAGADA,NAYAGADA,CANCELLATION OF POA,10-Jan-2001,10-Jan-2001,0,5,1,10-Jan-2001
940550000033,4,GAJAPATI,PARALAKHEMUNDI,GENERAL POA WITHOUT PROPERTY,15-Dec-2000,15-Dec-2000,0,33,1,15-Dec-2000
940060000163,4,BALESHWAR,BALESHWAR,GENERAL POA WITHOUT PROPERTY,28-Oct-2000,28-Oct-2000,0,163,5,28-Oct-2000
940470300025,4,KATAKA,SALEPUR,GENERAL POA WITHOUT PROPERTY,27-Nov-2003,27-Nov-2003,0,25,1,27-Nov-2003
941170400039,4,KORAPUT,JAYAPUR,GENERAL POA WITHOUT PROPERTY,29-May-2004,29-May-2004,0,39,102,29-May-2004
941620400065,4,SAMBALPUR,SAMBALPUR,GENERAL AGREEMENT,10-Mar-2004,10-Mar-2004,0,65,3,10-Mar-2004
940300000005,4,BHADRAK,TIHIDI,PARTNERSHIP MORE THAN RS.500,04-Jul-2000,04-Jul-2000,0,5,1,04-Jul-2000
940940100018,4,KENDRAPADA,AALI,GENERAL POA WITHOUT PROPERTY,15-Nov-2001,15-Nov-2001,0,18,1,15-Nov-2001
940970600002,4,KENDRAPADA,PATTAMUNDAI,ADOPTION,13-Feb-2006,13-Feb-2006,0,2,1,13-Feb-2006
941620200014,4,SAMBALPUR,SAMBALPUR,GENERAL POA WITHOUT PROPERTY,28-Jan-2002,28-Jan-2002,0,14,36,28-Jan-2002
941370400053,4,NAYAGADA,NAYAGADA,ADOPTION,08-Jul-2004,08-Jul-2004,0,53,2,08-Jul-2004
940860200046,4,JHARSUGUDA,JHARSUGUDA,GENERAL POA WITHOUT PROPERTY,19-Jun-2002,19-Jun-2002,0,46,2,19-Jun-2002
940820400016,4,JAJPUR,DOLIPUR,GENERAL POA WITHOUT PROPERTY,10-Mar-2004,10-Mar-2004,0,16,1,10-Mar-2004
940010200009,4,ANUGOLA,ANUGOLA,GENERAL POA WITHOUT PROPERTY,01-Feb-2002,01-Feb-2002,0,9,1,01-Feb-2002
940400600022,4,KATAKA,ATHAGADA,ADOPTION,02-Aug-2006,02-Aug-2006,0,22,1,02-Aug-2006
941260600092,4,MAYURBHANJ,MAYURBHANJ,GENERAL POA WITHOUT PROPERTY,01-Jun-2006,01-Jun-2006,0,92,3,01-Jun-2006
940960600040,4,KENDRAPADA,MARSAGHAI,GENERAL POA WITHOUT PROPERTY,30-Dec-2006,30-Dec-2006,0,40,1,30-Dec-2006
941620500300,4,SAMBALPUR,SAMBALPUR,GENERAL POA WITHOUT PROPERTY,25-Nov-2005,25-Nov-2005,0,300,13,25-Nov-2005
940470000001,4,KATAKA,SALEPUR,GENERAL POA WITHOUT PROPERTY,11-Jan-2000,11-Jan-2000,0,1,1,11-Jan-2000
940880200028,4,KALAHANDI,BHABANIPATANA,GENERAL POA WITHOUT PROPERTY,01-Jun-2002,01-Jun-2002,0,28,11,01-Jun-2002
940730000016,4,JAGATSINGHPUR,BALIKUDA,PARTNERSHIP MORE THAN RS.500,31-Mar-2000,31-Mar-2000,0,16,16,31-Mar-2000
940930500033,4,KENDRAPADA,KENDRAPADA,GENERAL POA WITHOUT PROPERTY,08-Jun-2005,08-Jun-2005,0,33,1,08-Jun-2005
941440300007,4,KANDHAMALA,KANDHAMALA,CANCELLATION OF AGREEMENT,09-Jun-2003,09-Jun-2003,0,7,1,09-Jun-2003
941620500019,4,SAMBALPUR,SAMBALPUR,GENERAL POA WITHOUT PROPERTY,24-Jan-2005,24-Jan-2005,0,19,1,24-Jan-2005
941620300152,4,SAMBALPUR,SAMBALPUR,GENERAL POA WITHOUT PROPERTY,18-Aug-2003,18-Aug-2003,0,152,48,18-Aug-2003
940490300010,4,DEBAGADA,DEBAGADA,GENERAL POA WITHOUT PROPERTY,20-Jan-2003,20-Jan-2003,0,10,1,20-Jan-2003
940060400108,4,BALESHWAR,BALESHWAR,GENERAL POA WITHOUT PROPERTY,08-Jun-2004,08-Jun-2004,22000,108,6,08-Jun-2004
940060400078,4,BALESHWAR,BALESHWAR,GENERAL POA WITHOUT PROPERTY,19-Apr-2004,19-Apr-2004,0,78,4,19-Apr-2004
940930500007,4,KENDRAPADA,KENDRAPADA,GENERAL AGREEMENT,24-Jan-2005,24-Jan-2005,0,7,1,24-Jan-2005
940120600029,4,BALESHWAR,NILAGIRI,GENERAL AGREEMENT,01-Dec-2006,01-Dec-2006,0,29,2,01-Dec-2006
940820300004,4,JAJPUR,DOLIPUR,GENERAL POA WITHOUT PROPERTY,14-Feb-2003,14-Feb-2003,0,4,1,14-Feb-2003
941620500146,4,SAMBALPUR,SAMBALPUR,GENERAL POA WITHOUT PROPERTY,18-Jun-2005,18-Jun-2005,0,146,6,18-Jun-2005
941620500024,4,SAMBALPUR,SAMBALPUR,GENERAL POA WITHOUT PROPERTY,24-Jan-2005,24-Jan-2005,0,24,2,24-Jan-2005
941620500093,4,SAMBALPUR,SAMBALPUR,GENERAL POA WITHOUT PROPERTY,04-Apr-2005,04-Apr-2005,0,93,4,04-Apr-2005
940060500140,4,BALESHWAR,BALESHWAR,GENERAL POA WITHOUT PROPERTY,28-Jul-2005,28-Jul-2005,0,140,6,28-Jul-2005
940430500034,4,KATAKA,JAGATPUR,GENERAL POA WITHOUT PROPERTY,30-Mar-2005,30-Mar-2005,0,34,2,30-Mar-2005
941000500036,4,KENDUJHAR,KENDUJHAR,PARTNERSHIP MORE THAN RS.500,27-Apr-2005,27-Apr-2005,0,36,2,27-Apr-2005
940100200027,4,BALESHWAR,JALESWARPUR,PARTNERSHIP MORE THAN RS.500,29-Jun-2002,29-Jun-2002,0,27,1,29-Jun-2002
941260000058,4,MAYURBHANJ,MAYURBHANJ,GENERAL POA WITHOUT PROPERTY,24-Jun-2000,24-Jun-2000,0,58,2,24-Jun-2000
940750600028,4,JAGATSINGHPUR,KUJANGA,GENERAL AGREEMENT,20-Mar-2006,20-Mar-2006,0,28,2,20-Mar-2006
940950600002,4,KENDRAPADA,GARADPUR,GENERAL POA WITHOUT PROPERTY,08-Feb-2006,08-Feb-2006,0,2,1,08-Feb-2006
940060500174,4,BALESHWAR,BALESHWAR,CANCELLATION OF AGREEMENT,06-Oct-2005,06-Oct-2005,210000,174,8,06-Oct-2005
940960400002,4,KENDRAPADA,MARSAGHAI,ADOPTION,15-Mar-2004,15-Mar-2004,0,2,1,15-Mar-2004
940070100027,4,BALESHWAR,BALIAPAL,GENERAL AGREEMENT,27-Jun-2001,27-Jun-2001,0,27,1,27-Jun-2001
940860500194,4,JHARSUGUDA,JHARSUGUDA,GENERAL POA WITHOUT PROPERTY,28-Dec-2005,28-Dec-2005,0,194,7,28-Dec-2005
940860600092,4,JHARSUGUDA,JHARSUGUDA,GENERAL POA WITHOUT PROPERTY,03-Jul-2006,03-Jul-2006,0,92,4,03-Jul-2006
941620400302,4,SAMBALPUR,SAMBALPUR,GENERAL POA WITHOUT PROPERTY,15-Dec-2004,15-Dec-2004,0,302,13,15-Dec-2004
940070300014,4,BALESHWAR,BALIAPAL,GENERAL AGREEMENT,14-Feb-2003,14-Feb-2003,0,14,1,14-Feb-2003
941620600105,4,SAMBALPUR,SAMBALPUR,GENERAL POA WITHOUT PROPERTY,25-Mar-2006,25-Mar-2006,0,105,5,25-Mar-2006
940410200023,4,KATAKA,BANKI,CANCELLATION OF POA,19-Jun-2002,19-Jun-2002,0,23,2,19-Jun-2002
940790600025,4,JAJPUR,BARACHANA,GENERAL POA WITHOUT PROPERTY,01-Jan-2006,01-Jan-2006,0,25,1,01-Jan-2006
940880100015,4,KALAHANDI,BHABANIPATANA,GENERAL POA WITHOUT PROPERTY,16-Mar-2001,16-Mar-2001,0,15,9,16-Mar-2001
941170100071,4,KORAPUT,JAYAPUR,GENERAL POA WITHOUT PROPERTY,12-Oct-2001,12-Oct-2001,0,71,95,12-Oct-2001
941260000055,4,MAYURBHANJ,MAYURBHANJ,GENERAL POA WITHOUT PROPERTY,24-Jun-2000,24-Jun-2000,0,55,2,24-Jun-2000
941170100035,4,KORAPUT,JAYAPUR,GENERAL POA WITHOUT PROPERTY,15-May-2001,15-May-2001,0,35,94,15-May-2001
940010400104,4,ANUGOLA,ANUGOLA,GENERAL POA WITHOUT PROPERTY,10-Jan-2004,10-Nov-2004,0,104,4,10-Nov-2004
940860500090,4,JHARSUGUDA,JHARSUGUDA,GENERAL POA WITHOUT PROPERTY,27-Jun-2005,27-Jun-2005,0,90,4,27-Jun-2005
940780400062,4,JAJPUR,JAJPUR,GENERAL POA WITHOUT PROPERTY,21-Sep-2004,21-Sep-2004,0,62,2,21-Sep-2004
940860100011,4,JHARSUGUDA,JHARSUGUDA,GENERAL POA WITHOUT PROPERTY,30-Jan-2001,30-Jan-2001,0,11,1,30-Jan-2001
941370300047,4,NAYAGADA,NAYAGADA,GENERAL AGREEMENT,19-Jul-2003,19-Jul-2003,0,47,02,19-Jul-2003
940240000002,4,BHADRAK,BASUDEVPUR,GENERAL POA WITHOUT PROPERTY,25-Feb-2000,25-Feb-2000,0,2,2,25-Feb-2000
940550200040,4,GAJAPATI,PARALAKHEMUNDI,GENERAL POA WITHOUT PROPERTY,13-Aug-2002,13-Aug-2002,0,40,1,13-Aug-2002
941000200038,4,KENDUJHAR,KENDUJHAR,ADOPTION,01-Jul-2002,01-Jul-2002,0,38,1,01-Jul-2002
941420100004,4,NUAPADA,NUAPADA,GENERAL POA WITHOUT PROPERTY,30-Apr-2001,30-Apr-2001,0,4,4,30-Apr-2001
940290100003,4,BHADRAK,DHUSURI,GENERAL POA WITHOUT PROPERTY,19-Jun-2001,19-Jun-2001,0,3,1,19-Jun-2001
940550300007,4,GAJAPATI,PARALAKHEMUNDI,AFFIDAVIT,30-Apr-2003,30-Apr-2003,0,7,2,30-Apr-2003
940270600008,4,BHADRAK,CHANDBALI,GENERAL POA WITHOUT PROPERTY,30-Mar-2006,30-Mar-2006,0,8,1,30-Mar-2006
941330600001,4,NABARANGPUR,NABARANGPUR,GENERAL POA WITHOUT PROPERTY,04-Jan-2006,04-Jan-2006,3290,1,20,04-Jan-2006
940140600018,4,BALESHWAR,SORA,GENERAL POA WITHOUT PROPERTY,27-Nov-2006,27-Nov-2006,0,18,1,27-Nov-2006
940060500159,4,BALESHWAR,BALESHWAR,GENERAL POA WITHOUT PROPERTY,06-Sep-2005,06-Sep-2005,0,159,7,06-Sep-2005
941620400179,4,SAMBALPUR,SAMBALPUR,GENERAL POA WITHOUT PROPERTY,15-Jul-2004,15-Jul-2004,0,179,8,15-Jul-2004
941700500073,4,SUNDARAGADA,SUNDARAGADA,AGREEMENT WITHOUT PROPERTY,20-Dec-2005,20-Dec-2005,0,73,3,20-Dec-2005
941620300053,4,SAMBALPUR,SAMBALPUR,GENERAL POA WITHOUT PROPERTY,10-Apr-2003,10-Apr-2003,0,53,44,10-Apr-2003
940750000050,4,JAGATSINGHPUR,KUJANGA,ADOPTION,08-Aug-2000,08-Aug-2000,0,50,2,08-Aug-2000
941370600079,4,NAYAGADA,NAYAGADA,GENERAL AGREEMENT,11-Sep-2006,11-Sep-2006,0,79,3,11-Sep-2006
941620100166,4,SAMBALPUR,SAMBALPUR,GENERAL POA WITHOUT PROPERTY,26-Nov-2001,26-Nov-2001,0,166,35,26-Nov-2001
941260200088,4,MAYURBHANJ,MAYURBHANJ,GENERAL AGREEMENT,12-Sep-2002,12-Sep-2002,0,88,3,12-Sep-2002
941190200003,4,KORAPUT,KORAPUT,GENERAL POA WITHOUT PROPERTY,14-Feb-2002,14-Feb-2002,0,3,0,14-Feb-2002
940290600001,4,BHADRAK,DHUSURI,ADOPTION,19-May-2006,19-May-2006,0,1,1,19-May-2006
940060500163,4,BALESHWAR,BALESHWAR,GENERAL POA WITHOUT PROPERTY,01-Jan-2005,15-Aug-2005,5000,163,7,15-Aug-2005
940500100062,4,DHENKANAL,DHENKANAL,GENERAL POA WITHOUT PROPERTY,21-Dec-2001,21-Dec-2001,0,62,2,21-Dec-2001
940460300001,4,KATAKA,NIALI,ADOPTION,01-Jan-2003,01-Jan-2003,0,1,1,01-Jan-2003
941190400029,4,KORAPUT,KORAPUT,GENERAL POA WITHOUT PROPERTY,15-Dec-2004,15-Dec-2004,0,29,252,15-Dec-2004
941000100051,4,KENDUJHAR,KENDUJHAR,ADOPTION,11-Dec-2001,11-Dec-2001,0,51,2,11-Dec-2001
941370000005,4,NAYAGADA,NAYAGADA,GENERAL POA WITHOUT PROPERTY,05-Feb-2000,05-Feb-2000,0,5,1,05-Feb-2000
941170200017,4,KORAPUT,JAYAPUR,GENERAL POA WITHOUT PROPERTY,16-Mar-2002,16-Mar-2002,0,17,96,16-Mar-2002
941170500068,4,KORAPUT,JAYAPUR,GENERAL POA WITHOUT PROPERTY,13-Jun-2005,13-Jun-2005,0,68,106,13-Jun-2005
941330200012,4,NABARANGPUR,NABARANGPUR,GENERAL POA WITHOUT PROPERTY,03-Aug-2002,03-Aug-2002,11000,12,16,03-Aug-2002
941370500052,4,NAYAGADA,NAYAGADA,GENERAL POA WITHOUT PROPERTY,01-Aug-2005,01-Aug-2005,0,52,2,01-Aug-2005
940790100013,4,JAJPUR,BARACHANA,BOND WITHOUT PROPERTY,15-May-2001,15-May-2001,50000,13,1,15-May-2001
941700600119,4,SUNDARAGADA,SUNDARAGADA,AGREEMENT WITHOUT PROPERTY,01-Dec-2006,01-Dec-2006,0,119,5,01-Dec-2006
940860600141,4,JHARSUGUDA,JHARSUGUDA,GENERAL POA WITHOUT PROPERTY,11-Sep-2006,11-Sep-2006,0,141,6,11-Sep-2006
941190500026,4,KORAPUT,KORAPUT,GENERAL POA WITHOUT PROPERTY,24-May-2005,24-May-2005,0,26,252,24-May-2005
940930300013,4,KENDRAPADA,KENDRAPADA,GENERAL POA WITHOUT PROPERTY,05-Apr-2003,05-Apr-2003,0,13,1,05-Apr-2003
940310500047,4,BALANGIR,BALANGIR,GENERAL POA WITHOUT PROPERTY,16-Sep-2005,16-Sep-2005,0,47,2,16-Sep-2005
941330500019,4,NABARANGPUR,NABARANGPUR,AGREEMENT WITHOUT PROPERTY,15-Jul-2005,15-Jul-2005,15750,19,2,15-Jul-2005
940070200048,4,BALESHWAR,BALIAPAL,GENERAL POA WITHOUT PROPERTY,10-May-2002,10-May-2002,0,48,2,10-May-2002
940860500108,4,JHARSUGUDA,JHARSUGUDA,GENERAL POA WITHOUT PROPERTY,01-Aug-2005,01-Aug-2005,0,108,5,01-Aug-2005
940070100047,4,BALESHWAR,BALIAPAL,GENERAL AGREEMENT,26-Nov-2001,26-Nov-2001,0,47,1,26-Nov-2001
940400000019,4,KATAKA,ATHAGADA,GENERAL POA WITHOUT PROPERTY,28-Jul-2000,28-Jul-2000,0,19,1,28-Jul-2000
940240500036,4,BHADRAK,BASUDEVPUR,GENERAL POA WITHOUT PROPERTY,09-May-2005,09-May-2005,50,36,3,09-May-2005
941620000008,4,SAMBALPUR,SAMBALPUR,GENERAL POA WITHOUT PROPERTY,15-Jan-2000,15-Jan-2000,0,8,28,15-Jan-2000
940860600033,4,JHARSUGUDA,JHARSUGUDA,GENERAL POA WITHOUT PROPERTY,01-Mar-2006,01-Mar-2006,0,33,2,01-Mar-2006
940250300031,4,BHADRAK,BHANDARIPOKHARI,GENERAL AGREEMENT,29-Jul-2003,29-Jul-2003,0,31,21,29-Jul-2003
941620600365,4,SAMBALPUR,SAMBALPUR,GENERAL POA WITHOUT PROPERTY,05-Nov-2006,05-Nov-2006,0,365,16,05-Nov-2006
940860600035,4,JHARSUGUDA,JHARSUGUDA,GENERAL POA WITHOUT PROPERTY,01-Mar-2006,01-Mar-2006,0,35,2,01-Mar-2006
941620200025,4,SAMBALPUR,SAMBALPUR,GENERAL AGREEMENT,31-Dec-2002,31-Dec-2002,0,25,36,31-Dec-2002
940790600018,4,JAJPUR,BARACHANA,TRUST,19-Apr-2006,19-Apr-2006,0,18,1,19-Apr-2006
941190600008,4,KORAPUT,KORAPUT,GENERAL POA WITHOUT PROPERTY,15-Jul-2006,15-Jul-2006,0,8,263,15-Jul-2006
940310600017,4,BALANGIR,BALANGIR,TRUST,15-May-2006,15-May-2006,0,17,2,15-May-2006
940730000035,4,JAGATSINGHPUR,BALIKUDA,ADOPTION,27-Nov-2000,27-Nov-2000,0,35,1,27-Nov-2000
940060500063,4,BALESHWAR,BALESHWAR,GENERAL POA WITHOUT PROPERTY,04-Apr-2005,04-Apr-2005,100000,63,3,04-Apr-2005
940440400016,4,KATAKA,MAHANGA,ADOPTION,10-Nov-2004,10-Nov-2004,0,16,1,10-Nov-2004
940810200035,4,JAJPUR,DHARMASHALA,GENERAL POA WITHOUT PROPERTY,13-Aug-2002,13-Aug-2002,0,35,2,13-Aug-2002
940720100015,4,JAGATSINGHPUR,JAGATSINGHPUR,GENERAL POA WITHOUT PROPERTY,15-Mar-2001,15-Mar-2001,0,15,1,15-Mar-2001
940860000002,4,JHARSUGUDA,JHARSUGUDA,GENERAL POA WITHOUT PROPERTY,06-Jan-2000,06-Jan-2000,0,2,9,06-Jan-2000
941620400225,4,SAMBALPUR,SAMBALPUR,GENERAL POA WITHOUT PROPERTY,01-Sep-2004,01-Sep-2004,0,225,11,01-Sep-2004
940060600127,4,BALESHWAR,BALESHWAR,AGREEMENT WITHOUT PROPERTY,15-May-2006,15-May-2006,1000,127,7,15-May-2006
940060000195,4,BALESHWAR,BALESHWAR,GENERAL POA WITHOUT PROPERTY,21-Dec-2000,21-Dec-2000,0,195,5,21-Dec-2000
941000500078,4,KENDUJHAR,KENDUJHAR,GENERAL POA WITHOUT PROPERTY,05-Nov-2005,05-Nov-2005,0,78,3,05-Nov-2005
941260600093,4,MAYURBHANJ,MAYURBHANJ,GENERAL POA WITHOUT PROPERTY,01-Jun-2006,01-Jun-2006,0,93,3,01-Jun-2006
940860100026,4,JHARSUGUDA,JHARSUGUDA,GENERAL POA WITHOUT PROPERTY,26-Mar-2001,26-Mar-2001,0,26,1,26-Mar-2001
940500400096,4,DHENKANAL,DHENKANAL,GENERAL POA WITHOUT PROPERTY,30-Dec-2004,30-Dec-2004,0,96,4,30-Dec-2004
940100200065,4,BALESHWAR,JALESWARPUR,GENERAL POA WITHOUT PROPERTY,31-Dec-2002,31-Dec-2002,21400,65,2,31-Dec-2002
941370400071,4,NAYAGADA,NAYAGADA,ADOPTION,01-Oct-2004,01-Oct-2004,0,71,3,01-Oct-2004
941170000027,4,KORAPUT,JAYAPUR,GENERAL POA WITHOUT PROPERTY,20-May-2000,20-May-2000,0,27,92,20-May-2000
940780400061,4,JAJPUR,JAJPUR,GENERAL POA WITHOUT PROPERTY,16-Sep-2004,16-Sep-2004,0,61,2,16-Sep-2004
940860600022,4,JHARSUGUDA,JHARSUGUDA,GENERAL POA WITHOUT PROPERTY,03-Feb-2006,03-Feb-2006,0,22,1,03-Feb-2006
941330100004,4,NABARANGPUR,NABARANGPUR,GENERAL POA WITHOUT PROPERTY,25-Apr-2001,25-Apr-2001,12000,4,15,25-Apr-2001
940830600001,4,JAJPUR,MANSADA,GENERAL POA WITHOUT PROPERTY,09-Jan-2006,09-Jan-2006,0,1,1,09-Jan-2006
940860400094,4,JHARSUGUDA,JHARSUGUDA,GENERAL POA WITHOUT PROPERTY,28-Aug-2004,28-Aug-2004,0,94,5,28-Aug-2004
941260000042,4,MAYURBHANJ,MAYURBHANJ,GENERAL POA WITHOUT PROPERTY,10-May-2000,10-May-2000,0,42,1,10-May-2000
940930300047,4,KENDRAPADA,KENDRAPADA,GENERAL POA WITHOUT PROPERTY,26-Dec-2003,26-Dec-2003,0,47,2,26-Dec-2003
940550200049,4,GAJAPATI,PARALAKHEMUNDI,GENERAL POA WITHOUT PROPERTY,28-Oct-2002,28-Oct-2002,0,49,4,28-Oct-2002
941620400291,4,SAMBALPUR,SAMBALPUR,CANCELLATION OF POA,30-Nov-2004,30-Nov-2004,0,291,13,30-Nov-2004
940880200033,4,KALAHANDI,BHABANIPATANA,GENERAL POA WITHOUT PROPERTY,24-Jul-2002,24-Jul-2002,0,33,11,24-Jul-2002
941670400003,4,SUBARNAPUR,BIRMAHARAJPUR,ADOPTION,30-Jan-2004,30-Jan-2004,0,3,1,30-Jan-2004
940790600047,4,JAJPUR,BARACHANA,GENERAL POA WITHOUT PROPERTY,15-Nov-2006,15-Nov-2006,0,47,2,15-Nov-2006
941620500046,4,SAMBALPUR,SAMBALPUR,GENERAL AGREEMENT,19-Jan-2005,19-Jan-2005,0,46,3,19-Jan-2005
941620200075,4,SAMBALPUR,SAMBALPUR,GENERAL POA WITHOUT PROPERTY,04-Jun-2002,04-Jun-2002,0,75,37,04-Jun-2002
941000400064,4,KENDUJHAR,KENDUJHAR,GENERAL POA WITHOUT PROPERTY,01-Dec-2004,01-Dec-2004,0,64,03,01-Dec-2004
941170000021,4,KORAPUT,JAYAPUR,GENERAL POA WITHOUT PROPERTY,05-May-2000,05-May-2000,0,21,92,05-May-2000
940500600044,4,DHENKANAL,DHENKANAL,GENERAL POA WITHOUT PROPERTY,23-Jun-2006,23-Jun-2006,0,44,2,23-Jun-2006
940820600079,4,JAJPUR,DOLIPUR,GENERAL POA WITHOUT PROPERTY,28-Oct-2006,28-Oct-2006,0,79,3,28-Oct-2006
941620500047,4,SAMBALPUR,SAMBALPUR,GENERAL POA WITHOUT PROPERTY,08-Feb-2005,08-Feb-2005,0,47,3,08-Feb-2005
940820600034,4,JAJPUR,DOLIPUR,GENERAL POA WITHOUT PROPERTY,13-Jun-2006,13-Jun-2006,0,34,1,13-Jun-2006
941260500089,4,MAYURBHANJ,MAYURBHANJ,GENERAL POA WITHOUT PROPERTY,19-May-2005,19-May-2005,0,89,3,19-May-2005
941620400117,4,SAMBALPUR,SAMBALPUR,CANCELLATION OF POA,19-May-2004,19-May-2004,0,117,00,19-May-2004
940230600203,4,BHADRAK,BHADRAK,GENERAL AGREEMENT,25-Nov-2006,25-Nov-2006,0,203,9,25-Nov-2006
941620500020,4,SAMBALPUR,SAMBALPUR,GENERAL POA WITHOUT PROPERTY,24-Jan-2005,24-Jan-2005,0,20,1,24-Jan-2005
940810400055,4,JAJPUR,DHARMASHALA,GENERAL POA WITHOUT PROPERTY,15-Dec-2004,15-Dec-2004,0,55,2,15-Dec-2004
940880200034,4,KALAHANDI,BHABANIPATANA,GENERAL POA WITHOUT PROPERTY,24-Jul-2002,24-Jul-2002,0,34,11,24-Jul-2002
941620200058,4,SAMBALPUR,SAMBALPUR,GENERAL POA WITHOUT PROPERTY,25-Apr-2002,25-Apr-2002,0,58,37,25-Apr-2002
940300000016,4,BHADRAK,TIHIDI,PARTNERSHIP MORE THAN RS.500,21-Nov-2000,21-Nov-2000,0,16,1,21-Nov-2000
940790200013,4,JAJPUR,BARACHANA,DIVORCE WITHOUT PROPERTY,15-Jul-2002,15-Jul-2002,0,13,1,15-Jul-2002
940470500006,4,KATAKA,SALEPUR,GENERAL POA WITHOUT PROPERTY,28-Feb-2005,28-Feb-2005,0,6,1,28-Feb-2005
940930400055,4,KENDRAPADA,KENDRAPADA,GENERAL POA WITHOUT PROPERTY,30-Nov-2004,30-Nov-2004,0,55,2,30-Nov-2004
941170200084,4,KORAPUT,JAYAPUR,GENERAL POA WITHOUT PROPERTY,31-Dec-2002,31-Dec-2002,0,84,98,31-Dec-2002
940010000056,4,ANUGOLA,ANUGOLA,GENERAL POA WITHOUT PROPERTY,27-Apr-2000,21-Dec-2000,0,56,1,21-Dec-2000
940830100001,4,JAJPUR,MANSADA,GENERAL POA WITHOUT PROPERTY,19-Feb-2001,19-Feb-2001,0,1,1,19-Feb-2001
940770300014,4,JAGATSINGHPUR,TIRTOL,ADOPTION,22-Sep-2003,22-Sep-2003,0,14,1,22-Sep-2003
940230600211,4,BHADRAK,BHADRAK,GENERAL POA WITHOUT PROPERTY,01-Dec-2006,01-Dec-2006,0,211,10,01-Dec-2006
941260400073,4,MAYURBHANJ,MAYURBHANJ,GENERAL POA WITHOUT PROPERTY,19-Apr-2004,19-Apr-2004,0,73,2,19-Apr-2004
941170100010,4,KORAPUT,JAYAPUR,GENERAL AGREEMENT,30-Jan-2001,30-Jan-2001,0,10,94,30-Jan-2001
940750100040,4,JAGATSINGHPUR,KUJANGA,GENERAL POA WITHOUT PROPERTY,24-Jul-2001,24-Jul-2001,0,40,1,24-Jul-2001
940070200071,4,BALESHWAR,BALIAPAL,GENERAL POA WITHOUT PROPERTY,15-Jul-2002,15-Jul-2002,0,71,3,15-Jul-2002
941330300011,4,NABARANGPUR,NABARANGPUR,GENERAL POA WITHOUT PROPERTY,11-Mar-2003,11-Mar-2003,0,11,17,11-Mar-2003
940720100026,4,JAGATSINGHPUR,JAGATSINGHPUR,ADOPTION,28-Jul-2001,28-Jul-2001,0,26,1,28-Jul-2001
940880400034,4,KALAHANDI,BHABANIPATANA,GENERAL POA WITHOUT PROPERTY,16-Oct-2004,16-Oct-2004,0,34,14,16-Oct-2004
940860400040,4,JHARSUGUDA,JHARSUGUDA,GENERAL POA WITHOUT PROPERTY,28-May-2004,28-May-2004,0,40,3,28-May-2004
940880100074,4,KALAHANDI,BHABANIPATANA,GENERAL POA WITHOUT PROPERTY,21-Nov-2001,21-Nov-2001,0,74,10,21-Nov-2001
940550600005,4,GAJAPATI,PARALAKHEMUNDI,GENERAL POA WITHOUT PROPERTY,08-Feb-2006,08-Feb-2006,0,5,3,08-Feb-2006
941620400144,4,SAMBALPUR,SAMBALPUR,GENERAL POA WITHOUT PROPERTY,18-Jun-2004,18-Jun-2004,0,144,7,18-Jun-2004
941000500068,4,KENDUJHAR,KENDUJHAR,GENERAL POA WITHOUT PROPERTY,15-Sep-2005,15-Sep-2005,0,68,3,15-Sep-2005
940070200026,4,BALESHWAR,BALIAPAL,GENERAL POA WITHOUT PROPERTY,26-Mar-2002,26-Mar-2002,0,26,1,26-Mar-2002
941700000036,4,SUNDARAGADA,SUNDARAGADA,TRUST,12-Sep-2000,12-Sep-2000,0,36,2,12-Sep-2000
940860500048,4,JHARSUGUDA,JHARSUGUDA,GENERAL POA WITHOUT PROPERTY,28-Mar-2005,28-Mar-2005,0,48,3,28-Mar-2005
940810600042,4,JAJPUR,DHARMASHALA,CANCELLATION OF POA,20-Nov-2006,20-Nov-2006,0,42,2,20-Nov-2006
940250300012,4,BHADRAK,BHANDARIPOKHARI,GENERAL POA WITHOUT PROPERTY,15-Mar-2003,15-Mar-2003,0,12,1,15-Mar-2003
940430200029,4,KATAKA,JAGATPUR,GENERAL POA WITHOUT PROPERTY,04-Jun-2002,04-Jun-2002,0,29,2,04-Jun-2002
940860500109,4,JHARSUGUDA,JHARSUGUDA,GENERAL POA WITHOUT PROPERTY,02-Aug-2005,02-Aug-2005,0,109,5,02-Aug-2005
940240600015,4,BHADRAK,BASUDEVPUR,GENERAL POA WITHOUT PROPERTY,10-Mar-2006,10-Mar-2006,0,15,1,10-Mar-2006
940430600106,4,KATAKA,JAGATPUR,GENERAL POA WITHOUT PROPERTY,01-Sep-2006,01-Sep-2006,0,106,6,01-Sep-2006
941170500114,4,KORAPUT,JAYAPUR,GENERAL POA WITHOUT PROPERTY,10-Nov-2005,10-Nov-2005,0,114,108,10-Nov-2005
940880300007,4,KALAHANDI,BHABANIPATANA,GENERAL POA WITHOUT PROPERTY,31-Mar-2003,31-Mar-2003,0,7,12,31-Mar-2003
940310500015,4,BALANGIR,BALANGIR,GENERAL POA WITHOUT PROPERTY,04-Apr-2005,04-Apr-2005,0,15,1,04-Apr-2005
940860600165,4,JHARSUGUDA,JHARSUGUDA,GENERAL POA WITHOUT PROPERTY,11-Oct-2006,11-Oct-2006,0,165,6,11-Oct-2006
941170600014,4,KORAPUT,JAYAPUR,GENERAL POA WITHOUT PROPERTY,23-Feb-2006,23-Feb-2006,0,14,110,23-Feb-2006
940720000035,4,JAGATSINGHPUR,JAGATSINGHPUR,GENERAL POA WITHOUT PROPERTY,29-Jul-2000,29-Jul-2000,0,35,1,29-Jul-2000
940880500048,4,KALAHANDI,BHABANIPATANA,GENERAL POA WITHOUT PROPERTY,27-Aug-2005,27-Aug-2005,0,48,17,27-Aug-2005
940070600008,4,BALESHWAR,BALIAPAL,GENERAL POA WITHOUT PROPERTY,03-Feb-2006,03-Feb-2006,0,8,01,03-Feb-2006
940290400007,4,BHADRAK,DHUSURI,TRUST,13-Jul-2004,13-Jul-2004,0,7,01,13-Jul-2004
941170500092,4,KORAPUT,JAYAPUR,GENERAL POA WITHOUT PROPERTY,06-Sep-2005,06-Sep-2005,0,92,107,06-Sep-2005
940780100063,4,JAJPUR,JAJPUR,GENERAL POA WITHOUT PROPERTY,26-Nov-2001,26-Nov-2001,0,63,02,26-Nov-2001
941260300088,4,MAYURBHANJ,MAYURBHANJ,GENERAL POA WITHOUT PROPERTY,02-Sep-2003,02-Sep-2003,0,88,3,02-Sep-2003
940780400082,4,JAJPUR,JAJPUR,PARTNERSHIP MORE THAN RS.500,27-Nov-2004,27-Nov-2004,0,82,2,27-Nov-2004
940790500039,4,JAJPUR,BARACHANA,GENERAL POA WITHOUT PROPERTY,26-Oct-2005,26-Oct-2005,0,39,3,26-Oct-2005
940230600003,4,BHADRAK,BHADRAK,GENERAL POA WITHOUT PROPERTY,04-Jan-2006,04-Jan-2006,0,3,1,04-Jan-2006
940880100019,4,KALAHANDI,BHABANIPATANA,GENERAL POA WITHOUT PROPERTY,25-Apr-2001,25-Apr-2001,0,19,9,25-Apr-2001
941260600184,4,MAYURBHANJ,MAYURBHANJ,GENERAL POA WITHOUT PROPERTY,30-Nov-2006,30-Nov-2006,5000,184,5,30-Nov-2006
940310500023,4,BALANGIR,BALANGIR,GENERAL POA WITHOUT PROPERTY,29-Apr-2005,29-Apr-2005,0,23,1,29-Apr-2005
940820600095,4,JAJPUR,DOLIPUR,GENERAL POA WITHOUT PROPERTY,30-Dec-2006,30-Dec-2006,0,95,3,30-Dec-2006
940780000051,4,JAJPUR,JAJPUR,GENERAL POA WITHOUT PROPERTY,16-Nov-2000,16-Nov-2000,0,51,2,16-Nov-2000
940990400006,4,KENDRAPADA,KANIKA,ADOPTION,19-May-2004,19-May-2004,0,6,1,19-May-2004
941000000039,4,KENDUJHAR,KENDUJHAR,PARTNERSHIP MORE THAN RS.500,27-Oct-2000,27-Oct-2000,0,39,1,27-Oct-2000
940410600010,4,KATAKA,BANKI,ADOPTION,18-Jul-2006,18-Jul-2006,0,10,1,18-Jul-2006
940410200045,4,KATAKA,BANKI,GENERAL POA WITHOUT PROPERTY,21-Nov-2002,21-Nov-2002,0,45,3,21-Nov-2002
941580500137,4,RAYAGADA,RAYAGADA,POA WITHOUT POSSESSION,26-Oct-2005,26-Oct-2005,0,137,0,26-Oct-2005
941330500029,4,NABARANGPUR,NABARANGPUR,GENERAL POA WITHOUT PROPERTY,16-Sep-2005,16-Sep-2005,25000,29,2,16-Sep-2005
940860600018,4,JHARSUGUDA,JHARSUGUDA,GENERAL POA WITHOUT PROPERTY,19-Jan-2006,19-Jan-2006,0,18,1,19-Jan-2006
941179900055,4,KORAPUT,JAYAPUR,GENERAL POA WITHOUT PROPERTY,05-Feb-2000,05-Feb-2000,0,55,92,05-Feb-2000
941370100003,4,NAYAGADA,NAYAGADA,GENERAL POA WITHOUT PROPERTY,05-Jan-2001,05-Jan-2001,0,3,1,05-Jan-2001
940240600037,4,BHADRAK,BASUDEVPUR,GENERAL POA WITHOUT PROPERTY,24-Apr-2006,24-Apr-2006,0,37,2,24-Apr-2006
941170600018,4,KORAPUT,JAYAPUR,GENERAL POA WITHOUT PROPERTY,23-Feb-2006,23-Feb-2006,0,18,110,23-Feb-2006
940860600089,4,JHARSUGUDA,JHARSUGUDA,GENERAL POA WITHOUT PROPERTY,23-Jun-2006,23-Jun-2006,0,89,4,23-Jun-2006
940760500001,4,JAGATSINGHPUR,RAGHUNATHPUR,GENERAL AGREEMENT,24-Jan-2005,24-Jan-2005,0,1,1,24-Jan-2005
941330400015,4,NABARANGPUR,NABARANGPUR,GENERAL POA WITHOUT PROPERTY,01-Jun-2004,01-Jun-2004,6250,15,18,01-Jun-2004
940880500006,4,KALAHANDI,BHABANIPATANA,GENERAL POA WITHOUT PROPERTY,24-Jan-2005,24-Jan-2005,0,6,15,24-Jan-2005
940010300002,4,ANUGOLA,ANUGOLA,GENERAL POA WITHOUT PROPERTY,01-Jan-2003,01-Jan-2003,0,2,1,01-Jan-2003
940060400040,4,BALESHWAR,BALESHWAR,GENERAL POA WITHOUT PROPERTY,10-Mar-2004,10-Mar-2004,0,40,2,10-Mar-2004
941170600057,4,KORAPUT,JAYAPUR,GENERAL POA WITHOUT PROPERTY,03-Jun-2006,03-Jun-2006,0,57,111,03-Jun-2006
940790600036,4,JAJPUR,BARACHANA,GENERAL POA WITHOUT PROPERTY,27-Sep-2006,27-Sep-2006,0,36,2,27-Sep-2006
941030600007,4,KENDUJHAR,BADABIL,GENERAL POA WITHOUT PROPERTY,01-Feb-2006,01-Feb-2006,0,7,1,01-Feb-2006
940790300016,4,JAJPUR,BARACHANA,CANCELLATION OF POA,13-Aug-2003,13-Aug-2003,0,16,1,13-Aug-2003
940480600002,4,KATAKA,TIGIRIA,GENERAL POA WITHOUT PROPERTY,23-Feb-2006,23-Feb-2006,0,2,1,23-Feb-2006
940240100029,4,BHADRAK,BASUDEVPUR,GENERAL AGREEMENT,21-Dec-2001,21-Dec-2001,167500,29,2,21-Dec-2001
940270600050,4,BHADRAK,CHANDBALI,GENERAL POA WITHOUT PROPERTY,27-Nov-2006,27-Nov-2006,0,50,3,27-Nov-2006
941190100007,4,KORAPUT,KORAPUT,GENERAL POA WITHOUT PROPERTY,01-Sep-2001,01-Sep-2001,0,7,73,01-Sep-2001
940270200006,4,BHADRAK,CHANDBALI,GENERAL POA WITHOUT PROPERTY,09-Jul-2002,09-Jul-2002,0,6,1,09-Jul-2002
940880500011,4,KALAHANDI,BHABANIPATANA,GENERAL POA WITHOUT PROPERTY,08-Feb-2005,08-Feb-2005,0,11,15,08-Feb-2005
940860200078,4,JHARSUGUDA,JHARSUGUDA,GENERAL POA WITHOUT PROPERTY,27-Nov-2002,27-Nov-2002,0,78,3,27-Nov-2002
941170500019,4,KORAPUT,JAYAPUR,GENERAL POA WITHOUT PROPERTY,01-Jan-2005,01-Jan-2005,0,19,10,01-Jan-2005
941260600110,4,MAYURBHANJ,MAYURBHANJ,GENERAL POA WITHOUT PROPERTY,28-Jun-2006,28-Jun-2006,0,110,3,28-Jun-2006
941370600029,4,NAYAGADA,NAYAGADA,GENERAL POA WITHOUT PROPERTY,19-Apr-2006,19-Apr-2006,0,29,1,19-Apr-2006
940060500013,4,BALESHWAR,BALESHWAR,GENERAL POA WITHOUT PROPERTY,19-Jan-2005,19-Jan-2005,24000,13,1,19-Jan-2005
941170600128,4,KORAPUT,JAYAPUR,GENERAL POA WITHOUT PROPERTY,23-Feb-2006,23-Feb-2006,0,128,144,23-Feb-2006
940860500149,4,JHARSUGUDA,JHARSUGUDA,GENERAL POA WITHOUT PROPERTY,06-Oct-2005,06-Oct-2005,0,149,6,06-Oct-2005
940860200061,4,JHARSUGUDA,JHARSUGUDA,GENERAL POA WITHOUT PROPERTY,24-Jul-2002,24-Jul-2002,0,61,2,24-Jul-2002
940090000029,4,BALESHWAR,JALESWAR,GENERAL POA WITHOUT PROPERTY,16-Dec-2000,16-Dec-2000,0,29,2,16-Dec-2000
941170600086,4,KORAPUT,JAYAPUR,TRUST,21-Sep-2006,21-Sep-2006,1000,86,113,21-Sep-2006
940740100008,4,JAGATSINGHPUR,DEBIDOL,GENERAL AGREEMENT,26-Mar-2001,26-Mar-2001,0,8,1,26-Mar-2001
941170500011,4,KORAPUT,JAYAPUR,GENERAL POA WITHOUT PROPERTY,01-Feb-2005,01-Feb-2005,0,11,104,01-Feb-2005
940460400032,4,KATAKA,NIALI,GENERAL POA WITHOUT PROPERTY,20-Dec-2004,20-Dec-2004,0,32,01,20-Dec-2004
940550500048,4,GAJAPATI,PARALAKHEMUNDI,GENERAL POA WITHOUT PROPERTY,12-Aug-2005,12-Aug-2005,0,48,2,12-Aug-2005
941180000002,4,KORAPUT,BARIGUMA,GENERAL POA WITHOUT PROPERTY,01-Jan-2000,20-May-2000,0,2,2,20-May-2000
940310500036,4,BALANGIR,BALANGIR,GENERAL POA WITHOUT PROPERTY,18-Jul-2005,18-Jul-2005,0,36,2,18-Jul-2005
940090200014,4,BALESHWAR,JALESWAR,GENERAL POA WITHOUT PROPERTY,25-Apr-2002,25-Apr-2002,0,14,2,25-Apr-2002
940060600035,4,BALESHWAR,BALESHWAR,POA WITHOUT POSSESSION,18-Feb-2006,18-Feb-2006,0,35,2,18-Feb-2006
940550600056,4,GAJAPATI,PARALAKHEMUNDI,GENERAL POA WITHOUT PROPERTY,06-Sep-2006,06-Sep-2006,0,56,3,06-Sep-2006
940860600023,4,JHARSUGUDA,JHARSUGUDA,GENERAL POA WITHOUT PROPERTY,08-Feb-2006,08-Feb-2006,0,23,1,08-Feb-2006
940070200008,4,BALESHWAR,BALIAPAL,GENERAL AGREEMENT,28-Jan-2002,28-Jan-2002,0,8,1,28-Jan-2002
941660100012,4,SUBARNAPUR,SONPUR,GENERAL POA WITHOUT PROPERTY,21-Mar-2001,21-Mar-2001,0,12,1,21-Mar-2001
941170100043,4,KORAPUT,JAYAPUR,GENERAL POA WITHOUT PROPERTY,09-Jul-2001,09-Jul-2001,0,43,95,09-Jul-2001
940780100048,4,JAJPUR,JAJPUR,GENERAL POA WITHOUT PROPERTY,29-Jun-2001,29-Jun-2001,0,48,02,29-Jun-2001
940430600053,4,KATAKA,JAGATPUR,GENERAL POA WITHOUT PROPERTY,24-Apr-2006,24-Apr-2006,0,53,3,24-Apr-2006
940940200008,4,KENDRAPADA,AALI,GENERAL POA WITHOUT PROPERTY,06-Nov-2002,06-Nov-2002,0,8,1,06-Nov-2002
940550200003,4,GAJAPATI,PARALAKHEMUNDI,GENERAL POA WITHOUT PROPERTY,30-Jan-2002,30-Jan-2002,0,3,2,30-Jan-2002
940550200029,4,GAJAPATI,PARALAKHEMUNDI,GENERAL POA WITHOUT PROPERTY,28-May-2002,28-May-2002,0,29,2,28-May-2002
940860600040,4,JHARSUGUDA,JHARSUGUDA,GENERAL POA WITHOUT PROPERTY,20-Mar-2006,20-Mar-2006,0,40,2,20-Mar-2006
940100100031,4,BALESHWAR,JALESWARPUR,GENERAL POA WITHOUT PROPERTY,28-May-2001,28-May-2001,0,31,1,28-May-2001
940810500016,4,JAJPUR,DHARMASHALA,GENERAL POA WITHOUT PROPERTY,15-Apr-2005,15-Apr-2005,0,16,2,15-Apr-2005
941000100017,4,KENDUJHAR,KENDUJHAR,GENERAL POA WITHOUT PROPERTY,01-Apr-2001,01-Apr-2001,0,17,1,01-Apr-2001
940940100010,4,KENDRAPADA,AALI,GENERAL POA WITHOUT PROPERTY,19-Jun-2001,19-Jun-2001,0,10,1,19-Jun-2001
940060400147,4,BALESHWAR,BALESHWAR,GENERAL POA WITHOUT PROPERTY,02-Aug-2004,02-Aug-2004,50000,147,7,02-Aug-2004
940090300008,4,BALESHWAR,JALESWAR,TRUST,28-May-2003,28-May-2003,1000,8,1,28-May-2003
941580600139,4,RAYAGADA,RAYAGADA,GENERAL POA WITHOUT PROPERTY,19-May-2006,19-May-2006,0,139,45,19-May-2006
941170300002,4,KORAPUT,JAYAPUR,GENERAL POA WITHOUT PROPERTY,14-Feb-2003,14-Feb-2003,0,2,99,14-Feb-2003
941170100078,4,KORAPUT,JAYAPUR,GENERAL POA WITHOUT PROPERTY,22-Oct-2001,22-Oct-2001,0,78,95,22-Oct-2001
940760400019,4,JAGATSINGHPUR,RAGHUNATHPUR,GENERAL POA WITHOUT PROPERTY,27-Sep-2004,27-Sep-2004,0,19,1,27-Sep-2004
940070200108,4,BALESHWAR,BALIAPAL,GENERAL POA WITHOUT PROPERTY,21-Dec-2002,21-Dec-2002,0,108,5,21-Dec-2002
940960000003,4,KENDRAPADA,MARSAGHAI,GENERAL POA WITHOUT PROPERTY,23-Aug-2000,23-Aug-2000,0,3,1,23-Aug-2000
940090100036,4,BALESHWAR,JALESWAR,GENERAL POA WITHOUT PROPERTY,22-Oct-2001,22-Oct-2001,0,36,2,22-Oct-2001
940500500056,4,DHENKANAL,DHENKANAL,GENERAL POA WITHOUT PROPERTY,15-Sep-2005,15-Sep-2005,0,56,3,15-Sep-2005
941700600018,4,SUNDARAGADA,SUNDARAGADA,AGREEMENT WITHOUT PROPERTY,15-Feb-2006,15-Feb-2006,0,18,1,15-Feb-2006
941260600018,4,MAYURBHANJ,MAYURBHANJ,GENERAL POA WITHOUT PROPERTY,24-Jan-2006,24-Jan-2006,0,18,1,24-Jan-2006
941660600060,4,SUBARNAPUR,SONPUR,PARTNERSHIP MORE THAN RS.500,28-Oct-2006,28-Oct-2006,0,60,3,28-Oct-2006
940780500041,4,JAJPUR,JAJPUR,GENERAL POA WITHOUT PROPERTY,18-Jun-2005,18-Jun-2005,0,41,1,18-Jun-2005
941420500014,4,NUAPADA,NUAPADA,GENERAL POA WITHOUT PROPERTY,26-Sep-2005,26-Sep-2005,0,14,6,26-Sep-2005
940240200009,4,BHADRAK,BASUDEVPUR,CANCELLATION OF POA,20-Feb-2002,20-Feb-2002,0,9,1,20-Feb-2002
940060400101,4,BALESHWAR,BALESHWAR,GENERAL POA WITHOUT PROPERTY,01-Jan-2004,01-Jan-2004,0,101,15,01-Jan-2004
940310000029,4,BALANGIR,BALANGIR,GENERAL POA WITHOUT PROPERTY,01-Aug-2000,01-Aug-2000,0,29,2,01-Aug-2000
941370100067,4,NAYAGADA,NAYAGADA,GENERAL AGREEMENT,01-Nov-2001,01-Nov-2001,0,67,2,01-Nov-2001
940720500019,4,JAGATSINGHPUR,JAGATSINGHPUR,GENERAL POA WITHOUT PROPERTY,28-Jul-2005,28-Jul-2005,0,19,1,28-Jul-2005
941170100028,4,KORAPUT,JAYAPUR,GENERAL POA WITHOUT PROPERTY,15-Mar-2001,15-Mar-2001,0,28,94,15-Mar-2001
940310500030,4,BALANGIR,BALANGIR,GENERAL POA WITHOUT PROPERTY,03-Jun-2005,03-Jun-2005,0,30,2,03-Jun-2005
941220400022,4,KORAPUT,NANDPUR(POTTANGI),POA WITHOUT POSSESSION,20-Nov-2004,20-Nov-2004,0,22,2,20-Nov-2004
940500600021,4,DHENKANAL,DHENKANAL,GENERAL POA WITHOUT PROPERTY,18-Feb-2006,18-Feb-2006,0,21,1,18-Feb-2006
941260400138,4,MAYURBHANJ,MAYURBHANJ,GENERAL POA WITHOUT PROPERTY,01-Oct-2004,01-Oct-2004,0,138,4,01-Oct-2004
940270400009,4,BHADRAK,CHANDBALI,GENERAL POA WITHOUT PROPERTY,17-Aug-2004,17-Aug-2004,0,9,23,17-Aug-2004
941370500040,4,NAYAGADA,NAYAGADA,GENERAL POA WITHOUT PROPERTY,27-Jun-2005,27-Jun-2005,0,40,2,27-Jun-2005
940080200004,4,BALESHWAR,BASTA,GENERAL POA WITHOUT PROPERTY,06-Mar-2002,06-Mar-2002,0,4,1,06-Mar-2002
940940000005,4,KENDRAPADA,AALI,GENERAL POA WITHOUT PROPERTY,09-Jun-2000,09-Jun-2000,0,5,1,09-Jun-2000
940500600108,4,DHENKANAL,DHENKANAL,GENERAL POA WITHOUT PROPERTY,30-Dec-2006,30-Dec-2006,0,108,4,30-Dec-2006
940550200021,4,GAJAPATI,PARALAKHEMUNDI,GENERAL POA WITHOUT PROPERTY,01-May-2002,01-May-2002,0,21,2,01-May-2002
941330500018,4,NABARANGPUR,NABARANGPUR,AGREEMENT WITHOUT PROPERTY,15-Jul-2005,15-Jul-2005,105000,18,2,15-Jul-2005
941670300015,4,SUBARNAPUR,BIRMAHARAJPUR,ADOPTION,13-Aug-2003,13-Aug-2003,0,15,1,13-Aug-2003
941680000004,4,SUBARNAPUR,BINIKA,ADOPTION,01-Nov-2000,01-Nov-2000,0,4,1,01-Nov-2000
940750600064,4,JAGATSINGHPUR,KUJANGA,GENERAL POA WITHOUT PROPERTY,15-Jul-2006,15-Jul-2006,0,64,3,15-Jul-2006
940940100008,4,KENDRAPADA,AALI,GENERAL POA WITHOUT PROPERTY,15-May-2001,15-May-2001,0,8,1,15-May-2001
941700600013,4,SUNDARAGADA,SUNDARAGADA,AGREEMENT WITHOUT PROPERTY,03-Feb-2006,03-Feb-2006,0,13,1,03-Feb-2006
940820600096,4,JAJPUR,DOLIPUR,GENERAL POA WITHOUT PROPERTY,30-Dec-2006,30-Dec-2006,0,96,3,30-Dec-2006
941190400021,4,KORAPUT,KORAPUT,GENERAL POA WITHOUT PROPERTY,15-Sep-2004,15-Sep-2004,0,21,73,15-Sep-2004
940240600059,4,BHADRAK,BASUDEVPUR,GENERAL POA WITHOUT PROPERTY,24-May-2006,24-May-2006,0,59,3,24-May-2006
940070300004,4,BALESHWAR,BALIAPAL,GENERAL POA WITHOUT PROPERTY,20-Jan-2003,20-Jan-2003,0,4,1,20-Jan-2003
940550500049,4,GAJAPATI,PARALAKHEMUNDI,GENERAL POA WITHOUT PROPERTY,17-Aug-2005,17-Aug-2005,0,49,2,17-Aug-2005
941220400001,4,KORAPUT,NANDPUR(POTTANGI),POA WITHOUT POSSESSION,05-Jan-2004,05-Jan-2004,0,1,10,05-Jan-2004
941370200026,4,NAYAGADA,NAYAGADA,GENERAL AGREEMENT,19-Jun-2002,19-Jun-2002,0,26,1,19-Jun-2002
940790600015,4,JAJPUR,BARACHANA,GENERAL POA WITHOUT PROPERTY,28-Mar-2006,28-Mar-2006,0,15,1,28-Mar-2006
940240500050,4,BHADRAK,BASUDEVPUR,GENERAL POA WITHOUT PROPERTY,27-Jun-2005,27-Jun-2005,0,50,3,27-Jun-2005
941170400054,4,KORAPUT,JAYAPUR,TRUST,20-Dec-2004,20-Dec-2004,0,54,102,20-Dec-2004
940060300121,4,BALESHWAR,BALESHWAR,GENERAL POA WITHOUT PROPERTY,17-Oct-2003,17-Oct-2003,0,121,6,17-Oct-2003
941260400113,4,MAYURBHANJ,MAYURBHANJ,GENERAL POA WITHOUT PROPERTY,01-Jul-2004,01-Jul-2004,2000,113,3,01-Jul-2004
941260400139,4,MAYURBHANJ,MAYURBHANJ,GENERAL POA WITHOUT PROPERTY,01-Oct-2004,01-Oct-2004,0,139,4,01-Oct-2004
940930600053,4,KENDRAPADA,KENDRAPADA,TRUST,25-Nov-2006,25-Nov-2006,0,53,2,25-Nov-2006
941260600151,4,MAYURBHANJ,MAYURBHANJ,GENERAL AGREEMENT,16-Sep-2006,16-Sep-2006,0,151,4,16-Sep-2006
941220200013,4,KORAPUT,NANDPUR(POTTANGI),GENERAL POA WITHOUT PROPERTY,02-Sep-2002,02-Sep-2002,0,13,2,02-Sep-2002
940730000034,4,JAGATSINGHPUR,BALIKUDA,ADOPTION,27-Nov-2000,27-Nov-2000,0,34,1,27-Nov-2000
940280000002,4,BHADRAK,DHAMNAGAR,GENERAL POA WITHOUT PROPERTY,28-Mar-2000,28-Mar-2000,0,2,1,28-Mar-2000
941170000091,4,KORAPUT,JAYAPUR,GENERAL POA WITHOUT PROPERTY,20-Feb-2000,20-Feb-2000,0,91,94,20-Feb-2000
940070300041,4,BALESHWAR,BALIAPAL,GENERAL POA WITHOUT PROPERTY,14-Jul-2003,14-Jul-2003,0,41,2,14-Jul-2003
941000500051,4,KENDUJHAR,KENDUJHAR,GENERAL POA WITHOUT PROPERTY,15-Jul-2005,15-Jul-2005,0,51,3,15-Jul-2005
940780500020,4,JAJPUR,JAJPUR,GENERAL POA WITHOUT PROPERTY,01-Mar-2005,01-Mar-2005,1000,20,1,01-Mar-2005
940750000009,4,JAGATSINGHPUR,KUJANGA,PARTNERSHIP MORE THAN RS.500,21-Jan-2000,21-Jan-2000,10000,9,1,21-Jan-2000
940830200002,4,JAJPUR,MANSADA,GENERAL POA WITHOUT PROPERTY,20-Apr-2002,20-Apr-2002,0,2,1,20-Apr-2002
941260400095,4,MAYURBHANJ,MAYURBHANJ,GENERAL AGREEMENT,03-Jun-2004,03-Jun-2004,1500,95,3,03-Jun-2004
940720500005,4,JAGATSINGHPUR,JAGATSINGHPUR,GENERAL AGREEMENT,28-Feb-2005,28-Feb-2005,1000,5,1,28-Feb-2005
940260600003,4,BHADRAK,BANTA,GENERAL POA WITHOUT PROPERTY,10-Nov-2006,10-Nov-2006,0,3,1,10-Nov-2006
940370000006,4,BOUDH,BOUDH,GENERAL AGREEMENT,05-Feb-2000,05-Feb-2000,0,6,1,05-Feb-2000
941260600183,4,MAYURBHANJ,MAYURBHANJ,GENERAL AGREEMENT,27-Nov-2006,27-Nov-2006,1000,183,158,27-Nov-2006
940500300060,4,DHENKANAL,DHENKANAL,CANCELLATION OF POA,06-Dec-2003,06-Dec-2003,0,60,3,06-Dec-2003
940760100026,4,JAGATSINGHPUR,RAGHUNATHPUR,TRUST,26-Nov-2001,26-Nov-2001,0,26,1,26-Nov-2001
940500600103,4,DHENKANAL,DHENKANAL,GENERAL POA WITHOUT PROPERTY,20-Nov-2006,20-Nov-2006,0,103,4,20-Nov-2006
941000500097,4,KENDUJHAR,KENDUJHAR,PARTNERSHIP MORE THAN RS.500,20-Nov-2005,20-Nov-2005,0,97,4,20-Nov-2005
941700400008,4,SUNDARAGADA,SUNDARAGADA,TRUST,09-Feb-2004,09-Feb-2004,0,8,1,09-Feb-2004
940090300004,4,BALESHWAR,JALESWAR,GENERAL POA WITHOUT PROPERTY,01-Jan-2003,01-Jan-2003,0,4,1,01-Jan-2003
940060400073,4,BALESHWAR,BALESHWAR,GENERAL POA WITHOUT PROPERTY,15-Apr-2004,15-Apr-2004,0,73,4,15-Apr-2004
941170300021,4,KORAPUT,JAYAPUR,GENERAL POA WITHOUT PROPERTY,28-May-2003,28-May-2003,0,21,99,28-May-2003
941580000012,4,RAYAGADA,RAYAGADA,POA WITHOUT POSSESSION,01-Feb-2000,01-Feb-2000,0,12,30,01-Feb-2000
941170400029,4,KORAPUT,JAYAPUR,GENERAL POA WITHOUT PROPERTY,29-Apr-2004,29-Apr-2004,0,29,101,29-Apr-2004
941670000016,4,SUBARNAPUR,BIRMAHARAJPUR,ADOPTION,22-Sep-2000,22-Sep-2000,0,16,1,22-Sep-2000
